<!--graylog日志简单版udp协议配置-->
<!--<configuration>-->

<!--    <appender name="GELF" class="de.siegmar.logbackgelf.GelfUdpAppender">-->
<!--        <graylogHost>119.23.186.31</graylogHost>-->
<!--        <graylogPort>12201</graylogPort>-->
<!--    </appender>-->

<!--    <root level="debug">-->
<!--        <appender-ref ref="GELF" />-->
<!--    </root>-->

<!--</configuration>-->

<!--graylog日志高级版udp协议配置-->
<configuration>
    <!-- 配置控制台的输出日志 -->
    <appender name="console" class="ch.qos.logback.core.ConsoleAppender">
        <encoder>
            <pattern>%d{HH:mm:ss.SSS} [%thread] %-5level %logger{36} - %msg%n</pattern>
        </encoder>
    </appender>

    <!-- 配置的输出日志自动保存 -->
    <appender name="FILE" class="ch.qos.logback.core.rolling.RollingFileAppender">
        <!--        <file>mtsass.txt</file>-->
        <!--        <file>/root/myrcib/config/</file>-->
        <rollingPolicy class="ch.qos.logback.core.rolling.TimeBasedRollingPolicy">
            <!-- rollover daily -->
                        <fileNamePattern>/myrcib/msg/msg-%d{yyyy-MM-dd}.log</fileNamePattern><!-- Linux环境地址-->
<!--            <fileNamePattern>D:\opt\myrcib\config\config-%d{yyyy-MM-dd_HH}.log</fileNamePattern>&lt;!&ndash; windows环境地址&ndash;&gt;-->
            <!-- each file should be at most 100MB, keep 60 days worth of history, but at most 20GB -->
            <!--            <maxFileSize>100MB</maxFileSize> -->
            <!--            <maxHistory>60</maxHistory>-->
            <!--            <totalSizeCap>20GB</totalSizeCap>-->
            <!--                <maxHistory>60</maxHistory>日志保留60天-->
        </rollingPolicy>
        <encoder>
            <pattern>%d{HH:mm:ss.SSS} [%thread] %-5level %logger{36} - %msg%n</pattern>
        </encoder>
    </appender>

    <appender name="GELF" class="de.siegmar.logbackgelf.GelfUdpAppender">
        <graylogHost>119.23.186.31</graylogHost>
        <graylogPort>12201</graylogPort>
        <maxChunkSize>508</maxChunkSize>
        <useCompression>true</useCompression>
        <layout class="de.siegmar.logbackgelf.GelfLayout">
            <!--                <originHost>localhost</originHost>-->
            <includeRawMessage>false</includeRawMessage>
            <includeMarker>true</includeMarker>
            <includeMdcData>true</includeMdcData>
            <includeCallerData>false</includeCallerData>
            <includeRootCauseData>false</includeRootCauseData>
            <includeLevelName>true</includeLevelName>
            <shortPatternLayout class="ch.qos.logback.classic.PatternLayout">
                <!--                    <pattern>%m%nopex</pattern>-->
                <pattern>%d - %m%nopex</pattern>
            </shortPatternLayout>
            <fullPatternLayout class="ch.qos.logback.classic.PatternLayout">
                <!--                    <pattern>%m</pattern>-->
                <pattern>%d - %m%n</pattern>
            </fullPatternLayout>
            <staticField>app_name:msg_prod</staticField>
            <staticField>os_arch:${os.arch}</staticField>
            <staticField>os_name:${os.name}</staticField>
            <staticField>os_version:${os.version}</staticField>
        </layout>
    </appender>

    <root level="info">
        <!--        <root level="debug">-->
        <appender-ref ref="GELF" />
        <appender-ref ref="console" />
        <appender-ref ref="FILE" />
    </root>

</configuration>