<?xml version="1.0" encoding="UTF-8" ?>
<!DOCTYPE mapper PUBLIC "-//mybatis.org//DTD Mapper 3.0//EN" "http://mybatis.org/dtd/mybatis-3-mapper.dtd" >
<mapper namespace="com.cmw.dao.AttachmentDaoInter" >
  <resultMap id="BaseResultMap" type="com.cmw.entity.AttachmentEntity" >
  	<id column="id" property="id" jdbcType="BIGINT" />
	<!-- 排序 -->
	<result column="orderNo" property="orderNo" jdbcType="INTEGER"/>
	<!-- 是否置顶 -->
	<result column="isTop" property="isTop" jdbcType="INTEGER"/>
	<!-- 文件大小 -->
	<result column="fileSize" property="fileSize" jdbcType="BIGINT"/>
	<!-- 文件路径 -->
	<result column="filePath" property="filePath" jdbcType="VARCHAR"/>
	<!-- 原文件名称 -->
	<result column="fileName" property="fileName" jdbcType="VARCHAR"/>
	<!-- 附件类型 -->
	<result column="atype" property="atype" jdbcType="INTEGER"/>
	<!-- 业务单ID -->
	<result column="formId" property="formId" jdbcType="VARCHAR"/>
	<!-- 业务类型 -->
	<result column="formType" property="formType" jdbcType="INTEGER"/>
	<!-- 系统Id -->
	<result column="sysId" property="sysId" jdbcType="BIGINT"/>
	<!-- 创建人 -->
	<result column="creator" property="creator" jdbcType="BIGINT"/>
	<!-- 创建时间 -->
	<result column="createTime" property="createTime" jdbcType="TIMESTAMP"/>
	<!-- 创建机构 -->
	<result column="orgid" property="orgid" jdbcType="BIGINT"/>
	<!-- 创建部门 -->
	<result column="deptId" property="deptId" jdbcType="BIGINT"/>
	<!-- 可用标识 -->
	<result column="isenabled" property="isenabled" jdbcType="TINYINT"/>
	<!-- 修改日期 -->
	<result column="modifytime" property="modifytime" jdbcType="TIMESTAMP"/>
	<!-- 修改人 -->
	<result column="modifier" property="modifier" jdbcType="BIGINT"/>
	<!-- 备注 -->
	<result column="remark" property="remark" jdbcType="VARCHAR"/>

  </resultMap>
  <sql id="Base_Column_List" >
 	id,orderNo,isTop,fileSize,filePath,fileName,atype,formId,formType,sysId,creator,createTime,orgid,deptId,isenabled,modifytime,modifier,remark
   <!-- id, name, age, phone-->
  </sql>
  
  <select id="get" resultMap="BaseResultMap" parameterType="java.lang.Long">
   	select 
   	 <include refid="Base_Column_List" />
    from ts_Attachment
    where id = #{id,jdbcType=INTEGER}
  </select>

	<!-- 根据附件ID查询文件路径 -->
	<select id="getFilePathsByIds" resultType="String">
		select filePath from ts_attachment where isenabled=1 and id in
		<foreach collection="array" item="id" index="index" open="(" close=")" separator=",">
			#{id}
		</foreach>

	</select>


	<select id="getByPars" resultMap="BaseResultMap">
   	select 
   	 <include refid="Base_Column_List" />
    from ts_Attachment where 1=1
      <!--
          <if test="name != null" >
            and name like '%' || #{name,jdbcType=VARCHAR} || '%'
         </if>
          <if test="age != null" >
           and age = #{age}
         </if>
        -->
  </select>
  
   <select id="getList" resultMap="BaseResultMap">
   	select 
   	 <include refid="Base_Column_List" />
    from ts_Attachment where 1=1 
    <!-- 
     <if test="name != null" >
         and name like '%' || #{name,jdbcType=VARCHAR} || '%'
      </if>
       <if test="age != null" >
        and age = #{age}
      </if>
     -->
  </select>
  
  <select id="getListMap" resultType="java.util.HashMap">
   	 select 
   	 <include refid="Base_Column_List" />
     from ts_Attachment where 1=1 
     <!-- 
   	 <if test="name != null" >
         and name like '%' || #{name,jdbcType=VARCHAR} || '%'
      </if>
       <if test="age != null" >
        and age = #{age}
      </if>
     -->
  </select>
  
  
  <select id="getListAll" resultMap="BaseResultMap">
   	select 
   	 <include refid="Base_Column_List" />
    from ts_Attachment where 1=1 
  </select>
  
  
  <select id="getPageByPars" resultMap="BaseResultMap">
   	select 
   	 <include refid="Base_Column_List" />
    from ts_Attachment where 1=1 
      <!-- 
   	  <if test="name != null" >
         and name like '%' || #{name,jdbcType=VARCHAR} || '%'
      </if>
       <if test="age != null" >
        and age = #{age}
      </if>
     -->
       order by id desc 
        <if test="offset!=null and pageSize!=null">  
	        limit #{offset},#{pageSize}
	    </if>
  </select>
  
  <!-- 获取总记录数 -->
  <select id="getTotals" resultType="java.lang.Long">
   	select count(1) as totalCount from ts_Attachment where 1=1 
  </select>
  
   <!-- 根据参数获取总记录数 -->
  <select id="getTotalsByPars" resultType="java.lang.Long" parameterType="java.util.Map">
   	select count(1) as totalCount from ts_Attachment where 1=1 
   	 <!-- 
     <if test="name != null" >
         and name like '%' || #{name,jdbcType=VARCHAR} || '%'
      </if>
       <if test="age != null" >
        and age = #{age}
      </if>
     -->
  </select>
  
  
  <!-- 获取最大ID -->
  <select id="getMaxID"  resultType="java.lang.Long">
   	select max(id) as maxId from ts_Attachment where 1=1 
  </select>

  
   <update id="updateByPars" parameterType="map">
    update ts_Attachment
    <set>
     			<!-- 排序 -->
		<if test="orderNo != null" >
		  orderNo = #{orderNo,jdbcType=INTEGER},
		</if>
		<!-- 是否置顶 -->
		<if test="isTop != null" >
		  isTop = #{isTop,jdbcType=INTEGER},
		</if>
		<!-- 文件大小 -->
		<if test="fileSize != null" >
		  fileSize = #{fileSize,jdbcType=BIGINT},
		</if>
		<!-- 文件路径 -->
		<if test="filePath != null" >
		  filePath = #{filePath,jdbcType=VARCHAR},
		</if>
		<!-- 原文件名称 -->
		<if test="fileName != null" >
		  fileName = #{fileName,jdbcType=VARCHAR},
		</if>
		<!-- 附件类型 -->
		<if test="atype != null" >
		  atype = #{atype,jdbcType=INTEGER},
		</if>
		<!-- 业务单ID -->
		<if test="formId != null" >
		  formId = #{formId,jdbcType=VARCHAR},
		</if>
		<!-- 业务类型 -->
		<if test="formType != null" >
		  formType = #{formType,jdbcType=INTEGER},
		</if>
		<!-- 系统Id -->
		<if test="sysId != null" >
		  sysId = #{sysId,jdbcType=BIGINT},
		</if>
		<!-- 可用标识 -->
		<if test="isenabled != null" >
		  isenabled = #{isenabled,jdbcType=TINYINT},
		</if>
		<!-- 修改日期 -->
		<if test="modifytime != null" >
		  modifytime = #{modifytime,jdbcType=TIMESTAMP},
		</if>
		<!-- 修改人 -->
		<if test="modifier != null" >
		  modifier = #{modifier,jdbcType=BIGINT},
		</if>
		<!-- 备注 -->
		<if test="remark != null" >
		  remark = #{remark,jdbcType=VARCHAR},
		</if>

    <!--
      <if test="name != null" >
        name = #{name,jdbcType=VARCHAR},
      </if>
       <if test="age != null" >
        age = #{age,jdbcType=INTEGER},
      </if>
       <if test="phone != null" >
        phone = #{phone,jdbcType=VARCHAR},
      </if>
      -->
    </set>
    where 1=1 
     <!-- where 条件参数必须加上 par_+wherePars参数key -->
     <!-- 
      <if test="par_id != null" >
        and id = #{par_id}
      </if>
       
     <if test="par_name != null" >
         and name like '%' || #{par_name,jdbcType=VARCHAR} || '%'
      </if>
       <if test="par_phone != null" >
        and phone = '${par_phone}'
      </if>
      -->
  </update>
  
  
  <update id="batchUpdate"  parameterType="java.util.List">  
      <foreach collection="list" item="item" index="index" open="" close="" separator=";">  
            update ts_Attachment   
            <set>  
            			<!-- 排序 -->
		<if test="orderNo != null" >
		  orderNo = #{orderNo,jdbcType=INTEGER},
		</if>
		<!-- 是否置顶 -->
		<if test="isTop != null" >
		  isTop = #{isTop,jdbcType=INTEGER},
		</if>
		<!-- 文件大小 -->
		<if test="fileSize != null" >
		  fileSize = #{fileSize,jdbcType=BIGINT},
		</if>
		<!-- 文件路径 -->
		<if test="filePath != null" >
		  filePath = #{filePath,jdbcType=VARCHAR},
		</if>
		<!-- 原文件名称 -->
		<if test="fileName != null" >
		  fileName = #{fileName,jdbcType=VARCHAR},
		</if>
		<!-- 附件类型 -->
		<if test="atype != null" >
		  atype = #{atype,jdbcType=INTEGER},
		</if>
		<!-- 业务单ID -->
		<if test="formId != null" >
		  formId = #{formId,jdbcType=VARCHAR},
		</if>
		<!-- 业务类型 -->
		<if test="formType != null" >
		  formType = #{formType,jdbcType=INTEGER},
		</if>
		<!-- 系统Id -->
		<if test="sysId != null" >
		  sysId = #{sysId,jdbcType=BIGINT},
		</if>
		<!-- 可用标识 -->
		<if test="isenabled != null" >
		  isenabled = #{isenabled,jdbcType=TINYINT},
		</if>
		<!-- 修改日期 -->
		<if test="modifytime != null" >
		  modifytime = #{modifytime,jdbcType=TIMESTAMP},
		</if>
		<!-- 修改人 -->
		<if test="modifier != null" >
		  modifier = #{modifier,jdbcType=BIGINT},
		</if>
		<!-- 备注 -->
		<if test="remark != null" >
		  remark = #{remark,jdbcType=VARCHAR},
		</if>

			    <!--
			      <if test="name != null" >
			        name = #{name,jdbcType=VARCHAR},
			      </if>
			       <if test="age != null" >
			        age = #{age,jdbcType=INTEGER},
			      </if>
			       <if test="phone != null" >
			        phone = #{phone,jdbcType=VARCHAR},
			      </if>
			      -->
		    </set>
		    where id = #{item.id,jdbcType=INTEGER}
     </foreach>  
  </update>  
  
  <delete id="delete" parameterType="java.lang.Long" >
    delete from ts_Attachment
    where id = #{id,jdbcType=INTEGER}
  </delete>
  
  <!-- 根据指定的参数，删除实体 -->
  <delete id="deleteByPars" parameterType="map" >
    delete from ts_Attachment
     where 1=1 
     
      <if test="id != null" >
        and id = #{id,jdbcType=INTEGER}
      </if>
       
     <if test="name != null" >
        and name like '%' || #{name,jdbcType=VARCHAR} || '%'
      </if>
       <if test="phone != null" >
        and phone = #{name,jdbcType=VARCHAR}
      </if>
  </delete>
  
   <delete id="deleteByIds" >
    delete from ts_Attachment
    where id in (${ids})
  </delete>
  
  <!-- 删除所有数据 -->
  <delete id="deleteAll" >
    delete from ts_Attachment
  </delete>
  
  <!-- 根据ID禁用或启用数据-->
  <update id="enabled">
    update ts_Attachment
    <set>
        isenabled = #{isenabled,jdbcType=INTEGER}
    </set>
    where id=#{id,jdbcType=INTEGER}
  </update>
  
   <!-- 根据ID禁用或启用数据-->
  <update id="enabledByPars" parameterType="map">
    update ts_Attachment
    <set>
        isenabled = #{isenabled,jdbcType=INTEGER}
    </set>
     where 1=1 
    
      <if test="id != null" >
        and id = #{id,jdbcType=INTEGER}
      </if>
       
     <if test="name != null" >
         and name like '%' || #{name,jdbcType=VARCHAR} || '%'
      </if>
       <if test="phone != null" >
         and phone = #{name,jdbcType=VARCHAR}
      </if>
     
  </update>
  
   <!-- 根据多个ID禁用或启用数据-->
  <update id="enabledByIds">
    update ts_Attachment
    <set>
        isenabled = #{isenabled,jdbcType=INTEGER}
    </set>
    where id in (${ids})
  </update>
  
</mapper>
