<?xml version="1.0" encoding="UTF-8" ?>
<!DOCTYPE mapper PUBLIC "-//mybatis.org//DTD Mapper 3.0//EN" "http://mybatis.org/dtd/mybatis-3-mapper.dtd" >
<mapper namespace="com.cmw.dao.ClassDao">
    <resultMap id="BaseResultMap" type="com.cmw.entity.ClassEntity">
        <id column="id" property="id" jdbcType="BIGINT"/>
        <!-- 排课类型 -->
        <result column="ptype" property="ptype" jdbcType="INTEGER"/>
        <!-- 状态 -->
        <result column="xstatus" property="xstatus" jdbcType="INTEGER"/>
        <!-- 扣课时规则 -->
        <result column="crule" property="crule" jdbcType="INTEGER"/>
        <!-- 开班日期 -->
        <result column="sdate" property="sdate" jdbcType="TIMESTAMP"/>
        <!-- 上课学校ID -->
        <result column="sid" property="sid" jdbcType="BIGINT"/>
        <!-- 上课地点 -->
        <result column="address" property="address" jdbcType="VARCHAR"/>
        <!-- 上课地点类型 -->
        <result column="atype" property="atype" jdbcType="INTEGER"/>
        <!-- 容量 -->
        <result column="capacity" property="capacity" jdbcType="INTEGER"/>
        <!-- 班主任ID -->
        <result column="master" property="master" jdbcType="BIGINT"/>
        <!-- 教练ID -->
        <result column="coach" property="coach" jdbcType="BIGINT"/>
        <!-- 班级名称 -->
        <result column="cname" property="cname" jdbcType="VARCHAR"/>
        <!-- 关联课程ID -->
        <result column="courseId" property="courseId" jdbcType="BIGINT"/>
        <!-- 编号 -->
        <result column="code" property="code" jdbcType="VARCHAR"/>
        <!-- 旧教练 -->
        <result column="oldCoach" property="oldCoach" jdbcType="BIGINT"/>
        <!-- 副教练 -->
        <result column="coachSpareIds" property="coachSpareIds" jdbcType="VARCHAR"/>
        <!-- 创建人 -->
        <result column="creator" property="creator" jdbcType="BIGINT"/>
        <!-- 创建时间 -->
        <result column="createTime" property="createTime" jdbcType="TIMESTAMP"/>
        <!-- 创建机构 -->
        <result column="orgid" property="orgid" jdbcType="BIGINT"/>
        <!-- 创建部门 -->
        <result column="deptId" property="deptId" jdbcType="BIGINT"/>
        <!-- 可用标识 -->
        <result column="isenabled" property="isenabled" jdbcType="TINYINT"/>
        <!-- 修改日期 -->
        <result column="modifytime" property="modifytime" jdbcType="TIMESTAMP"/>
        <!-- 修改人 -->
        <result column="modifier" property="modifier" jdbcType="BIGINT"/>
        <!-- 备注 -->
        <result column="remark" property="remark" jdbcType="VARCHAR"/>
    </resultMap>
    <sql id="Base_Column_List">
 	id,ptype,xstatus,crule,sdate,sid,address,atype,capacity,master,coach,cname,courseId,code,
 	creator,createTime,orgid,deptId,isenabled,modifytime,modifier,remark, oldCoach, coachSpareIds
  </sql>

    <select id="get" resultMap="BaseResultMap" parameterType="java.lang.Long">
        select
        <include refid="Base_Column_List"/>
        from GL_Class
        where id = #{id,jdbcType=INTEGER}
    </select>

    <select id="getByPars" resultMap="BaseResultMap">
        select
        <include refid="Base_Column_List"/>
        from GL_Class where 1=1

        <if test="ids != null" >
            and id in (${ids})
        </if>

        <!--
            <if test="name != null" >
              and name like '%' || #{name,jdbcType=VARCHAR} || '%'
           </if>
            <if test="age != null" >
             and age = #{age}
           </if>
          -->
    </select>

    <select id="getList" resultMap="BaseResultMap">
        select
        <include refid="Base_Column_List"/>
        from GL_Class where isenabled=1
        <!--找未开班和已开班-->
        <if test="xtag != null">
            xstatus != 2
        </if>
        <if test="cname != null">
            and cname = #{cname,jdbcType=VARCHAR}
        </if>
        <!--    <if test="age != null" >
            and age = #{age}
          </if>
         -->
    </select>

    <select id="getListByPars" resultType="java.util.HashMap">
	  select A.id,A.cname,B.cname as courseName,ifnull(C.scount, 0) as scount
	 from gl_class as A left join gl_course as B on A.courseId=B.id
	 left join (select count(1) as scount,classId
	from gl_classchoose where isenabled=1 group by classId) as C on A.id=C.classId
	 where A.isenabled=1 and  (A.coach in (${teacherIds}) or A.`master` in (${teacherIds}))

	</select>

    <select id="getListMap" resultType="java.util.HashMap">
        select A.id,A.cname,B.cname as courseName,C.sname as schoolName,
        (case A.ptype when 0 then '未排课' else '已排课' end) as ptypeName,
        CONCAT(D.tname,'(班)') as masterName, CONCAT(E.tname,'(教)') as coachName,
        CONCAT(ifnull(F.scount, 0),'人') as scount
        from gl_class as A
        inner join gl_course as B on A.courseId=B.id
        left join gl_school as C on A.sid=C.id
        left join gl_teacher as D on A.`master`=D.id
        left join gl_teacher as E on A.coach=E.id
        left join (select count(1) as scount,classId
        from gl_classchoose where isenabled=1 group by classId
        ) as F on A.id=F.classId
        where A.isenabled=1
        <if test="userId != null">
            and (
            A.creator=#{userId} or A.`master`=#{inempId} or A.coach=#{inempId}
            )
        </if>

        <if test="cname != null">
            and A.cname like CONCAT('%',#{cname},'%')
        </if>
        <if test="courseName != null">
            and B.cname like CONCAT('%',#{courseName},'%')
        </if>

        <if test="courseName != null">
            and B.cname like CONCAT('%',#{courseName},'%')
        </if>

        <if test="oldClassId != null">
            and A.id != #{oldClassId}
        </if>

        <choose>
            <when test="otherCls != null ">
                <if test="courseId != null">
                    and B.id != #{courseId}
                </if>
            </when>
            <otherwise>
                <if test="courseId != null">
                    and B.id = #{courseId}
                </if>
            </otherwise>
        </choose>



        <if test="ptype != null">
            <choose>
                <when test="ptype gt 0 ">
                    and A.ptype > 0
                </when>
                <otherwise>
                    and A.ptype = 0
                </otherwise>
            </choose>
        </if>

        order by A.id desc
    </select>


    <select id="getListAll" resultMap="BaseResultMap">
        select
        <include refid="Base_Column_List"/>
        from GL_Class where isenabled = 1
    </select>


    <select id="getPageByPars" resultType="java.util.Map">
        select A.id,A.cname,B.cname as courseName,C.sname as schoolName,
        D.tname AS masterName,E.tname AS coachName,A.capacity,
        A.sdate,A.createTime,F.scount
        from gl_class as A
        left join gl_course as B on A.courseId=B.id
        left join gl_school as C on A.sid=C.id
        LEFT JOIN gl_teacher AS D ON A.`master` = D.id
        LEFT JOIN gl_teacher AS E ON A.coach = E.id
        left join (select count(1) as scount,classId
        from gl_classchoose where isenabled=1 group by classId
        ) as F on A.id=F.classId
        where A.isenabled=1
        <if test="cname != null">
            and A.cname like CONCAT('%',#{cname},'%')
        </if>
        <if test="courseName != null">
            and B.cname like CONCAT('%',#{courseName},'%')
        </if>
        <if test="coachName != null">
            and E.empName like CONCAT('%',#{coachName},'%')
        </if>
        <if test="schoolName != null">
            and C.sname like CONCAT('%',#{schoolName},'%')
        </if>
        <if test="sdate_start != null">
            and A.sdate &gt;= #{sdate_start}
        </if>
        <if test="sdate_end != null">
            and A.sdate &lt; #{sdate_end}
        </if>

        <if test="rightCondition != null">
            ${rightCondition}
        </if>

        order by A.id desc
        <if test="notLimit == null and offset!=null and pageSize!=null">
            limit #{offset},#{pageSize}
        </if>
    </select>

    <!-- 获取总记录数 -->
    <select id="getTotals" resultType="java.lang.Long">
   	select count(1) as totalCount from GL_Class where 1=1 
  </select>

    <!-- 根据参数获取总记录数 -->
    <select id="getTotalsByPars" resultType="java.lang.Long" parameterType="java.util.Map">
        select count(1) as totalCount
        from gl_class as A
        inner join gl_course as B on A.courseId=B.id
        left join gl_school as C on A.sid=C.id
        LEFT JOIN gl_teacher AS D ON A.`master` = D.id
        LEFT JOIN gl_teacher AS E ON A.coach = E.id
        left join (select count(1) as scount,classId
        from gl_classchoose where isenabled=1 group by classId
        ) as F on A.id=F.classId
        where A.isenabled=1
        <if test="cname != null">
            and A.cname like CONCAT('%',#{cname},'%')
        </if>
        <if test="courseName != null">
            and B.cname like CONCAT('%',#{courseName},'%')
        </if>
        <if test="coachName != null">
            and E.empName like CONCAT('%',#{coachName},'%')
        </if>
        <if test="schoolName != null">
            and C.sname like CONCAT('%',#{schoolName},'%')
        </if>
        <if test="sdate_start != null">
            and A.sdate &gt;= #{sdate_start}
        </if>
        <if test="sdate_end != null">
            and A.sdate &lt; #{sdate_end}
        </if>

        <if test="rightCondition != null">
            ${rightCondition}
        </if>
    </select>


    <!-- 获取最大ID -->
    <select id="getMaxID" resultType="java.lang.Long">
   	select max(id) as maxId from GL_Class where 1=1 
  </select>

    <insert id="insert" useGeneratedKeys="true" keyProperty="id" parameterType="com.cmw.entity.ClassEntity">
      insert into GL_Class (ptype,xstatus,crule,sdate,sid,address,atype,capacity,master,
      coach,cname,courseId,code,creator,createTime,orgid,deptId,isenabled,remark,oldCoach,coachSpareIds)
    values (#{ptype,jdbcType=INTEGER},#{xstatus,jdbcType=INTEGER},#{crule,jdbcType=INTEGER},#{sdate,jdbcType=TIMESTAMP},
    #{sid,jdbcType=BIGINT},#{address,jdbcType=VARCHAR},#{atype,jdbcType=INTEGER},#{capacity,jdbcType=INTEGER},
    #{master,jdbcType=BIGINT},#{coach,jdbcType=BIGINT},#{cname,jdbcType=VARCHAR},#{courseId,jdbcType=BIGINT},
    #{code,jdbcType=VARCHAR},#{creator,jdbcType=BIGINT},#{createTime,jdbcType=TIMESTAMP},#{orgid,jdbcType=BIGINT},
    #{deptId,jdbcType=BIGINT},#{isenabled,jdbcType=TINYINT},#{remark,jdbcType=VARCHAR},
    #{oldCoach}, #{coachSpareIds})

  </insert>

    <insert id="batchInsert" parameterType="List" useGeneratedKeys="true" keyProperty="id">
        insert into GL_Class
        (ptype,xstatus,crule,sdate,sid,address,atype,capacity,master,coach,cname,courseId,code,creator,createTime,orgid,deptId,isenabled,remark, oldCoach, coachSpareIds)
        values
        <foreach item="item" collection="list" separator=",">
            (#{ptype,jdbcType=INTEGER},#{xstatus,jdbcType=INTEGER},#{crule,jdbcType=INTEGER},#{sdate,jdbcType=TIMESTAMP},#{sid,jdbcType=BIGINT},#{address,jdbcType=VARCHAR},#{atype,jdbcType=INTEGER},#{capacity,jdbcType=INTEGER},#{master,jdbcType=BIGINT},#{coach,jdbcType=BIGINT},#{cname,jdbcType=VARCHAR},#{courseId,jdbcType=BIGINT},#{code,jdbcType=VARCHAR},#{creator,jdbcType=BIGINT},#{createTime,jdbcType=TIMESTAMP},#{orgid,jdbcType=BIGINT},#{deptId,jdbcType=BIGINT},#{isenabled,jdbcType=TINYINT},#{remark,jdbcType=VARCHAR},
            #{oldCoach}, #{coachSpareIds})
        </foreach>

    </insert>

    <update id="update" parameterType="com.cmw.entity.ClassEntity">
        update GL_Class
        <set>
            <!-- 排课类型 -->
            <if test="lastDate != null">
                lastDate = #{lastDate,jdbcType=TIMESTAMP},
            </if>
            <!-- 排课类型 -->
            <if test="ptype != null">
                ptype = #{ptype,jdbcType=INTEGER},
            </if>
            <!-- 状态 -->
            <if test="xstatus != null">
                xstatus = #{xstatus,jdbcType=INTEGER},
            </if>
            <!-- 扣课时规则 -->
            <if test="crule != null">
                crule = #{crule,jdbcType=INTEGER},
            </if>
            <!-- 开班日期 -->
            <if test="sdate != null">
                sdate = #{sdate,jdbcType=TIMESTAMP},
            </if>
            <!-- 上课学校ID -->
            <if test="sid != null">
                sid = #{sid,jdbcType=BIGINT},
            </if>
            <!-- 上课地点 -->
            <if test="address != null">
                address = #{address,jdbcType=VARCHAR},
            </if>
            <!-- 上课地点类型 -->
            <if test="atype != null">
                atype = #{atype,jdbcType=INTEGER},
            </if>
            <!-- 容量 -->
            <if test="capacity != null">
                capacity = #{capacity,jdbcType=INTEGER},
            </if>
            <!-- 班主任ID -->
            <if test="master != null">
                master = #{master,jdbcType=BIGINT},
            </if>
            <!-- 教练ID -->
            <if test="coach != null">
                coach = #{coach,jdbcType=BIGINT},
            </if>
            <!-- 班级名称 -->
            <if test="cname != null">
                cname = #{cname,jdbcType=VARCHAR},
            </if>
            <!-- 关联课程ID -->
            <if test="courseId != null">
                courseId = #{courseId,jdbcType=BIGINT},
            </if>
            <!-- 编号 -->
            <if test="code != null">
                code = #{code,jdbcType=VARCHAR},
            </if>
            <!-- 旧教练 -->
            <if test="oldCoach != null">
                oldCoach = #{oldCoach},
            </if>
            <!-- 副教练 -->
            <if test="coachSpareIds != null">
                coachSpareIds = #{coachSpareIds},
            </if>
            <!-- 可用标识 -->
            <if test="isenabled != null">
                isenabled = #{isenabled,jdbcType=TINYINT},
            </if>
            <!-- 修改日期 -->
            <if test="modifytime != null">
                modifytime = #{modifytime,jdbcType=TIMESTAMP},
            </if>
            <!-- 修改人 -->
            <if test="modifier != null">
                modifier = #{modifier,jdbcType=BIGINT},
            </if>
            <!-- 备注 -->
            <if test="remark != null">
                remark = #{remark,jdbcType=VARCHAR},
            </if>
        </set>
        where id = #{id,jdbcType=INTEGER}
    </update>

    <!-- 更新编号 -->
    <update id="updateCode">
        update GL_Class
        <set>
            <!-- 编号 -->
            code = #{code,jdbcType=VARCHAR}
        </set>
        where id = #{id,jdbcType=INTEGER}
    </update>

    <update id="updateByPars" parameterType="map">
        update GL_Class
        <set>
            <!-- 最后一次排课时间 -->
            <if test="lastDate != null">
                lastDate = #{lastDate,jdbcType=TIMESTAMP},
            </if>
            <!-- 排课类型 -->
            <if test="ptype != null">
                ptype = #{ptype,jdbcType=INTEGER},
            </if>
            <!-- 状态 -->
            <if test="xstatus != null">
                xstatus = #{xstatus,jdbcType=INTEGER},
            </if>
            <!-- 扣课时规则 -->
            <if test="crule != null">
                crule = #{crule,jdbcType=INTEGER},
            </if>
            <!-- 开班日期 -->
            <if test="sdate != null">
                sdate = #{sdate,jdbcType=TIMESTAMP},
            </if>
            <!-- 上课学校ID -->
            <if test="sid != null">
                sid = #{sid,jdbcType=BIGINT},
            </if>
            <!-- 上课地点 -->
            <if test="address != null">
                address = #{address,jdbcType=VARCHAR},
            </if>
            <!-- 上课地点类型 -->
            <if test="atype != null">
                atype = #{atype,jdbcType=INTEGER},
            </if>
            <!-- 容量 -->
            <if test="capacity != null">
                capacity = #{capacity,jdbcType=INTEGER},
            </if>
            <!-- 班主任ID -->
            <if test="master != null">
                master = #{master,jdbcType=BIGINT},
            </if>
            <!-- 教练ID -->
            <if test="coach != null">
                coach = #{coach,jdbcType=BIGINT},
            </if>
            <!-- 旧教练 -->
            <if test="oldCoach != null">
                oldCoach = #{oldCoach},
            </if>
            <!-- 副教练 -->
            <if test="coachSpareIds != null">
                coachSpareIds = #{coachSpareIds},
            </if>

            <!-- 班级名称 -->
            <if test="cname != null">
                cname = #{cname,jdbcType=VARCHAR},
            </if>
            <!-- 关联课程ID -->
            <if test="courseId != null">
                courseId = #{courseId,jdbcType=BIGINT},
            </if>

            <!-- 可用标识 -->
            <if test="isenabled != null">
                isenabled = #{isenabled,jdbcType=TINYINT},
            </if>
            <!-- 修改日期 -->
            <if test="modifytime != null">
                modifytime = #{modifytime,jdbcType=TIMESTAMP},
            </if>
            <!-- 修改人 -->
            <if test="modifier != null">
                modifier = #{modifier,jdbcType=BIGINT},
            </if>
            <!-- 备注 -->
            <if test="remark != null">
                remark = #{remark,jdbcType=VARCHAR},
            </if>
        </set>
        where id = #{par_id}
    </update>


    <update id="batchUpdate" parameterType="java.util.List">
        <foreach collection="list" item="item" index="index" open="" close="" separator=";">
            update GL_Class
            <set>
                <!-- 排课类型 -->
                <if test="ptype != null">
                    ptype = #{ptype,jdbcType=INTEGER},
                </if>
                <!-- 状态 -->
                <if test="xstatus != null">
                    xstatus = #{xstatus,jdbcType=INTEGER},
                </if>
                <!-- 扣课时规则 -->
                <if test="crule != null">
                    crule = #{crule,jdbcType=INTEGER},
                </if>
                <!-- 开班日期 -->
                <if test="sdate != null">
                    sdate = #{sdate,jdbcType=TIMESTAMP},
                </if>
                <!-- 上课学校ID -->
                <if test="sid != null">
                    sid = #{sid,jdbcType=BIGINT},
                </if>
                <!-- 上课地点 -->
                <if test="address != null">
                    address = #{address,jdbcType=VARCHAR},
                </if>
                <!-- 上课地点类型 -->
                <if test="atype != null">
                    atype = #{atype,jdbcType=INTEGER},
                </if>
                <!-- 容量 -->
                <if test="capacity != null">
                    capacity = #{capacity,jdbcType=INTEGER},
                </if>
                <!-- 班主任ID -->
                <if test="master != null">
                    master = #{master,jdbcType=BIGINT},
                </if>
                <!-- 旧教练 -->
                <if test="oldCoach != null">
                    oldCoach = #{oldCoach},
                </if>
                <!-- 副教练 -->
                <if test="coachSpareIds != null">
                    coachSpareIds = #{coachSpareIds},
                </if>
                <!-- 教练ID -->
                <if test="coach != null">
                    coach = #{coach,jdbcType=BIGINT},
                </if>
                <!-- 班级名称 -->
                <if test="cname != null">
                    cname = #{cname,jdbcType=VARCHAR},
                </if>
                <!-- 关联课程ID -->
                <if test="courseId != null">
                    courseId = #{courseId,jdbcType=BIGINT},
                </if>
                <!-- 编号 -->
                <if test="code != null">
                    code = #{code,jdbcType=VARCHAR},
                </if>
                <!-- 可用标识 -->
                <if test="isenabled != null">
                    isenabled = #{isenabled,jdbcType=TINYINT},
                </if>
                <!-- 修改日期 -->
                <if test="modifytime != null">
                    modifytime = #{modifytime,jdbcType=TIMESTAMP},
                </if>
                <!-- 修改人 -->
                <if test="modifier != null">
                    modifier = #{modifier,jdbcType=BIGINT},
                </if>
                <!-- 备注 -->
                <if test="remark != null">
                    remark = #{remark,jdbcType=VARCHAR},
                </if>

                <!--
                  <if test="name != null" >
                    name = #{name,jdbcType=VARCHAR},
                  </if>
                   <if test="age != null" >
                    age = #{age,jdbcType=INTEGER},
                  </if>
                   <if test="phone != null" >
                    phone = #{phone,jdbcType=VARCHAR},
                  </if>
                  -->
            </set>
            where id = #{item.id,jdbcType=INTEGER}
        </foreach>
    </update>

    <delete id="delete" parameterType="java.lang.Long">
    delete from GL_Class
    where id = #{id,jdbcType=INTEGER}
  </delete>

    <!-- 根据指定的参数，删除实体 -->
    <delete id="deleteByPars" parameterType="map">
        delete from GL_Class
        where 1=1

        <if test="id != null">
            and id = #{id,jdbcType=INTEGER}
        </if>

        <if test="name != null">
            and name like '%' || #{name,jdbcType=VARCHAR} || '%'
        </if>
        <if test="phone != null">
            and phone = #{name,jdbcType=VARCHAR}
        </if>
    </delete>

    <delete id="deleteByIds">
    delete from GL_Class
    where id in (${ids})
  </delete>

    <!-- 删除所有数据 -->
    <delete id="deleteAll">
    delete from GL_Class
  </delete>

    <!-- 根据ID禁用或启用数据-->
    <update id="enabled">
        update GL_Class
        <set>
            isenabled = #{isenabled,jdbcType=INTEGER}
        </set>
        where id=#{id,jdbcType=INTEGER}
    </update>

    <!-- 根据ID禁用或启用数据-->
    <update id="enabledByPars" parameterType="map">
        update GL_Class
        <set>
            isenabled = #{isenabled,jdbcType=INTEGER}
        </set>
        where 1=1

        <if test="id != null">
            and id = #{id,jdbcType=INTEGER}
        </if>

        <if test="name != null">
            and name like '%' || #{name,jdbcType=VARCHAR} || '%'
        </if>
        <if test="phone != null">
            and phone = #{name,jdbcType=VARCHAR}
        </if>

    </update>

    <!-- 根据多个ID禁用或启用数据-->
    <update id="enabledByIds">
        update GL_Class
        <set>
            isenabled = #{isenabled,jdbcType=INTEGER}
        </set>
        where id in (${ids})
    </update>

</mapper>
