<?xml version="1.0" encoding="UTF-8" ?>
<!DOCTYPE mapper PUBLIC "-//mybatis.org//DTD Mapper 3.0//EN" "http://mybatis.org/dtd/mybatis-3-mapper.dtd" >
<mapper namespace="com.cmw.dao.ClassPlanDao" >
  <resultMap id="BaseResultMap" type="com.cmw.entity.ClassPlanEntity" >
  	<id column="id" property="id" jdbcType="BIGINT" />
	<!-- 下课时间 -->
	<result column="etime" property="etime" jdbcType="VARCHAR"/>
	<!-- 上课时间 -->
	<result column="stime" property="stime" jdbcType="VARCHAR"/>
	<!-- 循环规则 -->
	<result column="ruleVals" property="ruleVals" jdbcType="VARCHAR"/>
	<!-- 循环规则名称 -->
	<result column="ruleNames" property="ruleNames" jdbcType="VARCHAR"/>
	<!-- 排班设置ID -->
	<result column="setId" property="setId" jdbcType="BIGINT"/>

  </resultMap>
  <sql id="Base_Column_List" >
 	id,etime,stime,ruleVals,ruleNames,setId
   <!-- id, name, age, phone-->
  </sql>
  
  <select id="get" resultMap="BaseResultMap" parameterType="java.lang.Long">
   	select 
   	 <include refid="Base_Column_List" />
    from GL_ClassPlan
    where id = #{id,jdbcType=INTEGER}
  </select>

  <select id="getByPars" resultMap="BaseResultMap">
   	select 
   	 <include refid="Base_Column_List" />
    from GL_ClassPlan where 1=1
      <!--
          <if test="name != null" >
            and name like '%' || #{name,jdbcType=VARCHAR} || '%'
         </if>
          <if test="age != null" >
           and age = #{age}
         </if>
        -->
  </select>
  
   <select id="getList" resultMap="BaseResultMap">
   	select 
   	 <include refid="Base_Column_List" />
    from GL_ClassPlan where 1=1 
    <!-- 
     <if test="name != null" >
         and name like '%' || #{name,jdbcType=VARCHAR} || '%'
      </if>
       <if test="age != null" >
        and age = #{age}
      </if>
     -->
  </select>
  
  <select id="getListMap" resultType="java.util.HashMap">
   	 select 
   	 <include refid="Base_Column_List" />
     from GL_ClassPlan where 1=1 
     <!-- 
   	 <if test="name != null" >
         and name like '%' || #{name,jdbcType=VARCHAR} || '%'
      </if>
       <if test="age != null" >
        and age = #{age}
      </if>
     -->
  </select>
  
  
  <select id="getListAll" resultMap="BaseResultMap">
   	select 
   	 <include refid="Base_Column_List" />
    from GL_ClassPlan where 1=1 
  </select>
  
  
  <select id="getPageByPars" resultType="java.util.Map">
   	select 
   	 <include refid="Base_Column_List" />
    from GL_ClassPlan where 1=1 
      <!-- 
   	  <if test="name != null" >
         and name like '%' || #{name,jdbcType=VARCHAR} || '%'
      </if>
       <if test="age != null" >
        and age = #{age}
      </if>
     -->
      
      <if test="rightCondition != null" >
		  ${rightCondition}
	  </if>
	  
       order by id desc 
        <if test="offset!=null and pageSize!=null">  
	        limit #{offset},#{pageSize}
	    </if>
  </select>
  
  <!-- 获取总记录数 -->
  <select id="getTotals" resultType="java.lang.Long">
   	select count(1) as totalCount from GL_ClassPlan where 1=1 
  </select>
  
   <!-- 根据参数获取总记录数 -->
  <select id="getTotalsByPars" resultType="java.lang.Long" parameterType="java.util.Map">
   	select count(1) as totalCount from GL_ClassPlan where 1=1 
   	 <!-- 
     <if test="name != null" >
         and name like '%' || #{name,jdbcType=VARCHAR} || '%'
      </if>
       <if test="age != null" >
        and age = #{age}
      </if>
     -->
  </select>
  
  
  <!-- 获取最大ID -->
  <select id="getMaxID"  resultType="java.lang.Long">
   	select max(id) as maxId from GL_ClassPlan where 1=1 
  </select>
  
  <insert id="insert" useGeneratedKeys="true" keyProperty="id" parameterType="com.cmw.entity.ClassPlanEntity" >
      insert into GL_ClassPlan (etime,stime,ruleVals,ruleNames,setId)
    values (#{etime,jdbcType=VARCHAR},#{stime,jdbcType=VARCHAR},#{ruleVals,jdbcType=VARCHAR},#{ruleNames,jdbcType=VARCHAR},#{setId,jdbcType=BIGINT})
  </insert>
  
  <insert id="batchInsert" parameterType="List" useGeneratedKeys="true" keyProperty="id">
	 insert into GL_ClassPlan (etime,stime,ruleVals,ruleNames,setId) values
	  <foreach item="item" collection="list" separator=",">
	    (#{etime,jdbcType=VARCHAR},#{stime,jdbcType=VARCHAR},#{ruleVals,jdbcType=VARCHAR},#{ruleNames,jdbcType=VARCHAR},#{setId,jdbcType=BIGINT})
	  </foreach>
  </insert>
  
   <update id="update" parameterType="com.cmw.entity.ClassPlanEntity" >
    update GL_ClassPlan
    <set>
    			<!-- 下课时间 -->
		<if test="etime != null" >
		  etime = #{etime,jdbcType=VARCHAR},
		</if>
		<!-- 上课时间 -->
		<if test="stime != null" >
		  stime = #{stime,jdbcType=VARCHAR},
		</if>
		<!-- 循环规则 -->
		<if test="ruleVals != null" >
		  ruleVals = #{ruleVals,jdbcType=VARCHAR},
		</if>
		<!-- 循环规则名称 -->
		<if test="ruleNames != null" >
		  ruleNames = #{ruleNames,jdbcType=VARCHAR},
		</if>
		<!-- 排班设置ID -->
		<if test="setId != null" >
		  setId = #{setId,jdbcType=BIGINT},
		</if>

    </set>
    where id = #{id,jdbcType=INTEGER}
  </update>
  
   <update id="updateByPars" parameterType="map">
    update GL_ClassPlan
    <set>
     			<!-- 下课时间 -->
		<if test="etime != null" >
		  etime = #{etime,jdbcType=VARCHAR},
		</if>
		<!-- 上课时间 -->
		<if test="stime != null" >
		  stime = #{stime,jdbcType=VARCHAR},
		</if>
		<!-- 循环规则 -->
		<if test="ruleVals != null" >
		  ruleVals = #{ruleVals,jdbcType=VARCHAR},
		</if>
		<!-- 循环规则名称 -->
		<if test="ruleNames != null" >
		  ruleNames = #{ruleNames,jdbcType=VARCHAR},
		</if>
		<!-- 排班设置ID -->
		<if test="setId != null" >
		  setId = #{setId,jdbcType=BIGINT},
		</if>

    </set>
    where 1=1 
     <!-- where 条件参数必须加上 par_+wherePars参数key -->
     <!-- 
      <if test="par_id != null" >
        and id = #{par_id}
      </if>
       
     <if test="par_name != null" >
         and name like '%' || #{par_name,jdbcType=VARCHAR} || '%'
      </if>
       <if test="par_phone != null" >
        and phone = '${par_phone}'
      </if>
      -->
  </update>
  
  
  <update id="batchUpdate"  parameterType="java.util.List">  
      <foreach collection="list" item="item" index="index" open="" close="" separator=";">  
            update GL_ClassPlan   
            <set>  
            			<!-- 下课时间 -->
		<if test="etime != null" >
		  etime = #{etime,jdbcType=VARCHAR},
		</if>
		<!-- 上课时间 -->
		<if test="stime != null" >
		  stime = #{stime,jdbcType=VARCHAR},
		</if>
		<!-- 循环规则 -->
		<if test="ruleVals != null" >
		  ruleVals = #{ruleVals,jdbcType=VARCHAR},
		</if>
		<!-- 循环规则名称 -->
		<if test="ruleNames != null" >
		  ruleNames = #{ruleNames,jdbcType=VARCHAR},
		</if>
		<!-- 排班设置ID -->
		<if test="setId != null" >
		  setId = #{setId,jdbcType=BIGINT},
		</if>

		    </set>
		    where id = #{item.id,jdbcType=INTEGER}
     </foreach>  
  </update>  
  
  <delete id="delete" parameterType="java.lang.Long" >
    delete from GL_ClassPlan
    where id = #{id,jdbcType=INTEGER}
  </delete>
  
  <!-- 根据指定的参数，删除实体 -->
  <delete id="deleteByPars" parameterType="map" >
    delete from GL_ClassPlan
     where 1=1 
     
      <if test="id != null" >
        and id = #{id,jdbcType=INTEGER}
      </if>
       
     <if test="name != null" >
        and name like '%' || #{name,jdbcType=VARCHAR} || '%'
      </if>
       <if test="phone != null" >
        and phone = #{name,jdbcType=VARCHAR}
      </if>
  </delete>
  
   <delete id="deleteByIds" >
    delete from GL_ClassPlan
    where id in (${ids})
  </delete>
  
  <!-- 删除所有数据 -->
  <delete id="deleteAll" >
    delete from GL_ClassPlan
  </delete>
  
  <!-- 根据ID禁用或启用数据-->
  <update id="enabled">
    update GL_ClassPlan
    <set>
        isenabled = #{isenabled,jdbcType=INTEGER}
    </set>
    where id=#{id,jdbcType=INTEGER}
  </update>
  
   <!-- 根据ID禁用或启用数据-->
  <update id="enabledByPars" parameterType="map">
    update GL_ClassPlan
    <set>
        isenabled = #{isenabled,jdbcType=INTEGER}
    </set>
     where 1=1 
    
      <if test="id != null" >
        and id = #{id,jdbcType=INTEGER}
      </if>
       
     <if test="name != null" >
         and name like '%' || #{name,jdbcType=VARCHAR} || '%'
      </if>
       <if test="phone != null" >
         and phone = #{name,jdbcType=VARCHAR}
      </if>
     
  </update>
  
   <!-- 根据多个ID禁用或启用数据-->
  <update id="enabledByIds">
    update GL_ClassPlan
    <set>
        isenabled = #{isenabled,jdbcType=INTEGER}
    </set>
    where id in (${ids})
  </update>
  
</mapper>
