<?xml version="1.0" encoding="UTF-8" ?>
<!DOCTYPE mapper PUBLIC "-//mybatis.org//DTD Mapper 3.0//EN" "http://mybatis.org/dtd/mybatis-3-mapper.dtd" >
<mapper namespace="com.cmw.dao.ClassChooseDao">
    <resultMap id="BaseResultMap" type="com.cmw.entity.ClassChooseEntity">
        <id column="id" property="id" jdbcType="BIGINT"/>
        <!-- 状态 -->
        <result column="xstatus" property="xstatus" jdbcType="INTEGER"/>
        <!-- 原班级ID -->
        <result column="oldClassId" property="oldClassId" jdbcType="BIGINT"/>
        <!-- 班级ID -->
        <result column="classId" property="classId" jdbcType="BIGINT"/>
        <!-- 学员ID -->
        <result column="studentId" property="studentId" jdbcType="BIGINT"/>
        <!-- 创建人 -->
        <result column="creator" property="creator" jdbcType="BIGINT"/>
        <!-- 创建时间 -->
        <result column="createTime" property="createTime" jdbcType="TIMESTAMP"/>
        <!-- 创建机构 -->
        <result column="orgid" property="orgid" jdbcType="BIGINT"/>
        <!-- 创建部门 -->
        <result column="deptId" property="deptId" jdbcType="BIGINT"/>
        <!-- 可用标识 -->
        <result column="isenabled" property="isenabled" jdbcType="TINYINT"/>
        <!-- 修改日期 -->
        <result column="modifytime" property="modifytime" jdbcType="TIMESTAMP"/>
        <!-- 修改人 -->
        <result column="modifier" property="modifier" jdbcType="BIGINT"/>
        <!-- 备注 -->
        <result column="remark" property="remark" jdbcType="VARCHAR"/>
    </resultMap>

    <sql id="Base_Column_List">
        id,xstatus,oldClassId,classId,studentId,creator,createTime,orgid,deptId,isenabled,modifytime,modifier,remark
        <!-- id, name, age, phone-->
    </sql>

    <!-- 默认图片路径 -->
    <sql id="DefaultImagePath">
        'https://lailicai.oss-cn-beijing.aliyuncs.com/sprots_files/2019/6/c875eddfd4ca41be9aa97dfed9ac7f70.jpg'
    </sql>

    <select id="get" resultMap="BaseResultMap" parameterType="java.lang.Long">
        select
        <include refid="Base_Column_List"/>
        from GL_ClassChoose
        where id = #{id,jdbcType=INTEGER}
    </select>

    <select id="getByPars" resultMap="BaseResultMap">
        select
        <include refid="Base_Column_List"/>
        from GL_ClassChoose where 1=1
        <if test="classId != null">
            and classId = #{classId}
        </if>
        <if test="xtag != null">
            and xstatus in (0,1)
        </if>
    </select>

    <select id="getList" resultMap="BaseResultMap">
        select
        <include refid="Base_Column_List"/>
        from GL_ClassChoose where isenabled=1
        <if test="classId != null">
            and classId = #{classId}
        </if>
        <if test="studentId != null">
            and studentId = #{studentId}
        </if>

        <if test="xtag != null">
            and xstatus in (0,1)
        </if>
    </select>

    <select id="getStudents" resultType="java.util.HashMap">
     SELECT A.id,B.sname AS studentName,B.phone,
     if(B.imgPath is null or B.imgPath = '' or B.imgPath = '0', <include refid="DefaultImagePath"/>, B.imgPath) as imgPath,
     (YEAR (CURDATE()) - YEAR (B.bdate)) AS age, D.zhours, ifnull(DATE_FORMAT(D.endDate, '%Y-%m-%d'),'') AS endDate,B.xstatus AS studentStatus,B.id as studentId
    FROM gl_classchoose AS A INNER JOIN gl_class as X on X.id=A.classId
    INNER JOIN gl_student AS B ON A.studentId = B.id
    INNER JOIN gl_studentdetail AS C ON B.id = C.studentId
    LEFT JOIN (
        select sum(hours + ghours - uhours - thours - stockUhours) as zhours,max(endDate) as endDate, studentId, courseId from gl_enroll where isenabled=1 and xstatus=1 GROUP BY studentId,courseId
    )  AS D ON (D.studentId=A.studentId and D.courseId=X.courseId)
        where A.isenabled=1 and X.isenabled=1
        and A.classId=#{classId}
        order by A.id
    </select>

    <select id="getListMap" resultType="java.util.HashMap">
   	select A.id,A.classId,C.cname as courseName,B.courseId,
    B.cname as className,ifnull(if(D.tcount &lt; 0, 0, D.tcount), 0) as tcount,A.studentId
     from gl_classchoose as A
     inner join gl_class as B on A.classId=B.id
     inner join gl_course as C on B.courseId=C.id
     left join (
        select sum(hours+ghours-(uhours+thours+stockUhours))  as tcount,studentId,courseId from gl_enroll  where isenabled=1 and xstatus = 1 group by studentId,courseId
     ) as D on (D.studentId=A.studentId and D.courseId=B.courseId)
     where A.isenabled=1 and A.xstatus != 3
      and A.studentId = #{studentId}
      <if test="courseId != null">
          and C.id = #{courseId}
      </if>
     order by id desc
  </select>


    <select id="getListAll" resultMap="BaseResultMap">
        select
        <include refid="Base_Column_List"/>
        from GL_ClassChoose where 1=1
    </select>


    <select id="getPageByPars" resultMap="BaseResultMap">
        select
        <include refid="Base_Column_List"/>
        from GL_ClassChoose where 1=1
        <!--
           <if test="name != null" >
           and name like '%' || #{name,jdbcType=VARCHAR} || '%'
        </if>
         <if test="age != null" >
          and age = #{age}
        </if>
       -->
        order by id desc
        <if test="offset!=null and pageSize!=null">
            limit #{offset},#{pageSize}
        </if>
    </select>

    <!-- 获取总记录数 -->
    <select id="getTotals" resultType="java.lang.Long">
   	select count(1) as totalCount from GL_ClassChoose where 1=1 
  </select>

    <!-- 根据参数获取总记录数 -->
    <select id="getTotalsByPars" resultType="java.lang.Long" parameterType="java.util.Map">
        select count(1) as totalCount from GL_ClassChoose where 1=1
        <!--
     <if test="name != null" >
         and name like '%' || #{name,jdbcType=VARCHAR} || '%'
      </if>
       <if test="age != null" >
        and age = #{age}
      </if>
     -->
    </select>


    <!-- 获取最大ID -->
    <select id="getMaxID" resultType="java.lang.Long">
   	select max(id) as maxId from GL_ClassChoose where 1=1 
  </select>

    <insert id="insert" useGeneratedKeys="true" keyProperty="id" parameterType="com.cmw.entity.ClassChooseEntity">
      insert into GL_ClassChoose (xstatus,oldClassId,classId,studentId,creator,createTime,orgid,deptId,isenabled,remark)
    values (#{xstatus,jdbcType=INTEGER},#{oldClassId,jdbcType=BIGINT},#{classId,jdbcType=BIGINT},#{studentId,jdbcType=BIGINT},#{creator,jdbcType=BIGINT},#{createTime,jdbcType=TIMESTAMP},#{orgid,jdbcType=BIGINT},#{deptId,jdbcType=BIGINT},#{isenabled,jdbcType=TINYINT},#{remark,jdbcType=VARCHAR})

  </insert>

    <insert id="batchInsert" parameterType="List" useGeneratedKeys="true" keyProperty="id">
        insert into GL_ClassChoose
        (xstatus,oldClassId,classId,studentId,creator,createTime,orgid,deptId,isenabled,remark) values
        <foreach item="item" collection="list" separator=",">
            (#{xstatus,jdbcType=INTEGER},#{oldClassId,jdbcType=BIGINT},#{classId,jdbcType=BIGINT},#{studentId,jdbcType=BIGINT},#{creator,jdbcType=BIGINT},#{createTime,jdbcType=TIMESTAMP},#{orgid,jdbcType=BIGINT},#{deptId,jdbcType=BIGINT},#{isenabled,jdbcType=TINYINT},#{remark,jdbcType=VARCHAR})
        </foreach>
    </insert>

    <update id="update" parameterType="com.cmw.entity.ClassChooseEntity">
        update GL_ClassChoose
        <set>
            <!-- 状态 -->
            <if test="xstatus != null">
                xstatus = #{xstatus,jdbcType=INTEGER},
            </if>
            <!-- 原班级ID -->
            <if test="oldClassId != null">
                oldClassId = #{oldClassId,jdbcType=BIGINT},
            </if>
            <!-- 班级ID -->
            <if test="classId != null">
                classId = #{classId,jdbcType=BIGINT},
            </if>
            <!-- 学员ID -->
            <if test="studentId != null">
                studentId = #{studentId,jdbcType=BIGINT},
            </if>
            <!-- 可用标识 -->
            <if test="isenabled != null">
                isenabled = #{isenabled,jdbcType=TINYINT},
            </if>
            <!-- 修改日期 -->
            <if test="modifytime != null">
                modifytime = #{modifytime,jdbcType=TIMESTAMP},
            </if>
            <!-- 修改人 -->
            <if test="modifier != null">
                modifier = #{modifier,jdbcType=BIGINT},
            </if>
            <!-- 备注 -->
            <if test="remark != null">
                remark = #{remark,jdbcType=VARCHAR},
            </if>
        </set>
        where id = #{id,jdbcType=INTEGER}
    </update>

    <update id="updateByPars" parameterType="map">
        update GL_ClassChoose
        <set>
            <!-- 状态 -->
            <if test="xstatus != null">
                xstatus = #{xstatus,jdbcType=INTEGER},
            </if>
            <!-- 原班级ID -->
            <if test="oldClassId != null">
                oldClassId = #{oldClassId,jdbcType=BIGINT},
            </if>
            <!-- 班级ID -->
            <if test="classId != null">
                classId = #{classId,jdbcType=BIGINT},
            </if>
            <!-- 学员ID -->
            <if test="studentId != null">
                studentId = #{studentId,jdbcType=BIGINT},
            </if>
            <!-- 可用标识 -->
            <if test="isenabled != null">
                isenabled = #{isenabled,jdbcType=TINYINT},
            </if>
            <!-- 修改日期 -->
            <if test="modifytime != null">
                modifytime = #{modifytime,jdbcType=TIMESTAMP},
            </if>
            <!-- 修改人 -->
            <if test="modifier != null">
                modifier = #{modifier,jdbcType=BIGINT},
            </if>
            <!-- 备注 -->
            <if test="remark != null">
                remark = #{remark,jdbcType=VARCHAR},
            </if>
        </set>
        where 1=1
        <!-- where 条件参数必须加上 par_+wherePars参数key -->
        <!--
         <if test="par_id != null" >
           and id = #{par_id}
         </if>

        <if test="par_name != null" >
            and name like '%' || #{par_name,jdbcType=VARCHAR} || '%'
         </if>
          <if test="par_phone != null" >
           and phone = '${par_phone}'
         </if>
         -->
    </update>


    <update id="batchUpdate" parameterType="java.util.List">
        <foreach collection="list" item="item" index="index" open="" close="" separator=";">
            update GL_ClassChoose
            <set>
                <!-- 状态 -->
                <if test="xstatus != null">
                    xstatus = #{xstatus,jdbcType=INTEGER},
                </if>
                <!-- 原班级ID -->
                <if test="oldClassId != null">
                    oldClassId = #{oldClassId,jdbcType=BIGINT},
                </if>
                <!-- 班级ID -->
                <if test="classId != null">
                    classId = #{classId,jdbcType=BIGINT},
                </if>
                <!-- 学员ID -->
                <if test="studentId != null">
                    studentId = #{studentId,jdbcType=BIGINT},
                </if>
                <!-- 可用标识 -->
                <if test="isenabled != null">
                    isenabled = #{isenabled,jdbcType=TINYINT},
                </if>
                <!-- 修改日期 -->
                <if test="modifytime != null">
                    modifytime = #{modifytime,jdbcType=TIMESTAMP},
                </if>
                <!-- 修改人 -->
                <if test="modifier != null">
                    modifier = #{modifier,jdbcType=BIGINT},
                </if>
                <!-- 备注 -->
                <if test="remark != null">
                    remark = #{remark,jdbcType=VARCHAR},
                </if>
            </set>
            where id = #{item.id,jdbcType=INTEGER}
        </foreach>
    </update>

    <delete id="delete" parameterType="java.lang.Long">
    delete from GL_ClassChoose
    where id = #{id,jdbcType=INTEGER}
  </delete>

    <!-- 根据指定的参数，删除实体 -->
    <delete id="deleteByPars" parameterType="map">
        delete from GL_ClassChoose
        where 1=1

        <if test="id != null">
            and id = #{id,jdbcType=INTEGER}
        </if>

        <if test="name != null">
            and name like '%' || #{name,jdbcType=VARCHAR} || '%'
        </if>
        <if test="phone != null">
            and phone = #{name,jdbcType=VARCHAR}
        </if>
    </delete>

    <delete id="deleteByIds">
    delete from GL_ClassChoose
    where id in (${ids})
  </delete>

    <!-- 删除所有数据 -->
    <delete id="deleteAll">
    delete from GL_ClassChoose
  </delete>

    <!-- 根据ID禁用或启用数据-->
    <update id="enabled">
        update GL_ClassChoose
        <set>
            isenabled = #{isenabled,jdbcType=INTEGER}
        </set>
        where id=#{id,jdbcType=INTEGER}
    </update>

    <!-- 根据ID禁用或启用数据-->
    <update id="enabledByPars" parameterType="map">
        update GL_ClassChoose
        <set>
            isenabled = #{isenabled,jdbcType=INTEGER}
        </set>
        where 1=1

        <if test="id != null">
            and id = #{id,jdbcType=INTEGER}
        </if>

        <if test="name != null">
            and name like '%' || #{name,jdbcType=VARCHAR} || '%'
        </if>
        <if test="phone != null">
            and phone = #{name,jdbcType=VARCHAR}
        </if>

    </update>

    <!-- 根据多个ID禁用或启用数据-->
    <update id="enabledByIds">
        update GL_ClassChoose
        <set>
            isenabled = #{isenabled,jdbcType=INTEGER}
        </set>
        where id in (${ids})
    </update>

</mapper>
