<?xml version="1.0" encoding="UTF-8" ?>
<!DOCTYPE mapper PUBLIC "-//mybatis.org//DTD Mapper 3.0//EN" "http://mybatis.org/dtd/mybatis-3-mapper.dtd" >
<mapper namespace="com.cmw.dao.ClassGoDao">
    <resultMap id="BaseResultMap" type="com.cmw.entity.ClassGoEntity">
        <id column="id" property="id" jdbcType="BIGINT"/>
        <!-- 实际下课时间 -->
        <result column="ydownTime" property="ydownTime" jdbcType="TIMESTAMP"/>
        <!-- 实际上课时间 -->
        <result column="ygoTime" property="ygoTime" jdbcType="TIMESTAMP"/>
        <!-- 应下课时间 -->
        <result column=" downTime" property=" downTime" jdbcType="TIMESTAMP"/>
        <!-- 应上课时间 -->
        <result column=" goTime" property=" goTime" jdbcType="TIMESTAMP"/>
        <!-- 状态 -->
        <result column="xstatus" property="xstatus" jdbcType="INTEGER"/>
        <!-- 课程ID -->
        <result column="courseId" property="courseId" jdbcType="BIGINT"/>
        <!-- 班级ID -->
        <result column="classId" property="classId" jdbcType="BIGINT"/>
        <!-- 学员ID -->
        <result column="studentId" property="studentId" jdbcType="BIGINT"/>
        <!-- 是否扣课时 -->
        <result column="cupHours" property="cupHours" jdbcType="BIGINT"/>
        <!-- 创建人 -->
        <result column="creator" property="creator" jdbcType="BIGINT"/>
        <!-- 创建时间 -->
        <result column="createTime" property="createTime" jdbcType="TIMESTAMP"/>
        <!-- 创建机构 -->
        <result column="orgid" property="orgid" jdbcType="BIGINT"/>
        <!-- 创建部门 -->
        <result column="deptId" property="deptId" jdbcType="BIGINT"/>
        <!-- 可用标识 -->
        <result column="isenabled" property="isenabled" jdbcType="TINYINT"/>
        <!-- 修改日期 -->
        <result column="modifytime" property="modifytime" jdbcType="TIMESTAMP"/>
        <!-- 修改人 -->
        <result column="modifier" property="modifier" jdbcType="BIGINT"/>
        <!-- 备注 -->
        <result column="remark" property="remark" jdbcType="VARCHAR"/>

        <!-- 是否已评价 -->
        <result column="commented" property="commented" jdbcType="TINYINT"/>
        <!-- 消耗课时 -->
        <result column="uhours" property="uhours" jdbcType="INTEGER"/>
        <!-- 课消金额 -->
        <result column="unamount" property="unamount" jdbcType="DECIMAL"/>


    </resultMap>

    <!-- 默认图片路径 -->
    <sql id="DefaultImagePath">
        'https://jiaolianxiaochengxu.oss-cn-hangzhou.aliyuncs.com/jiaolianjia/stu_default.jpg'
    </sql>

    <sql id="Base_Column_List">
 	id,ydownTime,ygoTime, downTime, goTime,xstatus,courseId,classId,studentId,creator,
	  createTime,orgid,deptId,isenabled,modifytime,modifier,remark,
	  commented,uhours,unamount,planId,cupHours,enrollId
  </sql>

    <select id="get" resultMap="BaseResultMap" parameterType="java.lang.Long">
        select
        <include refid="Base_Column_List"/>
        from GL_ClassGo
        where id = #{id,jdbcType=INTEGER}
    </select>

    <select id="getByPars" resultMap="BaseResultMap">
        select
        <include refid="Base_Column_List"/>
        from GL_ClassGo
        where isenabled = 1
    </select>



    <!-- 获取学生上课记录的剩余课时为0的记录 -->
    <select id="getZhourList" resultType="java.util.HashMap">
                                                        <!--,C.totalZhours,A.studentId,A.courseId-->
        select A.id as classGoId,B.sname as studentName  from gl_classgo as A
         inner join gl_student as B on A.studentId=B.id
         inner join (
            select sum(hours+ghours-thours-stockUhours-uhours) as totalZhours,studentId,courseId
         from gl_enroll where isenabled=1 GROUP BY studentId,courseId
        ) AS C ON (A.courseId=C.courseId and A.studentId=C.studentId)
         where A.id in (${classGoIds}) and totalZhours &lt;= 0
    </select>

    <select id="getList" resultMap="BaseResultMap">
        select A.*
        from GL_ClassGo A

        <!-- newest inset code, validation for order. Time of 2019-08-19 13:34. Mr.Shaw. Begin -->
        LEFT JOIN gl_student as B on A.studentId=B.id
        LEFT JOIN gl_studentdetail as C on B.id=C.studentId
        LEFT JOIN gl_tempplan AS D on A.planId=D.id
        INNER JOIN gl_enroll as E on C.enrollId = E.id
        <!-- newest inset code, validation for order. Time of 2019-08-19 13:34. Mr.Shaw. End -->

        where A.isenabled = 1

        <if test="appendConditions != null">
            and E.xstatus = 1
            and E.isenabled = 1
            and E.courseId = A.courseId
        </if>

        <if test="planId != null" >
            and A.planId = #{planId}
        </if>
        <if test="xstatus != null" >
            and A.xstatus = #{xstatus}
        </if>
        <if test="classGoIds != null" >
            and A.id in (${classGoIds})
        </if>

    </select>

    <!-- 	PC端（班级详情 - 上课记录 - 请假学员）根据上课ID获取上课记录 -->
    <select id="getLeavesByPlanId" resultType="java.util.HashMap">
		select A.id,B.sname,B.phone,
		 CONCAT(DATE_FORMAT(A.startTime,'%Y-%m-%d %H:%i'),' - ',DATE_FORMAT(A.endTime,'%H:%i')) as betweenTime,
		'微信' as ltypeName
		 from gl_leaveapply as A inner join gl_student as B on A.studentiD = B.id
		 where A.isenabled=1 AND A.cgoId in (
			select id from gl_classgo where isenabled=1 and planId=#{planId}
		)
	</select>

    <!-- 	PC端（班级详情 - 上课记录）根据课次排班ID找上课记录 -->
    <select id="getListByXstatus" resultType="java.util.HashMap">
        select A.id,B.sname,B.phone,'1' as useHours,A.xstatus,
        (CASE A.xstatus WHEN '1' THEN '到课'
        WHEN '2' THEN '迟到' WHEN '3' THEN '旷课'
        WHEN '4' THEN '请假' ELSE '未到上课时间' END ) as xstatusName,A.classId
        from gl_classgo as A inner join gl_student as B on A.studentId=B.id
        where A.isenabled=1 and A.planId=#{planId}
        <if test="btag != null">
            <choose>
                <!-- 到课学员 -->
                <when test="btag == 1">
                    and A.xstatus in (1,2)
                </when>
                <!-- 未到学员  -->
                <when test="btag == 2">
                    and A.xstatus in (3)
                </when>
                <!-- 请假学员  -->
                <when test="btag == 3">
                    and A.xstatus in (4)
                </when>
                <otherwise>
                    <!-- 所有上课记录 -->
                    and A.xstatus != 0
                </otherwise>
            </choose>
        </if>
        order by A.id
    </select>

    <!-- 	教练端（上课记录）根据课次排班ID找上课记录 -->
    <select id="getListByPlanId" resultType="java.util.HashMap">
		select A.id,A.studentId,A.xstatus,B.sname as studentName,B.phone,
        if(B.imgPath is null or B.imgPath = '' or B.imgPath = '0', <include refid="DefaultImagePath"/>, B.imgPath) as imgPath,
		D.xcount,D.ycount,
        (ifnull(F.uhours,0)+ifnull(E.totalStockUhours,0)) as uhours,
        (ifnull(E.totalHours,0)-ifnull(F.uhours,0)-ifnull(E.totalThours,0)-ifnull(E.totalStockUhours,0)) AS zhours,
        (select DATE_FORMAT(max(endDate), '%Y-%m-%d') AS endDate from gl_enroll where isenabled=1 and xstatus=1 and courseId=A.courseId) AS endDate,
		(CASE A.xstatus  WHEN '1' THEN '到课'
		 WHEN '2' THEN '迟到' WHEN '3' THEN '旷课'
		 WHEN '4' THEN '请假' ELSE '未到上课时间' END ) as xstatusName,
		 A.cupHours,G.id as leaveApplyId
		from gl_classgo as A
		LEFT JOIN gl_student as B on A.studentId=B.id
		LEFT JOIN gl_studentdetail as C on B.id=C.studentId
		LEFT JOIN gl_tempplan AS D on A.planId=D.id
        LEFT JOIN (
        SELECT ifnull(sum(gelChild.hours) + sum(gelChild.ghours),0 ) as totalHours,sum(gelChild.stockUhours) as totalStockUhours,sum(gelChild.thours) as totalThours,studentId, courseId
        FROM gl_enroll gelChild
        WHERE gelChild.isenabled = 1 AND gelChild.xstatus = 1
        AND xstatus = 1 GROUP BY studentId, courseId
        ) AS E on (E.studentId=B.id and E.courseId=A.courseId)
        LEFT JOIN (
        SELECT count(1) AS uhours, studentId, courseId FROM gl_classgo gcoChild
        WHERE gcoChild.isenabled = 1 AND gcoChild.xstatus != 0 AND gcoChild.cupHours != 2
        GROUP BY studentId, courseId
        ) as F ON (F.studentId=B.id and F.courseId=A.courseId)
         LEFT JOIN GL_LeaveApply as G on (G.cgoId=A.id and G.xstatus=1)
        WHERE A.isenabled=1 and A.planId=#{planId}
		order by A.goTime
	</select>

    <!-- 	教练端（上课记录）根据班级ID找上课记录 -->
    <select id="getListByClassId" resultType="java.util.HashMap">
		select A.id,A.studentId,A.xstatus,B.sname as studentName,B.phone,B.imgPath,
		D.xcount,D.ycount,(ifnull(A.uhours,0)+ifnull(E.stockUhours,0)) as uhours,
		(ifnull(E.hours,0)+ifnull(E.ghours,0)-ifnull(E.thours,0)-ifnull(A.uhours,0)-ifnull(E.stockUhours,0)) as zhours,
		DATE_FORMAT(E.endDate,'%Y-%m-%d') as endDate
		from gl_classgo as A LEFT JOIN gl_student as B on A.studentId=B.id
		 LEFT JOIN gl_studentdetail as C on B.id=C.studentId
		 LEFT JOIN gl_tempplan AS D on A.planId=D.id
		 LEFT JOIN gl_enroll as E on C.enrollId = E.id
		  WHERE A.isenabled=1 and A.xstatus != 0 and A.classId=#{classId}
		order by A.goTime
	</select>

    <!--  家长端（首页课程安排/上课记录） -->
    <select id="getListMap" resultType="java.util.HashMap">
        SELECT A.id,A.classId,A.planId,A.studentId,A.xstatus,
        B.cname AS courseName,C.cname as className,C.address,
        (case DATE_FORMAT(A.goTime,'%w')
        when 1 then '周一'
        when 2 then '周二'
        when 3 then '周三'
        when 4 then '周四'
        when 5 then '周五'
        when 6 then '周六'
        else '周天' end) as wday,
        DATE_FORMAT(A.goTime,'%Y-%m-%d') as startDate,
        DATE_FORMAT(A.goTime,'%m-%d') as simpleGoTime,
        CONCAT(DATE_FORMAT(D.startTime,'%H:%i'),' - ', DATE_FORMAT(d.endTime,'%H:%i')) as gdTime,
        E.tname as coachName,F.tname as masterName,D.xcount,D.ycount
        FROM gl_classgo as A left join gl_course as B on A.courseId=B.id
        LEFT JOIN gl_class as C ON A.classId=C.id
        LEFT JOIN gl_tempplan AS D on A.planId=D.id
        LEFT JOIN gl_teacher as E on C.coach=E.id
        LEFT JOIN gl_teacher as F on C.`master`=F.id
        LEFT JOIN gl_student as G on A.studentId=G.id
        where A.isenabled=1
        <if test="memberId != null">
            and G.memberId = #{memberId}
        </if>

        <choose>
            <!-- 家长端首页默认10条 取小于或等于今天的上课记录 -->
            <when test="bussTag != null and bussTag =='wx_index'">
                and A.goTime &lt;= #{goTime_start} order by A.xstatus,A.goTime asc limit 10
            </when>
            <!-- 家长端上课记录 上课记录则倒序并取最近3个月（到今天的3个月的上课记录）-->
            <otherwise>
                <if test="goTime_start != null">
                    and A.goTime &gt;= #{goTime_start}
                </if>
                <if test="goTime_end != null">
                    and A.goTime &lt; #{goTime_end}
                </if>
                <if test="studentId != null">
                    and A.studentId = #{studentId}
                </if>
                order by A.id desc
            </otherwise>
        </choose>


    </select>


    <select id="getListAll" resultMap="BaseResultMap">
        select
        <include refid="Base_Column_List"/>
        from GL_ClassGo where 1=1
    </select>

    <!-- PC端：学员详情上课记录： -->
    <select id="getPageByPars" resultType="java.util.Map">
        SELECT
        A.id,A.classId,A.studentId,A.xstatus,
        B.cname AS courseName,C.cname as className,
        CONCAT(DATE_FORMAT(gtn.startTime,'%Y-%m-%d %H:%i'),' - ', DATE_FORMAT(gtn.endTime,'%H:%i')) as gdTime,
        E.tname as coachName,F.tname as masterName,if(A.cupHours != 2 and A.xstatus != 0, '1', 0) as uhours,A.unamount,A.commented,
        (select id from gl_comment overGct where overGct.classGoId = A.id and overGct.isenabled = 1 limit 1) as
        commentId
        FROM gl_classgo as A
        left join gl_tempplan gtn on (gtn.id = A.planId and gtn.isenabled = 1)
        left join gl_course as B on A.courseId=B.id
        LEFT JOIN gl_class as C ON A.classId=C.id
        LEFT JOIN gl_teacher as E on C.coach=E.id
        LEFT JOIN gl_teacher as F on C.`master`=F.id
        where A.isenabled=1
        <if test="studentId != null">
            and A.studentId = #{studentId}
        </if>

        <if test="classId != null">
            and A.classId = #{classId}
        </if>

        <if test="courseId != null">
            and A.courseId = #{courseId}
        </if>

        <if test="goTime_start != null">
            and A.goTime &gt;= #{goTime_start}
        </if>
        <if test="goTime_end != null">
            and A.goTime &lt;= #{goTime_end}
        </if>

        <if test="xstatus != null">
            and A.xstatus = #{xstatus}
        </if>

        <if test="rightCondition != null">
            ${rightCondition}
        </if>

        order by A.id desc
        <if test="offset!=null and pageSize!=null">
            limit #{offset},#{pageSize}
        </if>
    </select>


    <select id="getListByFinish" resultMap="BaseResultMap">
        select
        <include refid="Base_Column_List"/>
        from GL_ClassGo
         where isenabled=1 and cupHours != 2  and xstatus != 0
        <!-- 课程编号 -->
        and courseId = #{courseId}
        <!-- 学生编号 -->
        and studentId = #{studentId}
        order by goTime asc,id asc
    </select>

    <!-- 获取已消耗的上课数 -->
    <select id="getDoCount" resultType="java.lang.Integer" parameterType="java.util.Map">
        select count(1) as totalCount from GL_ClassGo
        where isenabled = 1

        <!--
            是否扣课时
            @Author 肖家添
            @Date 2019/6/30 17:47
        -->
        and cupHours != 2

        <choose>
            <!-- 取实到人数 -->
            <when test="btype != null and btype != '' or btype==1">
                and xstatus in (1,2)
                and planId = #{planId}
            </when>

            <!-- 取实到人数 -->
            <when test="btype != null and btype != '' or btype==2">
                and xstatus in (1,2)
                and studentId = #{studentId}
            </when>

            <otherwise>
                and xstatus != 0

                <!-- 课程编号 -->
                <if test="courseId != null">
                    and courseId = #{courseId}
                </if>

                <!-- 学生编号 -->
                <if test="studentId != null">
                    and studentId = #{studentId}
                </if>
            </otherwise>
        </choose>
    </select>

    <!-- 教练移除学员用到  -->
    <select id="getFinishCount" resultType="java.lang.Integer" parameterType="java.util.Map">
		select count(1) as totalCount from GL_ClassGo where isenabled=1
			and studentId = #{studentId}
			and classId = #{classId}
			and xstatus != 0
	</select>

    <!-- 获取总记录数 -->
    <select id="getTotals" resultType="java.lang.Long">
   	select count(1) as totalCount from GL_ClassGo where isenabled=1
  </select>

    <!-- 根据参数获取总记录数 -->
    <select id="getTotalsByPars" resultType="java.lang.Long" parameterType="java.util.Map">
        select count(1) as totalCount from GL_ClassGo as A where A.isenabled=1
        <!-- 取应到人数 -->
        <if test="planId != null ">
            and A.planId = #{planId}
        </if>
        <if test="actionType != null">
            and A.cupHours !=2 and A.xstatus != 0
        </if>
        <if test="studentId != null">
            and A.studentId = #{studentId}
        </if>

        <if test="courseId != null">
            and A.courseId = #{courseId}
        </if>
        <if test="goTime_start != null">
            and A.goTime &gt;= #{goTime_start}
        </if>
        <if test="goTime_end != null">
            and A.goTime &lt; #{goTime_end}
        </if>
    </select>


    <!-- 获取最大ID -->
    <select id="getMaxID" resultType="java.lang.Long">
   	select max(id) as maxId from GL_ClassGo where 1=1 
  </select>

    <insert id="insert" useGeneratedKeys="true" keyProperty="id" parameterType="com.cmw.entity.ClassGoEntity">
      insert into GL_ClassGo (commented,uhours,unamount,
      ydownTime,ygoTime, downTime, goTime,xstatus,courseId,classId,studentId,creator,createTime,orgid,deptId,isenabled,remark,cupHours)
    values (#{commented,jdbcType=TINYINT},#{uhours,jdbcType=INTEGER},#{unamount,jdbcType=DECIMAL},
    #{ydownTime,jdbcType=TIMESTAMP},#{ygoTime,jdbcType=TIMESTAMP},#{ downTime,jdbcType=TIMESTAMP},#{ goTime,jdbcType=TIMESTAMP},#{xstatus,jdbcType=INTEGER},#{courseId,jdbcType=BIGINT},#{classId,jdbcType=BIGINT},#{studentId,jdbcType=BIGINT},#{creator,jdbcType=BIGINT},#{createTime,jdbcType=TIMESTAMP},#{orgid,jdbcType=BIGINT},#{deptId,jdbcType=BIGINT},#{isenabled,jdbcType=TINYINT},#{remark,jdbcType=VARCHAR},#{cupHours,jdbcType=BIGINT})
  </insert>

    <insert id="batchInsert" parameterType="List" useGeneratedKeys="true" keyProperty="id">
        insert into GL_ClassGo (commented,uhours,unamount,
        ydownTime,ygoTime, downTime,
        goTime,xstatus,courseId,classId,studentId,creator,createTime,orgid,deptId,isenabled,remark,cupHours) values
        <foreach item="item" collection="list" separator=",">
            (#{item.commented,jdbcType=TINYINT},#{item.uhours,jdbcType=INTEGER},#{item.unamount,jdbcType=DECIMAL},
            #{ydownTime,jdbcType=TIMESTAMP},#{ygoTime,jdbcType=TIMESTAMP},#{ downTime,jdbcType=TIMESTAMP},#{ goTime,jdbcType=TIMESTAMP},#{xstatus,jdbcType=INTEGER},#{courseId,jdbcType=BIGINT},#{classId,jdbcType=BIGINT},#{studentId,jdbcType=BIGINT},#{creator,jdbcType=BIGINT},#{createTime,jdbcType=TIMESTAMP},#{orgid,jdbcType=BIGINT},#{deptId,jdbcType=BIGINT},#{isenabled,jdbcType=TINYINT},#{remark,jdbcType=VARCHAR},
            #{cupHours,jdbcType=BIGINT})
        </foreach>
    </insert>

    <update id="update" parameterType="com.cmw.entity.ClassGoEntity">
        update GL_ClassGo
        <set>
            <!-- 是否已评价 -->
            <if test="commented != null">
                commented = #{commented,jdbcType=TINYINT},
            </if>
            <!-- 已消耗课时 -->
            <if test="uhours != null">
                uhours = #{uhours,jdbcType=INTEGER},
            </if>
            <!-- 课消金额 -->
            <if test="unamount != null">
                unamount = #{unamount,jdbcType=DECIMAL},
            </if>

            <!-- 实际下课时间 -->
            <if test="ydownTime != null">
                ydownTime = #{ydownTime,jdbcType=TIMESTAMP},
            </if>
            <!-- 实际上课时间 -->
            <if test="ygoTime != null">
                ygoTime = #{ygoTime,jdbcType=TIMESTAMP},
            </if>
            <!-- 应下课时间 -->
            <if test=" downTime != null">
                downTime = #{ downTime,jdbcType=TIMESTAMP},
            </if>
            <!-- 应上课时间 -->
            <if test=" goTime != null">
                goTime = #{ goTime,jdbcType=TIMESTAMP},
            </if>
            <!-- 状态 -->
            <if test="xstatus != null">
                xstatus = #{xstatus,jdbcType=INTEGER},
            </if>
            <!-- 课程ID -->
            <if test="courseId != null">
                courseId = #{courseId,jdbcType=BIGINT},
            </if>
            <!-- 班级ID -->
            <if test="classId != null">
                classId = #{classId,jdbcType=BIGINT},
            </if>
            <!-- 学员ID -->
            <if test="studentId != null">
                studentId = #{studentId,jdbcType=BIGINT},
            </if>
            <!-- 可用标识 -->
            <if test="isenabled != null">
                isenabled = #{isenabled,jdbcType=TINYINT},
            </if>
            <!-- 修改日期 -->
            <if test="modifytime != null">
                modifytime = #{modifytime,jdbcType=TIMESTAMP},
            </if>
            <!-- 修改人 -->
            <if test="modifier != null">
                modifier = #{modifier,jdbcType=BIGINT},
            </if>
            <!-- 备注 -->
            <if test="remark != null">
                remark = #{remark,jdbcType=VARCHAR},
            </if>
            <if test="cupHours != null">
                cupHours = #{cupHours,jdbcType=BIGINT},
            </if>
            <!-- 关联报名ID -->
            <if test="enrollId != null">
                enrollId = #{enrollId,jdbcType=BIGINT},
            </if>
        </set>
        where id = #{id,jdbcType=INTEGER}
    </update>

    <update id="updateByPars" parameterType="map">
        update GL_ClassGo
        <set>
            <!-- 是否已评价 -->
            <if test="commented != null">
                commented = #{commented,jdbcType=TINYINT},
            </if>
            <!-- 已消耗课时 -->
            <if test="uhours != null">
                uhours = #{uhours,jdbcType=INTEGER},
            </if>
            <!-- 课消金额 -->
            <if test="unamount != null">
                unamount = #{unamount,jdbcType=DECIMAL},
            </if>

            <!-- 实际下课时间 -->
            <if test="ydownTime != null">
                ydownTime = #{ydownTime,jdbcType=TIMESTAMP},
            </if>
            <!-- 实际上课时间 -->
            <if test="ygoTime != null">
                ygoTime = #{ygoTime,jdbcType=TIMESTAMP},
            </if>
            <!-- 应下课时间 -->
            <if test=" downTime != null">
                downTime = #{ downTime,jdbcType=TIMESTAMP},
            </if>
            <!-- 应上课时间 -->
            <if test=" goTime != null">
                goTime = #{ goTime,jdbcType=TIMESTAMP},
            </if>
            <!-- 状态 -->
            <if test="xstatus != null">
                xstatus = #{xstatus,jdbcType=INTEGER},
            </if>
            <!-- 课程ID -->
            <if test="courseId != null">
                courseId = #{courseId,jdbcType=BIGINT},
            </if>
            <!-- 班级ID -->
            <if test="classId != null">
                classId = #{classId,jdbcType=BIGINT},
            </if>
            <!-- 学员ID -->
            <if test="studentId != null">
                studentId = #{studentId,jdbcType=BIGINT},
            </if>
            <!-- 可用标识 -->
            <if test="isenabled != null">
                isenabled = #{isenabled,jdbcType=TINYINT},
            </if>
            <!-- 修改日期 -->
            <if test="modifytime != null">
                modifytime = #{modifytime,jdbcType=TIMESTAMP},
            </if>
            <!-- 修改人 -->
            <if test="modifier != null">
                modifier = #{modifier,jdbcType=BIGINT},
            </if>
            <!-- 备注 -->
            <if test="remark != null">
                remark = #{remark,jdbcType=VARCHAR},
            </if>
            <if test="cupHours != null">
                cupHours = #{cupHours,jdbcType=BIGINT},
            </if>

        </set>
        where 1=1
        <if test="par_classId != null" >
            and classId = #{par_classId}
        </if>
        <if test="par_courseId != null" >
            and courseId = #{par_courseId}
        </if>
    </update>


    <update id="batchUpdate" parameterType="java.util.List">
        <foreach collection="list" item="item" index="index" open="" close="" separator=";">
            update GL_ClassGo
            <set>
                <!-- 是否已评价 -->
                <if test="commented != null">
                    commented = #{commented,jdbcType=TINYINT},
                </if>
                <!-- 已消耗课时 -->
                <if test="uhours != null">
                    uhours = #{uhours,jdbcType=INTEGER},
                </if>
                <!-- 课消金额 -->
                <if test="unamount != null">
                    unamount = #{unamount,jdbcType=DECIMAL},
                </if>
                <!-- 实际下课时间 -->
                <if test="ydownTime != null">
                    ydownTime = #{ydownTime,jdbcType=TIMESTAMP},
                </if>
                <!-- 实际上课时间 -->
                <if test="ygoTime != null">
                    ygoTime = #{ygoTime,jdbcType=TIMESTAMP},
                </if>
                <!-- 应下课时间 -->
                <if test=" downTime != null">
                    downTime = #{ downTime,jdbcType=TIMESTAMP},
                </if>
                <!-- 应上课时间 -->
                <if test=" goTime != null">
                    goTime = #{goTime,jdbcType=TIMESTAMP},
                </if>
                <!-- 状态 -->
                <if test="xstatus != null">
                    xstatus = #{xstatus,jdbcType=INTEGER},
                </if>
                <!-- 课程ID -->
                <if test="courseId != null">
                    courseId = #{courseId,jdbcType=BIGINT},
                </if>
                <!-- 班级ID -->
                <if test="classId != null">
                    classId = #{classId,jdbcType=BIGINT},
                </if>
                <!-- 学员ID -->
                <if test="studentId != null">
                    studentId = #{studentId,jdbcType=BIGINT},
                </if>
                <!-- 可用标识 -->
                <if test="isenabled != null">
                    isenabled = #{isenabled,jdbcType=TINYINT},
                </if>
                <!-- 修改日期 -->
                <if test="modifytime != null">
                    modifytime = #{modifytime,jdbcType=TIMESTAMP},
                </if>
                <!-- 修改人 -->
                <if test="modifier != null">
                    modifier = #{modifier,jdbcType=BIGINT},
                </if>
                <!-- 备注 -->
                <if test="remark != null">
                    remark = #{remark,jdbcType=VARCHAR},
                </if>
                <if test="cupHours != null">
                    #{cupHours,jdbcType=BIGINT},
                </if>

            </set>
            where id = #{item.id,jdbcType=INTEGER}
        </foreach>
    </update>

    <delete id="delete" parameterType="java.lang.Long">
    delete from GL_ClassGo
    where id = #{id,jdbcType=INTEGER}
  </delete>

    <!-- 根据指定的参数，删除实体 -->
    <delete id="deleteByPars" parameterType="map">
        delete from GL_ClassGo
        where isenabled=1
        <if test="goTime != null">
            and goTime > #{goTime}
        </if>
        <if test="studentId != null">
            and studentId = #{studentId,jdbcType=INTEGER}
        </if>
        <if test="classId != null">
            and xstatus = 0  and classId = #{classId,jdbcType=INTEGER}
        </if>

    </delete>

    <delete id="deleteByIds">
    delete from GL_ClassGo
    where id in (${ids})
  </delete>

    <!-- 删除所有数据 -->
    <delete id="deleteAll">
    delete from GL_ClassGo
  </delete>

    <!-- 根据ID禁用或启用数据-->
    <update id="enabled">
        update GL_ClassGo
        <set>
            isenabled = #{isenabled,jdbcType=INTEGER}
        </set>
        where id=#{id,jdbcType=INTEGER}
    </update>

    <!-- 根据ID禁用或启用数据-->
    <update id="enabledByPars" parameterType="map">
        update GL_ClassGo
        <set>
            isenabled = #{isenabled,jdbcType=INTEGER}
        </set>
        where 1=1

        <if test="id != null">
            and id = #{id,jdbcType=INTEGER}
        </if>

        <if test="planIds != null">
            and planId in (${planIds})
        </if>

        <if test="name != null">
            and name like '%' || #{name,jdbcType=VARCHAR} || '%'
        </if>
        <if test="phone != null">
            and phone = #{name,jdbcType=VARCHAR}
        </if>

    </update>

    <!-- 根据多个ID禁用或启用数据-->
    <update id="enabledByIds">
        update GL_ClassGo
        <set>
            isenabled = #{isenabled,jdbcType=INTEGER}
        </set>
        where id in (${ids})
    </update>

    <!--
        获取上课班级
        @Author 肖家添
        @Date 2019/7/9 10:00
    -->
    <select id="getClassByParams" parameterType="java.util.Map" resultType="java.util.Map">
        select gco.id as classGoId, gcs.cname as className, date_format(gtn.startTime, '%Y年%m月%d日 %H时%i分') as classTime
        from gl_classGo gco
        inner join gl_class gcs on (gcs.id = gco.classId and gcs.isenabled = 1)
        inner join gl_tempplan gtn on (gtn.id = gco.planId and gtn.isenabled = 1)
        where gco.isenabled = 1

        <!-- 班级 -->
        <if test="classId != null and classId != ''">
            and gco.classId = #{classId}
        </if>

        <!-- 学生编号 -->
        <if test="studentId != null and studentId != ''">
            and gco.studentId = #{studentId}
        </if>

        <if test="groupBy != null">
            group by gco.classId
        </if>

        order by gco.goTime desc
    </select>
    
    <!--
        获取上课记录
        @Author 肖家添
        @Date 2019/7/17 11:44
    -->
    <select id="getClassGoByParams" parameterType="java.util.Map" resultType="java.util.Map">
        select gco.id, concat(date_format(gco.goTime, '%Y-%m-%d %H:%i'), '-', date_format(gco.downTime, '%H:%i')) as classTime,
        gce.cname as courseName, gcs.address,
        date_format(gco.goTime, '%Y-%m-%d %H:%i') as classGoTime,
        date_format(gco.downTime, '%Y-%m-%d %H:%i') as classDownTime,
        gtrMaster.tname as masterName, gtrCoach.tname as coachName
        from gl_classGo gco
        inner join gl_course gce on gce.id = gco.courseId
        inner join gl_class gcs on gcs.id = gco.classId
        left join gl_teacher gtrMaster on gtrMaster.id = gcs.master
        left join gl_teacher gtrCoach on gtrCoach.id = gcs.coach
        where 1 = 1

        <!-- 上课记录Id -->
        <if test="classGoId != null">
            and gco.id = #{classGoId}
        </if>
    </select>
    

    <select id="getClassGoByStudent" parameterType="java.util.Map" resultType="java.util.Map">
        select id, courseName, if(remainingHours &lt; 0, 0, remainingHours) as remainingHours, endDate from (
            select
            gel.id,
            gce.cname as courseName,
            (sum(gel.hours + gel.ghours - gel.thours - gel.stockUhours) - sum(gel.uhours)) as  remainingHours,
            max(date_format(gel.endDate, '%Y/%m/%d')) as endDate
            from gl_enroll gel
            inner join gl_course gce on gce.id = gel.courseId
            where gel.isenabled = 1
            and gce.isenabled = 1
            and gel.xstatus = 1
            and gel.studentId = #{studentId}
            group by gce.id
        ) tempTb
    </select>
</mapper>
