<?xml version="1.0" encoding="UTF-8" ?>
<!DOCTYPE mapper PUBLIC "-//mybatis.org//DTD Mapper 3.0//EN" "http://mybatis.org/dtd/mybatis-3-mapper.dtd" >
<mapper namespace="com.cmw.dao.ClassSetDao">
    <resultMap id="BaseResultMap" type="com.cmw.entity.ClassSetEntity">
        <id column="id" property="id" jdbcType="BIGINT"/>
        <!-- 下课时间 -->
        <result column="etime" property="etime" jdbcType="VARCHAR"/>
        <!-- 上课时间 -->
        <result column="stime" property="stime" jdbcType="VARCHAR"/>
        <!-- 循环规则值 -->
        <result column="ruleVals" property="ruleVals" jdbcType="VARCHAR"/>
        <!-- 循环规则名称 -->
        <result column="ruleNames" property="ruleNames" jdbcType="VARCHAR"/>
        <!-- 循环规则 -->
        <result column="rtype" property="rtype" jdbcType="INTEGER"/>
        <!-- 开始日期 -->
        <result column="startDate" property="startDate" jdbcType="DATE"/>
        <!-- 排课类型 -->
        <result column="ptype" property="ptype" jdbcType="INTEGER"/>
        <!-- 班级ID -->
        <result column="classId" property="classId" jdbcType="BIGINT"/>
        <!-- 创建人 -->
        <result column="creator" property="creator" jdbcType="BIGINT"/>
        <!-- 创建时间 -->
        <result column="createTime" property="createTime" jdbcType="TIMESTAMP"/>
        <!-- 创建机构 -->
        <result column="orgid" property="orgid" jdbcType="BIGINT"/>
        <!-- 创建部门 -->
        <result column="deptId" property="deptId" jdbcType="BIGINT"/>
        <!-- 可用标识 -->
        <result column="isenabled" property="isenabled" jdbcType="TINYINT"/>
        <!-- 修改日期 -->
        <result column="modifytime" property="modifytime" jdbcType="TIMESTAMP"/>
        <!-- 修改人 -->
        <result column="modifier" property="modifier" jdbcType="BIGINT"/>
        <!-- 备注 -->
        <result column="remark" property="remark" jdbcType="VARCHAR"/>

    </resultMap>
    <sql id="Base_Column_List">
 	id,etime,stime,ruleVals,ruleNames,rtype,startDate,ptype,classId,
	  creator,createTime,orgid,deptId,isenabled,modifytime,modifier,remark
  </sql>

    <select id="get" resultMap="BaseResultMap" parameterType="java.lang.Long">
        select
        <include refid="Base_Column_List"/>
        from GL_ClassSet
        where id = #{id,jdbcType=INTEGER}
    </select>

    <select id="getByPars" resultMap="BaseResultMap">
        select
        <include refid="Base_Column_List"/>
        from GL_ClassSet where isenabled=1
        <if test="classId != null">
            and classId = #{classId}
        </if>
    </select>

    <select id="getList" resultMap="BaseResultMap">
        select
        <include refid="Base_Column_List"/>
        from GL_ClassSet where isenabled=1
        <if test="classId != null">
            and classId = #{classId}
        </if>
    </select>

    <select id="getListMap" resultType="java.util.HashMap">
        select A.id,A.ruleNames,CONCAT(A.stime,' -- ',A.etime) as seTime,A.remark,A.createTime,B.id as coursePlanId
        from GL_ClassSet as A left join GL_CoursePlan as B on (A.id=B.formId and B.formType=1 AND B.isenabled=1) where
        A.isenabled=1
        <if test="classId != null">
            and A.classId = #{classId}
        </if>
    </select>


    <select id="getListAll" resultMap="BaseResultMap">
        select
        <include refid="Base_Column_List"/>
        from GL_ClassSet where 1=1
    </select>


    <select id="getPageByPars" resultType="java.util.Map">
        select
        <include refid="Base_Column_List"/>
        from GL_ClassSet where 1=1
        <!--
           <if test="name != null" >
           and name like '%' || #{name,jdbcType=VARCHAR} || '%'
        </if>
         <if test="age != null" >
          and age = #{age}
        </if>
       -->

        <if test="rightCondition != null">
            ${rightCondition}
        </if>

        order by id desc
        <if test="offset!=null and pageSize!=null">
            limit #{offset},#{pageSize}
        </if>
    </select>

    <!-- 获取总记录数 -->
    <select id="getTotals" resultType="java.lang.Long">
   	select count(1) as totalCount from GL_ClassSet where 1=1 
  </select>

    <!-- 根据参数获取总记录数 -->
    <select id="getTotalsByPars" resultType="java.lang.Long" parameterType="java.util.Map">
        select count(1) as totalCount from GL_ClassSet where 1=1
        <!--
     <if test="name != null" >
         and name like '%' || #{name,jdbcType=VARCHAR} || '%'
      </if>
       <if test="age != null" >
        and age = #{age}
      </if>
     -->
    </select>


    <!-- 获取最大ID -->
    <select id="getMaxID" resultType="java.lang.Long">
   	select max(id) as maxId from GL_ClassSet where 1=1 
  </select>

    <insert id="insert" useGeneratedKeys="true" keyProperty="id" parameterType="com.cmw.entity.ClassSetEntity">
      insert into GL_ClassSet (etime,stime,ruleVals,ruleNames,rtype,startDate,ptype,classId,
      creator,createTime,orgid,deptId,isenabled,remark)
    values (#{etime,jdbcType=VARCHAR},#{stime,jdbcType=VARCHAR},#{ruleVals,jdbcType=VARCHAR},
    #{ruleNames,jdbcType=VARCHAR},#{rtype,jdbcType=INTEGER},#{startDate,jdbcType=DATE},
    #{ptype,jdbcType=INTEGER},#{classId,jdbcType=BIGINT},#{creator,jdbcType=BIGINT},
    #{createTime,jdbcType=TIMESTAMP},#{orgid,jdbcType=BIGINT},#{deptId,jdbcType=BIGINT},#{isenabled,jdbcType=TINYINT},
    #{remark,jdbcType=VARCHAR})
  </insert>

    <insert id="batchInsert" parameterType="List" useGeneratedKeys="true" keyProperty="id">
        insert into GL_ClassSet (etime,stime,ruleVals,ruleNames,rtype,startDate,ptype,classId,
        creator,createTime,orgid,deptId,isenabled,remark) values
        <foreach item="item" collection="list" separator=",">
            (#{etime,jdbcType=VARCHAR},#{stime,jdbcType=VARCHAR},#{ruleVals,jdbcType=VARCHAR},#{ruleNames,jdbcType=VARCHAR},
            #{rtype,jdbcType=INTEGER},#{startDate,jdbcType=DATE},#{ptype,jdbcType=INTEGER},#{classId,jdbcType=BIGINT},
            #{creator,jdbcType=BIGINT},#{createTime,jdbcType=TIMESTAMP},#{orgid,jdbcType=BIGINT},#{deptId,jdbcType=BIGINT},#{isenabled,jdbcType=TINYINT},#{remark,jdbcType=VARCHAR})
        </foreach>
    </insert>

    <update id="update" parameterType="com.cmw.entity.ClassSetEntity">
        update GL_ClassSet
        <set>
            <!-- 下课时间 -->
            <if test="etime != null">
                etime = #{etime,jdbcType=VARCHAR},
            </if>
            <!-- 上课时间 -->
            <if test="stime != null">
                stime = #{stime,jdbcType=VARCHAR},
            </if>
            <!-- 循环规则值 -->
            <if test="ruleVals != null">
                ruleVals = #{ruleVals,jdbcType=VARCHAR},
            </if>
            <!-- 循环规则名称 -->
            <if test="ruleNames != null">
                ruleNames = #{ruleNames,jdbcType=VARCHAR},
            </if>
            <!-- 循环规则 -->
            <if test="rtype != null">
                rtype = #{rtype,jdbcType=INTEGER},
            </if>
            <!-- 开始日期 -->
            <if test="startDate != null">
                startDate = #{startDate,jdbcType=DATE},
            </if>
            <!-- 排课类型 -->
            <if test="ptype != null">
                ptype = #{ptype,jdbcType=INTEGER},
            </if>
            <!-- 班级ID -->
            <if test="classId != null">
                classId = #{classId,jdbcType=BIGINT},
            </if>
            <!-- 可用标识 -->
            <if test="isenabled != null">
                isenabled = #{isenabled,jdbcType=TINYINT},
            </if>
            <!-- 修改日期 -->
            <if test="modifytime != null">
                modifytime = #{modifytime,jdbcType=TIMESTAMP},
            </if>
            <!-- 修改人 -->
            <if test="modifier != null">
                modifier = #{modifier,jdbcType=BIGINT},
            </if>
            <!-- 备注 -->
            <if test="remark != null">
                remark = #{remark,jdbcType=VARCHAR},
            </if>

        </set>
        where id = #{id,jdbcType=INTEGER}
    </update>

    <update id="updateByPars" parameterType="map">
        update GL_ClassSet
        <set>
            <!-- 下课时间 -->
            <if test="etime != null">
                etime = #{etime,jdbcType=VARCHAR},
            </if>
            <!-- 上课时间 -->
            <if test="stime != null">
                stime = #{stime,jdbcType=VARCHAR},
            </if>
            <!-- 循环规则值 -->
            <if test="ruleVals != null">
                ruleVals = #{ruleVals,jdbcType=VARCHAR},
            </if>
            <!-- 循环规则名称 -->
            <if test="ruleNames != null">
                ruleNames = #{ruleNames,jdbcType=VARCHAR},
            </if>
            <!-- 循环规则 -->
            <if test="rtype != null">
                rtype = #{rtype,jdbcType=INTEGER},
            </if>
            <!-- 开始日期 -->
            <if test="startDate != null">
                startDate = #{startDate,jdbcType=DATE},
            </if>
            <!-- 排课类型 -->
            <if test="ptype != null">
                ptype = #{ptype},
            </if>

            <!-- 班级ID -->
            <if test="classId != null">
                classId = #{classId,jdbcType=BIGINT},
            </if>
            <!-- 可用标识 -->
            <if test="isenabled != null">
                isenabled = #{isenabled,jdbcType=TINYINT},
            </if>
            <!-- 修改日期 -->
            <if test="modifytime != null">
                modifytime = #{modifytime,jdbcType=TIMESTAMP},
            </if>
            <!-- 修改人 -->
            <if test="modifier != null">
                modifier = #{modifier,jdbcType=BIGINT},
            </if>
            <!-- 备注 -->
            <if test="remark != null">
                remark = #{remark,jdbcType=VARCHAR},
            </if>

        </set>
        where id = #{par_id}
    </update>


    <update id="batchUpdate" parameterType="java.util.List">
        <foreach collection="list" item="item" index="index" open="" close="" separator=";">
            update GL_ClassSet
            <set>
                <!-- 下课时间 -->
                <if test="etime != null">
                    etime = #{etime,jdbcType=VARCHAR},
                </if>
                <!-- 上课时间 -->
                <if test="stime != null">
                    stime = #{stime,jdbcType=VARCHAR},
                </if>
                <!-- 循环规则值 -->
                <if test="ruleVals != null">
                    ruleVals = #{ruleVals,jdbcType=VARCHAR},
                </if>
                <!-- 循环规则名称 -->
                <if test="ruleNames != null">
                    ruleNames = #{ruleNames,jdbcType=VARCHAR},
                </if>
                <!-- 循环规则 -->
                <if test="rtype != null">
                    rtype = #{rtype,jdbcType=INTEGER},
                </if>
                <!-- 开始日期 -->
                <if test="startDate != null">
                    startDate = #{startDate,jdbcType=DATE},
                </if>
                <!-- 排课类型 -->
                <if test="ptype != null">
                    ptype = #{ptype,jdbcType=INTEGER},
                </if>
                <!-- 班级ID -->
                <if test="classId != null">
                    classId = #{classId,jdbcType=BIGINT},
                </if>
                <!-- 可用标识 -->
                <if test="isenabled != null">
                    isenabled = #{isenabled,jdbcType=TINYINT},
                </if>
                <!-- 修改日期 -->
                <if test="modifytime != null">
                    modifytime = #{modifytime,jdbcType=DATE},
                </if>
                <!-- 修改人 -->
                <if test="modifier != null">
                    modifier = #{modifier,jdbcType=BIGINT},
                </if>
                <!-- 备注 -->
                <if test="remark != null">
                    remark = #{remark,jdbcType=VARCHAR},
                </if>

            </set>
            where id = #{item.id,jdbcType=INTEGER}
        </foreach>
    </update>

    <delete id="delete" parameterType="java.lang.Long">
    delete from GL_ClassSet
    where id = #{id,jdbcType=INTEGER}
  </delete>

    <!-- 根据指定的参数，删除实体 -->
    <delete id="deleteByPars" parameterType="map">
        delete from GL_ClassSet
        where 1=1

        <if test="id != null">
            and id = #{id,jdbcType=INTEGER}
        </if>

        <if test="name != null">
            and name like '%' || #{name,jdbcType=VARCHAR} || '%'
        </if>
        <if test="phone != null">
            and phone = #{name,jdbcType=VARCHAR}
        </if>
    </delete>

    <delete id="deleteByIds">
    delete from GL_ClassSet
    where id in (${ids})
  </delete>

    <!-- 删除所有数据 -->
    <delete id="deleteAll">
    delete from GL_ClassSet
  </delete>

    <!-- 根据ID禁用或启用数据-->
    <update id="enabled">
        update GL_ClassSet
        <set>
            isenabled = #{isenabled,jdbcType=INTEGER}
        </set>
        where id=#{id,jdbcType=INTEGER}
    </update>

    <!-- 根据ID禁用或启用数据-->
    <update id="enabledByPars" parameterType="map">
        update GL_ClassSet
        <set>
            isenabled = #{isenabled,jdbcType=INTEGER}
        </set>
        where 1=1

        <if test="id != null">
            and id = #{id,jdbcType=INTEGER}
        </if>

        <if test="name != null">
            and name like '%' || #{name,jdbcType=VARCHAR} || '%'
        </if>
        <if test="phone != null">
            and phone = #{name,jdbcType=VARCHAR}
        </if>

    </update>

    <!-- 根据多个ID禁用或启用数据-->
    <update id="enabledByIds">
        update GL_ClassSet
        <set>
            isenabled = #{isenabled,jdbcType=INTEGER}
        </set>
        where id in (${ids})
    </update>

</mapper>
