<?xml version="1.0" encoding="UTF-8" ?>
<!DOCTYPE mapper PUBLIC "-//mybatis.org//DTD Mapper 3.0//EN" "http://mybatis.org/dtd/mybatis-3-mapper.dtd" >
<mapper namespace="com.cmw.dao.CommentTagDao">

    <!--
        评论标签
        @Author 肖家添
        @Date 2019/8/13 16:45
    -->

    <resultMap id="BaseResultMap" type="com.cmw.entity.CommentTagEntity">

        <id column="id" property="id" jdbcType="BIGINT"/>
        <!-- 标签名称 -->
        <result column="tagName" property="tagName" jdbcType="VARCHAR"/>
        <!-- 用户Id -->
        <result column="userId" property="userId" jdbcType="BIGINT"/>
        <!-- 创建日期 -->
        <result column="createTime" property="createTime" jdbcType="TIMESTAMP"/>
        <!-- 可用标志 -->
        <result column="isenabled" property="isenabled" jdbcType="TINYINT"/>
    </resultMap>

    <sql id="Base_Table">
        GL_CommentTag
    </sql>

    <sql id="Base_Column_List">
        id, tagName, userId, createTime, isenabled
    </sql>
    
    <!--
        获取评论标签
        @Author 肖家添
        @Date 2019/8/13 17:18
    -->
    <select id="getCommentTag" parameterType="java.util.Map" resultMap="BaseResultMap">
        select gcg.*
        from <include refid="Base_Table"/> gcg
        where 1 = 1

        <!-- 用户Id -->
        <if test="userId != null">
            and gcg.userId = #{userId}
        </if>

        <!-- 数据状态 -->
        <if test="isenabled != null">
            and gcg.isenabled = #{isenabled}
        </if>

        <if test="randOrderBy != null">
            order by rand()
        </if>

        <if test="randOrderBy == null">
            order by gcg.createTime desc
        </if>

        <!-- 限制查询数量 -->
        <if test="dataCount != null and dataCount >= 0">
            limit ${dataCount}
        </if>
    </select>
    
    <!--
        插入
        @Author 肖家添
        @Date 2019/8/14 14:29
    -->
    <insert id="insert" useGeneratedKeys="true" keyProperty="id" parameterType="com.cmw.entity.CommentTagEntity" >
        insert into
        <include refid="Base_Table"/>
        (
        <include refid="Base_Column_List"/>
        ) values
        (
            null,
            #{tagName, jdbcType=VARCHAR},
            #{userId, jdbcType=BIGINT},
            #{createTime, jdbcType=TIMESTAMP},
            #{isenabled, jdbcType=TINYINT}
        )
    </insert>

    <!--
        批量插入
        @Author 肖家添
        @Date 2019/8/13 16:53
    -->
    <insert id="batchInsert" parameterType="List" useGeneratedKeys="true" keyProperty="id">
        insert into
        <include refid="Base_Table"/>
        (
            <include refid="Base_Column_List"/>
        ) values
        <foreach item="item" collection="list" separator=",">
            (
                null,
                #{item.tagName, jdbcType=VARCHAR},
                #{item.userId, jdbcType=BIGINT},
                #{item.createTime, jdbcType=TIMESTAMP},
                #{item.isenabled, jdbcType=TINYINT}
            )
        </foreach>
    </insert>
    
    <!--
        更新
        @Author 肖家添
        @Date 2019/8/14 14:30
    -->
    <update id="update" parameterType="com.cmw.entity.CommentTagEntity" >
        update
        <include refid="Base_Table"/>
        <set>

            <!-- 标签名称 -->
            <if test="tagName != null" >
                tagName = #{tagName, jdbcType=VARCHAR},
            </if>

            <!-- 可用标识 -->
            <if test="isenabled != null" >
                isenabled = #{isenabled, jdbcType=TINYINT},
            </if>
        </set>
        where id = #{id,jdbcType=INTEGER}
    </update>

    <!--
        [上架] [下架] [删除]
        @Author 肖家添
        @Date 2019/8/14 11:29
    -->
    <update id="enabledByIds">
        update
        <include refid="Base_Table"/>
        <set>
            isenabled = #{isenabled}
        </set>
        where id in (${ids})
    </update>

</mapper>
