<?xml version="1.0" encoding="UTF-8" ?>
<!DOCTYPE mapper PUBLIC "-//mybatis.org//DTD Mapper 3.0//EN" "http://mybatis.org/dtd/mybatis-3-mapper.dtd" >
<mapper namespace="com.cmw.dao.CommentDao">
    <resultMap id="BaseResultMap" type="com.cmw.entity.CommentEntity">
        <id column="id" property="id" jdbcType="BIGINT"/>
        <!-- 可用标识 -->
        <result column="isenabled" property="isenabled" jdbcType="TINYINT"/>
        <!-- 评论时间 -->
        <result column=" createTime" property=" createTime" jdbcType="TIMESTAMP"/>
        <!-- 内容 -->
        <result column=" content" property=" content" jdbcType="VARCHAR"/>
        <!-- 得分 -->
        <result column="stars" property="stars" jdbcType="INTEGER"/>
        <!-- 评论人 -->
        <result column="cperson" property="cperson" jdbcType="BIGINT"/>
        <!--  评论人类型 -->
        <result column="ctype" property="ctype" jdbcType="INTEGER"/>
        <!--  被评论对象 -->
        <result column="toMan" property="toMan" jdbcType="VARCHAR"/>
        <!--  被评论对象ID -->
        <result column="toManId" property="toManId" jdbcType="BIGINT"/>
    </resultMap>
    <sql id="Base_Column_List">
 	id,isenabled, createTime, content,stars,cperson,ctype,toMan
  </sql>

    <select id="get" resultMap="BaseResultMap" parameterType="java.lang.Long">
        select
        <include refid="Base_Column_List"/>
        from GL_Comment
        where id = #{id,jdbcType=INTEGER}
    </select>

    <select id="getByPars" resultMap="BaseResultMap">
        select
        <include refid="Base_Column_List"/>
        from GL_Comment where 1=1
        <!--
            <if test="name != null" >
              and name like '%' || #{name,jdbcType=VARCHAR} || '%'
           </if>
            <if test="age != null" >
             and age = #{age}
           </if>
          -->
    </select>

    <select id="getList" resultMap="BaseResultMap">
        select
        <include refid="Base_Column_List"/>
        from GL_Comment where 1=1
        <!--
         <if test="name != null" >
             and name like '%' || #{name,jdbcType=VARCHAR} || '%'
          </if>
           <if test="age != null" >
            and age = #{age}
          </if>
         -->
    </select>

    <select id="getListMap" resultType="java.util.HashMap">
        select A.id,A.toMan,A.stars,A.content, DATE_FORMAT(A.createTime,'%Y-%m-%d') as createTime
        from gl_comment as A
        where A.isenabled=1
        <if test="ctype != null">
            and A.ctype=#{ctype}
        </if>
        <if test="ctype != null">
            <choose>
                <!-- 查询指定学生给出的评论	  -->
                <when test="ctype eq 1">
                    and A.cperson = #{cperson}
                </when>
                <!-- 查询指定老师给出的评论	  -->
                <when test="ctype eq 2">
                    and A.cperson = #{cperson}
                </when>
            </choose>
        </if>
        <if test="userId != null">
            and A.cperson=#{userId}
        </if>
        <if test="memberId != null">
            and A.cperson=#{memberId}
        </if>
        <if test="classGoId != null">
            and A.classGoId=#{classGoId}
        </if>

        <if test="tag != null">
            <choose>
                <!-- 1 - 2 星 tag = stars_one	  -->
                <when test="tag == 'stars_one'">
                    and A.stars in (1,2)
                </when>
                <!--  2 - 4 星 tag = stars_two	  -->
                <when test="tag == 'stars_two'">
                    and A.stars in (2,4)
                </when>
                <!--  5 星	  -->
                <otherwise>
                    and A.stars in (5)
                </otherwise>

            </choose>
        </if>

        order by A.id desc
    </select>


    <select id="getListAll" resultMap="BaseResultMap">
        select
        <include refid="Base_Column_List"/>
        from GL_Comment where 1=1
    </select>

    <select id="getPageByPars" resultType="java.util.Map">
        select
        gct.*, ttr.tname as teacherName, gst.sname as studentName
        from gl_comment gct
        left join gl_teacher ttr on ttr.id = gct.cperson
        left join gl_student gst on gst.id = gct.toManId
        where gct.isenabled = 1
        and gct.ctype = 2

        <!-- 上课记录Id -->
        <if test="classGoId != null">
            and gct.classGoId=#{classGoId}
        </if>

        order by gct.id desc

        <if test="offset!=null and pageSize!=null">
            limit #{offset}, #{pageSize}
        </if>

    </select>

    <!-- 获取总记录数 -->
    <select id="getTotals" resultType="java.lang.Long">
   	select count(1) as totalCount from GL_Comment where 1=1 
  </select>

    <!-- 根据参数获取总记录数 -->
    <select id="getTotalsByPars" resultType="java.lang.Long" parameterType="java.util.Map">
        select count(1) as totalCount from GL_Comment where 1=1
        <!--
     <if test="name != null" >
         and name like '%' || #{name,jdbcType=VARCHAR} || '%'
      </if>
       <if test="age != null" >
        and age = #{age}
      </if>
     -->
    </select>


    <!-- 获取最大ID -->
    <select id="getMaxID" resultType="java.lang.Long">
   	select max(id) as maxId from GL_Comment where 1=1 
  </select>

    <insert id="insert" useGeneratedKeys="true" keyProperty="id" parameterType="com.cmw.entity.CommentEntity">
      insert into GL_Comment (isenabled, createTime, content,stars,cperson,ctype,toMan,classGoId,toManId)
    values (#{isenabled,jdbcType=TINYINT},#{ createTime,jdbcType=TIMESTAMP},#{content,jdbcType=VARCHAR},#{stars,jdbcType=INTEGER},
    #{cperson,jdbcType=BIGINT},#{ctype,jdbcType=INTEGER},#{toMan,jdbcType=VARCHAR},#{classGoId,jdbcType=INTEGER},#{toManId,jdbcType=INTEGER})
  </insert>

    <insert id="batchInsert" parameterType="List" useGeneratedKeys="true" keyProperty="id">
        insert into GL_Comment (isenabled, createTime, content,stars,cperson,ctype) values
        <foreach item="item" collection="list" separator=",">
            (#{isenabled,jdbcType=TINYINT},#{ createTime,jdbcType=TIMESTAMP},#{ content,jdbcType=VARCHAR},#{stars,jdbcType=INTEGER},#{cperson,jdbcType=BIGINT},#{ctype,jdbcType=INTEGER})
        </foreach>
    </insert>

    <update id="update" parameterType="com.cmw.entity.CommentEntity">
        update GL_Comment
        <set>
            <!-- 被评论对象 -->
            <if test="toMan != null">
                toMan = #{toMan,jdbcType=VARCHAR},
            </if>
            <!-- 可用标识 -->
            <if test="isenabled != null">
                isenabled = #{isenabled,jdbcType=TINYINT},
            </if>
            <!-- 评论时间 -->
            <if test=" createTime != null">
                createTime = #{ createTime,jdbcType=TIMESTAMP},
            </if>
            <!-- 内容 -->
            <if test=" content != null">
                content = #{ content,jdbcType=VARCHAR},
            </if>
            <!-- 得分 -->
            <if test="stars != null">
                stars = #{stars,jdbcType=INTEGER},
            </if>
            <!-- 评论人 -->
            <if test="cperson != null">
                cperson = #{cperson,jdbcType=BIGINT},
            </if>
            <!--  评论人类型 -->
            <if test="ctype != null">
                ctype = #{ctype,jdbcType=INTEGER},
            </if>

        </set>
        where id = #{id,jdbcType=INTEGER}
    </update>

    <update id="updateByPars" parameterType="map">
        update GL_Comment
        <set>
            <!-- 被评论对象 -->
            <if test="toMan != null">
                toMan = #{toMan,jdbcType=VARCHAR},
            </if>
            <!-- 可用标识 -->
            <if test="isenabled != null">
                isenabled = #{isenabled,jdbcType=TINYINT},
            </if>
            <!-- 评论时间 -->
            <if test=" createTime != null">
                createTime = #{ createTime,jdbcType=TIMESTAMP},
            </if>
            <!-- 内容 -->
            <if test=" content != null">
                content = #{ content,jdbcType=VARCHAR},
            </if>
            <!-- 得分 -->
            <if test="stars != null">
                stars = #{stars,jdbcType=INTEGER},
            </if>
            <!-- 评论人 -->
            <if test="cperson != null">
                cperson = #{cperson,jdbcType=BIGINT},
            </if>
            <!--  评论人类型 -->
            <if test="ctype != null">
                ctype = #{ctype,jdbcType=INTEGER},
            </if>

        </set>
        where 1=1
        <!-- where 条件参数必须加上 par_+wherePars参数key -->
        <!--
         <if test="par_id != null" >
           and id = #{par_id}
         </if>

        <if test="par_name != null" >
            and name like '%' || #{par_name,jdbcType=VARCHAR} || '%'
         </if>
          <if test="par_phone != null" >
           and phone = '${par_phone}'
         </if>
         -->
    </update>


    <update id="batchUpdate" parameterType="java.util.List">
        <foreach collection="list" item="item" index="index" open="" close="" separator=";">
            update GL_Comment
            <set>
                <!-- 可用标识 -->
                <if test="isenabled != null">
                    isenabled = #{isenabled,jdbcType=TINYINT},
                </if>
                <!-- 评论时间 -->
                <if test=" createTime != null">
                    createTime = #{ createTime,jdbcType=TIMESTAMP},
                </if>
                <!-- 内容 -->
                <if test=" content != null">
                    content = #{ content,jdbcType=VARCHAR},
                </if>
                <!-- 得分 -->
                <if test="stars != null">
                    stars = #{stars,jdbcType=INTEGER},
                </if>
                <!-- 评论人 -->
                <if test="cperson != null">
                    cperson = #{cperson,jdbcType=BIGINT},
                </if>
                <!--  评论人类型 -->
                <if test="ctype != null">
                    ctype = #{ctype,jdbcType=INTEGER},
                </if>

            </set>
            where id = #{item.id,jdbcType=INTEGER}
        </foreach>
    </update>

    <delete id="delete" parameterType="java.lang.Long">
    delete from GL_Comment
    where id = #{id,jdbcType=INTEGER}
  </delete>

    <!-- 根据指定的参数，删除实体 -->
    <delete id="deleteByPars" parameterType="map">
        delete from GL_Comment
        where 1=1

        <if test="id != null">
            and id = #{id,jdbcType=INTEGER}
        </if>

        <if test="name != null">
            and name like '%' || #{name,jdbcType=VARCHAR} || '%'
        </if>
        <if test="phone != null">
            and phone = #{name,jdbcType=VARCHAR}
        </if>
    </delete>

    <delete id="deleteByIds">
    delete from GL_Comment
    where id in (${ids})
  </delete>

    <!-- 删除所有数据 -->
    <delete id="deleteAll">
    delete from GL_Comment
  </delete>

    <!-- 根据ID禁用或启用数据-->
    <update id="enabled">
        update GL_Comment
        <set>
            isenabled = #{isenabled,jdbcType=INTEGER}
        </set>
        where id=#{id,jdbcType=INTEGER}
    </update>

    <!-- 根据ID禁用或启用数据-->
    <update id="enabledByPars" parameterType="map">
        update GL_Comment
        <set>
            isenabled = #{isenabled,jdbcType=INTEGER}
        </set>
        where 1=1

        <if test="id != null">
            and id = #{id,jdbcType=INTEGER}
        </if>

        <if test="name != null">
            and name like '%' || #{name,jdbcType=VARCHAR} || '%'
        </if>
        <if test="phone != null">
            and phone = #{name,jdbcType=VARCHAR}
        </if>

    </update>

    <!-- 根据多个ID禁用或启用数据-->
    <update id="enabledByIds">
        update GL_Comment
        <set>
            isenabled = #{isenabled,jdbcType=INTEGER}
        </set>
        where id in (${ids})
    </update>

    <!-- 获取评论 -->
    <select id="getCommentByPars" resultType="java.util.Map" parameterType="java.util.Map">
        <if test="toManId != null and toManId != ''">
            select gct.id, gct.toMan, gct.stars, gct.content, DATE_FORMAT(gct.createTime,'%Y-%m-%d') as createTime
            from gl_comment as gct
            where gct.isenabled = 1
            and gct.toManId = #{toManId}

            <!-- 评论人类型 -->
            <if test="ctype != null and ctype != ''">
                and gct.ctype = #{ctype}
            </if>
        </if>
    </select>

</mapper>
