<?xml version="1.0" encoding="UTF-8" ?>
<!DOCTYPE mapper PUBLIC "-//mybatis.org//DTD Mapper 3.0//EN" "http://mybatis.org/dtd/mybatis-3-mapper.dtd" >
<mapper namespace="com.cmw.dao.CoursePlanDao" >
  <resultMap id="BaseResultMap" type="com.cmw.entity.CoursePlanEntity" >
  	<id column="id" property="id" jdbcType="BIGINT" />
	<!-- 视频 -->
	<result column="vedioPath" property="vedioPath" jdbcType="VARCHAR"/>
	<!-- 图片 -->
	<result column="imgPath" property="imgPath" jdbcType="VARCHAR"/>
	<!-- 描述 -->
	<result column="describes" property="describes" jdbcType="VARCHAR"/>
	<!-- 标题 -->
	<result column="title" property="title" jdbcType="VARCHAR"/>
	<!-- 课程ID -->
	<result column="courseId" property="courseId" jdbcType="BIGINT"/>
	<!-- 创建人 -->
	<result column="creator" property="creator" jdbcType="BIGINT"/>
	<!-- 创建时间 -->
	<result column="createTime" property="createTime" jdbcType="TIMESTAMP"/>
	<!-- 创建机构 -->
	<result column="orgid" property="orgid" jdbcType="BIGINT"/>
	<!-- 创建部门 -->
	<result column="deptId" property="deptId" jdbcType="BIGINT"/>
	<!-- 可用标识 -->
	<result column="isenabled" property="isenabled" jdbcType="TINYINT"/>
	<!-- 修改日期 -->
	<result column="modifytime" property="modifytime" jdbcType="TIMESTAMP"/>
	<!-- 修改人 -->
	<result column="modifier" property="modifier" jdbcType="BIGINT"/>
	<!-- 备注 -->
	<result column="remark" property="remark" jdbcType="VARCHAR"/>
	  <!-- 业务类型 2019-10-12 14:47 -->
	  <result column="formType" property="formType" jdbcType="INTEGER"/>
	  <!-- 业务ID -->
	  <result column="formId" property="formId" jdbcType="BIGINT"/>

  </resultMap>
  <sql id="Base_Column_List" >
 	id,vedioPath,imgPath,describes,title,courseId,creator,createTime,orgid,deptId,isenabled,modifytime,modifier,remark
   ,formType,formId
  </sql>
  
  <select id="get" resultMap="BaseResultMap" parameterType="java.lang.Long">
   	select 
   	 <include refid="Base_Column_List" />
    from GL_CoursePlan
    where id = #{id,jdbcType=INTEGER}
  </select>

  <select id="getByPars" resultMap="BaseResultMap">
   	select 
   	 <include refid="Base_Column_List" />
    from GL_CoursePlan where isenabled=1
	  <if test="courseId != null" >
		  and courseId = #{courseId}
	  </if>

	  <if test="formType != null" >
		  and formType = #{formType}
	  </if>

	  <if test="formId != null" >
		  and formId = #{formId}
	  </if>
  </select>
  
   <select id="getList" resultMap="BaseResultMap">
   	select 
   	 <include refid="Base_Column_List" />
    from GL_CoursePlan where isenabled=1
	   <if test="courseId != null" >
		   and courseId = #{courseId}
	   </if>

	   <if test="formType != null" >
		   and formType = #{formType}
	   </if>

	   <if test="formId != null" >
		   and formId = #{formId}
	   </if>
  </select>


	<!-- 根据业务类型获取courseId -->
	<select id="getCourseId" resultType="java.lang.Long" parameterType="java.util.Map">
		<choose>
			<when test="formType == 1">
				select A.courseId from gl_class as A inner join gl_classset AS B on A.id=B.classId where B.id=#{formId}
			</when>
			<when test="formType == 2">
				select A.courseId from gl_class as A inner join gl_tempplan AS B on A.id=B.classId where B.id=#{formId}
			</when>
		</choose>
	</select>

  
  <select id="getListMap" resultType="java.util.HashMap">
   	 select 
   	 <include refid="Base_Column_List" />
     from GL_CoursePlan where 1=1 
     <!-- 
   	 <if test="name != null" >
         and name like '%' || #{name,jdbcType=VARCHAR} || '%'
      </if>
       <if test="age != null" >
        and age = #{age}
      </if>
     -->
  </select>
  
  
  <select id="getListAll" resultMap="BaseResultMap">
   	select 
   	 <include refid="Base_Column_List" />
    from GL_CoursePlan where 1=1 
  </select>
  
  
  <select id="getPageByPars" resultMap="BaseResultMap">
   	select 
   	 <include refid="Base_Column_List" />
    from GL_CoursePlan where 1=1 
      <!-- 
   	  <if test="name != null" >
         and name like '%' || #{name,jdbcType=VARCHAR} || '%'
      </if>
       <if test="age != null" >
        and age = #{age}
      </if>
     -->
       order by id desc 
        <if test="offset!=null and pageSize!=null">  
	        limit #{offset},#{pageSize}
	    </if>
  </select>
  
  <!-- 获取总记录数 -->
  <select id="getTotals" resultType="java.lang.Long">
   	select count(1) as totalCount from GL_CoursePlan where 1=1 
  </select>
  
   <!-- 根据参数获取总记录数 -->
  <select id="getTotalsByPars" resultType="java.lang.Long" parameterType="java.util.Map">
   	select count(1) as totalCount from GL_CoursePlan where 1=1 
   	 <!-- 
     <if test="name != null" >
         and name like '%' || #{name,jdbcType=VARCHAR} || '%'
      </if>
       <if test="age != null" >
        and age = #{age}
      </if>
     -->
  </select>
  
  
  <!-- 获取最大ID -->
  <select id="getMaxID"  resultType="java.lang.Long">
   	select max(id) as maxId from GL_CoursePlan where 1=1 
  </select>
  
  <insert id="insert" useGeneratedKeys="true" keyProperty="id" parameterType="com.cmw.entity.CoursePlanEntity" >
      insert into GL_CoursePlan (vedioPath,imgPath,describes,title,courseId,creator,createTime,orgid,deptId,isenabled,remark,formType,formId)
    values (#{vedioPath,jdbcType=VARCHAR},#{imgPath,jdbcType=VARCHAR},#{describes,jdbcType=VARCHAR},#{title,jdbcType=VARCHAR},
    #{courseId,jdbcType=BIGINT},#{creator,jdbcType=BIGINT},#{createTime,jdbcType=TIMESTAMP},#{orgid,jdbcType=BIGINT},
    #{deptId,jdbcType=BIGINT},#{isenabled,jdbcType=TINYINT},#{remark,jdbcType=VARCHAR},#{formType,jdbcType=INTEGER},#{formId,jdbcType=BIGINT})
   
  </insert>
  
  <insert id="batchInsert" parameterType="List" useGeneratedKeys="true" keyProperty="id">
	 insert into GL_CoursePlan (vedioPath,imgPath,describes,title,courseId,creator,createTime,orgid,deptId,isenabled,remark) values
	  <foreach item="item" collection="list" separator=",">
	    (#{vedioPath,jdbcType=VARCHAR},#{imgPath,jdbcType=VARCHAR},#{describes,jdbcType=VARCHAR},#{title,jdbcType=VARCHAR},#{courseId,jdbcType=BIGINT},#{creator,jdbcType=BIGINT},#{createTime,jdbcType=TIMESTAMP},#{orgid,jdbcType=BIGINT},#{deptId,jdbcType=BIGINT},#{isenabled,jdbcType=TINYINT},#{remark,jdbcType=VARCHAR})
	  </foreach>
  </insert>
  
   <update id="update" parameterType="com.cmw.entity.CoursePlanEntity" >
    update GL_CoursePlan
    <set>
		<!-- 视频 -->
		<if test="vedioPath != null" >
		  vedioPath = #{vedioPath,jdbcType=VARCHAR},
		</if>
		<!-- 图片 -->
		<if test="imgPath != null" >
		  imgPath = #{imgPath,jdbcType=VARCHAR},
		</if>
		<!-- 描述 -->
		<if test="describes != null" >
		  describes = #{describes,jdbcType=VARCHAR},
		</if>
		<!-- 标题 -->
		<if test="title != null" >
		  title = #{title,jdbcType=VARCHAR},
		</if>
		<!-- 课程ID -->
		<if test="courseId != null" >
		  courseId = #{courseId,jdbcType=BIGINT},
		</if>
		<!-- 可用标识 -->
		<if test="isenabled != null" >
		  isenabled = #{isenabled,jdbcType=TINYINT},
		</if>
		<!-- 修改日期 -->
		<if test="modifytime != null" >
		  modifytime = #{modifytime,jdbcType=TIMESTAMP},
		</if>
		<!-- 修改人 -->
		<if test="modifier != null" >
		  modifier = #{modifier,jdbcType=BIGINT},
		</if>
		<!-- 备注 -->
		<if test="remark != null" >
		  remark = #{remark,jdbcType=VARCHAR},
		</if>
		<!-- 业务类型 -->
		<if test="formType != null" >
			formType = #{formType,jdbcType=INTEGER},
		</if>
		<!-- 业务ID -->
		<if test="formId != null" >
			formId = #{formId,jdbcType=BIGINT},
		</if>
    </set>
    where id = #{id,jdbcType=INTEGER}
  </update>
  
   <update id="updateByPars" parameterType="map">
    update GL_CoursePlan
    <set>
		<!-- 视频 -->
		<if test="vedioPath != null" >
		  vedioPath = #{vedioPath,jdbcType=VARCHAR},
		</if>
		<!-- 图片 -->
		<if test="imgPath != null" >
		  imgPath = #{imgPath,jdbcType=VARCHAR},
		</if>
		<!-- 描述 -->
		<if test="describes != null" >
		  describes = #{describes,jdbcType=VARCHAR},
		</if>
		<!-- 标题 -->
		<if test="title != null" >
		  title = #{title,jdbcType=VARCHAR},
		</if>
		<!-- 课程ID -->
		<if test="courseId != null" >
		  courseId = #{courseId,jdbcType=BIGINT},
		</if>
		<!-- 可用标识 -->
		<if test="isenabled != null" >
		  isenabled = #{isenabled,jdbcType=TINYINT},
		</if>
		<!-- 修改日期 -->
		<if test="modifytime != null" >
		  modifytime = #{modifytime,jdbcType=TIMESTAMP},
		</if>
		<!-- 修改人 -->
		<if test="modifier != null" >
		  modifier = #{modifier,jdbcType=BIGINT},
		</if>
		<!-- 备注 -->
		<if test="remark != null" >
		  remark = #{remark,jdbcType=VARCHAR},
		</if>

    <!--
      <if test="name != null" >
        name = #{name,jdbcType=VARCHAR},
      </if>
       <if test="age != null" >
        age = #{age,jdbcType=INTEGER},
      </if>
       <if test="phone != null" >
        phone = #{phone,jdbcType=VARCHAR},
      </if>
      -->
    </set>
    where 1=1 
     <!-- where 条件参数必须加上 par_+wherePars参数key -->
     <!-- 
      <if test="par_id != null" >
        and id = #{par_id}
      </if>
       
     <if test="par_name != null" >
         and name like '%' || #{par_name,jdbcType=VARCHAR} || '%'
      </if>
       <if test="par_phone != null" >
        and phone = '${par_phone}'
      </if>
      -->
  </update>
  
  
  <update id="batchUpdate"  parameterType="java.util.List">  
      <foreach collection="list" item="item" index="index" open="" close="" separator=";">  
            update GL_CoursePlan   
            <set>  
            			<!-- 视频 -->
		<if test="vedioPath != null" >
		  vedioPath = #{vedioPath,jdbcType=VARCHAR},
		</if>
		<!-- 图片 -->
		<if test="imgPath != null" >
		  imgPath = #{imgPath,jdbcType=VARCHAR},
		</if>
		<!-- 描述 -->
		<if test="describes != null" >
		  describes = #{describes,jdbcType=VARCHAR},
		</if>
		<!-- 标题 -->
		<if test="title != null" >
		  title = #{title,jdbcType=VARCHAR},
		</if>
		<!-- 课程ID -->
		<if test="courseId != null" >
		  courseId = #{courseId,jdbcType=BIGINT},
		</if>
		<!-- 可用标识 -->
		<if test="isenabled != null" >
		  isenabled = #{isenabled,jdbcType=TINYINT},
		</if>
		<!-- 修改日期 -->
		<if test="modifytime != null" >
		  modifytime = #{modifytime,jdbcType=TIMESTAMP},
		</if>
		<!-- 修改人 -->
		<if test="modifier != null" >
		  modifier = #{modifier,jdbcType=BIGINT},
		</if>
		<!-- 备注 -->
		<if test="remark != null" >
		  remark = #{remark,jdbcType=VARCHAR},
		</if>

			    <!--
			      <if test="name != null" >
			        name = #{name,jdbcType=VARCHAR},
			      </if>
			       <if test="age != null" >
			        age = #{age,jdbcType=INTEGER},
			      </if>
			       <if test="phone != null" >
			        phone = #{phone,jdbcType=VARCHAR},
			      </if>
			      -->
		    </set>
		    where id = #{item.id,jdbcType=INTEGER}
     </foreach>  
  </update>  
  
  <delete id="delete" parameterType="java.lang.Long" >
    delete from GL_CoursePlan
    where id = #{id,jdbcType=INTEGER}
  </delete>
  
  <!-- 根据指定的参数，删除实体 -->
  <delete id="deleteByPars" parameterType="map" >
    delete from GL_CoursePlan
     where 1=1 
     
      <if test="id != null" >
        and id = #{id,jdbcType=INTEGER}
      </if>
       
     <if test="name != null" >
        and name like '%' || #{name,jdbcType=VARCHAR} || '%'
      </if>
       <if test="phone != null" >
        and phone = #{name,jdbcType=VARCHAR}
      </if>
  </delete>
  
   <delete id="deleteByIds" >
    delete from GL_CoursePlan
    where id in (${ids})
  </delete>
  
  <!-- 删除所有数据 -->
  <delete id="deleteAll" >
    delete from GL_CoursePlan
  </delete>
  
  <!-- 根据ID禁用或启用数据-->
  <update id="enabled">
    update GL_CoursePlan
    <set>
        isenabled = #{isenabled,jdbcType=INTEGER}
    </set>
    where id=#{id,jdbcType=INTEGER}
  </update>
  
   <!-- 根据ID禁用或启用数据-->
  <update id="enabledByPars" parameterType="map">
    update GL_CoursePlan
    <set>
        isenabled = #{isenabled,jdbcType=INTEGER}
    </set>
     where 1=1 
    
      <if test="id != null" >
        and id = #{id,jdbcType=INTEGER}
      </if>
       
     <if test="name != null" >
         and name like '%' || #{name,jdbcType=VARCHAR} || '%'
      </if>
       <if test="phone != null" >
         and phone = #{name,jdbcType=VARCHAR}
      </if>
     
  </update>
  
   <!-- 根据多个ID禁用或启用数据-->
  <update id="enabledByIds">
    update GL_CoursePlan
    <set>
        isenabled = #{isenabled,jdbcType=INTEGER}
    </set>
    where id in (${ids})
  </update>
  
</mapper>
