<?xml version="1.0" encoding="UTF-8" ?>
<!DOCTYPE mapper PUBLIC "-//mybatis.org//DTD Mapper 3.0//EN" "http://mybatis.org/dtd/mybatis-3-mapper.dtd" >
<mapper namespace="com.cmw.dao.CourseDao">
    <resultMap id="BaseResultMap" type="com.cmw.entity.CourseEntity">
        <id column="id" property="id" jdbcType="BIGINT"/>
        <!-- 课程图片附件ID -->
        <result column="attachId" property="attachId" jdbcType="BIGINT"/>
        <!-- 课程图片 -->
        <result column="imgPath" property="imgPath" jdbcType="VARCHAR"/>
        <!-- 课程描述 -->
        <result column="describes" property="describes" jdbcType="VARCHAR"/>
        <!-- 课程单价 -->
        <result column="price" property="price" jdbcType="DECIMAL"/>
        <!-- 学生数量(最多) -->
        <result column="maxCount" property="maxCount" jdbcType="INTEGER"/>
        <!-- 学生数量(最少) -->
        <result column="minCount" property="minCount" jdbcType="INTEGER"/>
        <!-- 适用学校 -->
        <result column="schoolId" property="schoolId" jdbcType="BIGINT"/>
        <!-- 区 -->
        <result column="areaId" property="areaId" jdbcType="BIGINT"/>
        <!-- 市 -->
        <result column="cityId" property="cityId" jdbcType="BIGINT"/>
        <!-- 省 -->
        <result column="provinceId" property="provinceId" jdbcType="BIGINT"/>
        <!-- 课程对象 -->
        <result column="obj" property="obj" jdbcType="VARCHAR"/>
        <!-- 课程名称 -->
        <result column="cname" property="cname" jdbcType="VARCHAR"/>
        <!-- 创建人 -->
        <result column="creator" property="creator" jdbcType="BIGINT"/>
        <!-- 创建时间 -->
        <result column="createTime" property="createTime" jdbcType="TIMESTAMP"/>
        <!-- 创建机构 -->
        <result column="orgid" property="orgid" jdbcType="BIGINT"/>
        <!-- 创建部门 -->
        <result column="deptId" property="deptId" jdbcType="BIGINT"/>
        <!-- 可用标识 -->
        <result column="isenabled" property="isenabled" jdbcType="TINYINT"/>
        <!-- 修改日期 -->
        <result column="modifytime" property="modifytime" jdbcType="TIMESTAMP"/>
        <!-- 修改人 -->
        <result column="modifier" property="modifier" jdbcType="BIGINT"/>
        <!-- 备注 -->
        <result column="remark" property="remark" jdbcType="VARCHAR"/>

    </resultMap>
    <sql id="Base_Column_List">
        id,attachId,imgPath,describes,price,maxCount,minCount,schoolId,areaId,cityId,provinceId,obj,cname,creator,createTime,orgid,deptId,isenabled,modifytime,modifier,remark
        <!-- id, name, age, phone-->
    </sql>

    <select id="get" resultMap="BaseResultMap" parameterType="java.lang.Long">
        select
        <include refid="Base_Column_List"/>
        from GL_Course
        where id = #{id,jdbcType=INTEGER}
    </select>

    <select id="getByPars" resultMap="BaseResultMap">
        select
        <include refid="Base_Column_List"/>
        from GL_Course where 1=1
        <!--
            <if test="name != null" >
              and name like '%' || #{name,jdbcType=VARCHAR} || '%'
           </if>
            <if test="age != null" >
             and age = #{age}
           </if>
          -->
    </select>

    <select id="getList" resultMap="BaseResultMap">
        select
        <include refid="Base_Column_List"/>
        from GL_Course where 1=1
        <!--
         <if test="name != null" >
             and name like '%' || #{name,jdbcType=VARCHAR} || '%'
          </if>
           <if test="age != null" >
            and age = #{age}
          </if>
         -->
    </select>

    <select id="getListMap" resultType="java.util.HashMap">
	    select gce.id, gce.cname as name, gce.price
	    from gl_course gce
	    where gce.isenabled = 1

	    <!-- 过滤无班级课程 -->
	    <if test="filterHasClass != null">
	        and (
	            select count(1) from gl_class gcs where gcs.courseId = gce.id
            ) > 0
        </if>

        <if test="ids != null">
            and gce.id in (${ids})
        </if>
        <!-- 报读班级 学生课程用到 -->
        <if test="mystudentId != null">
            and gce.id in (
            select courseId from gl_enroll where isenabled=1  and xstatus=1 and studentId=#{mystudentId}
            )
        </if>
    </select>


    <select id="getListAll" resultMap="BaseResultMap">
        select
        <include refid="Base_Column_List"/>
        from GL_Course where 1=1
    </select>


    <select id="getPageByPars" resultType="java.util.Map">
        select A.id,A.cname,A.obj,A.price,A.minCount,A.maxCount,A.createTime,A.isenabled,
        B.sname as schoolName,ifnull(G.gcount,0) AS gcount,ifnull(f.tcount,0) AS tcount,
        ifnull(H.Hcount,0) AS Hcount
        from gl_course as A
        left join gl_school as B on A.schoolId=B.id
        left join (
        SELECT COUNT(1) as gcount,courseId FROM gl_class where isenabled=1 group by courseId
        ) as G ON A.id = G.courseId
        left join (select count(1) as tcount,courseId
        from GL_Enroll where isenabled=1 group by courseId
        ) AS F on A.id=F.courseId
        left join (
        SELECT COUNT(distinct studentId) as Hcount,courseId FROM GL_ClassGo group by courseId
        ) as H ON A.id = H.courseId
        where 1=1
        <choose>
            <when test="isenabled != null">
                and A.isenabled = #{isenabled}
            </when>
            <otherwise>
                and A.isenabled != -1
            </otherwise>
        </choose>

        <if test="cname != null">
            and A.cname like CONCAT('%',#{cname},'%')
        </if>

        <if test="price_start != null">
            and A.price &gt;= #{price_start}
        </if>
        <if test="price_end != null">
            and A.price &lt;= #{price_end}
        </if>

        <if test="schoolId != null">
            and A.schoolId = #{schoolId}
        </if>

        <if test="rightCondition != null">
            ${rightCondition}
        </if>

        order by A.id desc
        <if test="notLimit == null and offset!=null and pageSize!=null">
            limit #{offset},#{pageSize}
        </if>
    </select>

    <!-- 获取总记录数 -->
    <select id="getTotals" resultType="java.lang.Long">
   	select count(1) as totalCount from GL_Course where 1=1 
  </select>

    <!-- 根据参数获取总记录数 -->
    <select id="getTotalsByPars" resultType="java.lang.Long" parameterType="java.util.Map">
        select count(1) as totalCount from gl_course as A
        where
        <choose>
            <when test="isenabled != null">
                A.isenabled = #{isenabled}
            </when>
            <otherwise>
                A.isenabled != -1
            </otherwise>
        </choose>

        <if test="cname != null">
            and A.cname like CONCAT('%',#{cname},'%')
        </if>

        <if test="price_start != null">
            and A.price &gt;= #{price_start}
        </if>
        <if test="price_start != null">
            and A.price &lt;= #{price_start}
        </if>

        <if test="schoolId != null">
            and A.schoolId = #{schoolId}
        </if>

        <if test="rightCondition != null">
            ${rightCondition}
        </if>
    </select>


    <!-- 获取最大ID -->
    <select id="getMaxID" resultType="java.lang.Long">
   	select max(id) as maxId from GL_Course where 1=1 
  </select>

    <insert id="insert" useGeneratedKeys="true" keyProperty="id" parameterType="com.cmw.entity.CourseEntity">
      insert into GL_Course (attachId,imgPath,describes,price,maxCount,minCount,schoolId,areaId,cityId,provinceId,obj,cname,creator,createTime,orgid,deptId,isenabled,remark)
    values (#{attachId,jdbcType=BIGINT},#{imgPath,jdbcType=VARCHAR},#{describes,jdbcType=VARCHAR},
    #{price,jdbcType=DECIMAL},#{maxCount,jdbcType=INTEGER},#{minCount,jdbcType=INTEGER},
    #{schoolId,jdbcType=BIGINT},#{areaId,jdbcType=BIGINT},#{cityId,jdbcType=BIGINT},#{provinceId,jdbcType=BIGINT},#{obj,jdbcType=VARCHAR},#{cname,jdbcType=VARCHAR},#{creator,jdbcType=BIGINT},#{createTime,jdbcType=TIMESTAMP},#{orgid,jdbcType=BIGINT},#{deptId,jdbcType=BIGINT},#{isenabled,jdbcType=TINYINT},#{remark,jdbcType=VARCHAR})
  </insert>

    <insert id="batchInsert" parameterType="List" useGeneratedKeys="true" keyProperty="id">
        insert into GL_Course
        (attachId,imgPath,describes,price,maxCount,minCount,schoolId,areaId,cityId,provinceId,obj,cname,creator,createTime,orgid,deptId,isenabled,remark)
        values
        <foreach item="item" collection="list" separator=",">
            (#{attachId,jdbcType=BIGINT},#{imgPath,jdbcType=VARCHAR},#{describes,jdbcType=VARCHAR},
            #{price,jdbcType=DECIMAL},#{maxCount,jdbcType=INTEGER},#{minCount,jdbcType=INTEGER},
            #{schoolId,jdbcType=BIGINT},#{areaId,jdbcType=BIGINT},#{cityId,jdbcType=BIGINT},#{provinceId,jdbcType=BIGINT},#{obj,jdbcType=VARCHAR},#{cname,jdbcType=VARCHAR},#{creator,jdbcType=BIGINT},#{createTime,jdbcType=TIMESTAMP},#{orgid,jdbcType=BIGINT},#{deptId,jdbcType=BIGINT},#{isenabled,jdbcType=TINYINT},#{remark,jdbcType=VARCHAR})
        </foreach>
    </insert>

    <update id="update" parameterType="com.cmw.entity.CourseEntity">
        update GL_Course
        <set>
            <!-- 课程图片附件ID -->
            <if test="attachId != null">
                attachId = #{attachId,jdbcType=BIGINT},
            </if>
            <!-- 课程图片 -->
            <if test="imgPath != null">
                imgPath = #{imgPath,jdbcType=VARCHAR},
            </if>
            <!-- 课程描述 -->
            <if test="describes != null">
                describes = #{describes,jdbcType=VARCHAR},
            </if>
            <!-- 课程单价 -->
            <if test="price != null">
                price = #{price,jdbcType=DECIMAL},
            </if>
            <!-- 学生数量(最多) -->
            <if test="maxCount != null">
                maxCount = #{maxCount,jdbcType=INTEGER},
            </if>
            <!-- 学生数量(最少) -->
            <if test="minCount != null">
                minCount = #{minCount,jdbcType=INTEGER},
            </if>
            <!-- 适用学校 -->
            <if test="schoolId != null">
                schoolId = #{schoolId,jdbcType=BIGINT},
            </if>
            <!-- 区 -->
            <if test="areaId != null">
                areaId = #{areaId,jdbcType=BIGINT},
            </if>
            <!-- 市 -->
            <if test="cityId != null">
                cityId = #{cityId,jdbcType=BIGINT},
            </if>
            <!-- 省 -->
            <if test="provinceId != null">
                provinceId = #{provinceId,jdbcType=BIGINT},
            </if>
            <!-- 课程对象 -->
            <if test="obj != null">
                obj = #{obj,jdbcType=VARCHAR},
            </if>
            <!-- 课程名称 -->
            <if test="cname != null">
                cname = #{cname,jdbcType=VARCHAR},
            </if>
            <!-- 可用标识 -->
            <if test="isenabled != null">
                isenabled = #{isenabled,jdbcType=TINYINT},
            </if>
            <!-- 修改日期 -->
            <if test="modifytime != null">
                modifytime = #{modifytime,jdbcType=TIMESTAMP},
            </if>
            <!-- 修改人 -->
            <if test="modifier != null">
                modifier = #{modifier,jdbcType=BIGINT},
            </if>
            <!-- 备注 -->
            <if test="remark != null">
                remark = #{remark,jdbcType=VARCHAR},
            </if>
        </set>
        where id = #{id,jdbcType=INTEGER}
    </update>

    <update id="updateByPars" parameterType="map">
        update GL_Course
        <set>
            <!-- 课程图片附件ID -->
            <if test="attachId != null">
                attachId = #{attachId,jdbcType=BIGINT},
            </if>
            <!-- 课程图片 -->
            <if test="imgPath != null">
                imgPath = #{imgPath,jdbcType=VARCHAR},
            </if>
            <!-- 课程描述 -->
            <if test="describes != null">
                describes = #{describes,jdbcType=VARCHAR},
            </if>
            <!-- 课程单价 -->
            <if test="price != null">
                price = #{price,jdbcType=DECIMAL},
            </if>
            <!-- 学生数量(最多) -->
            <if test="maxCount != null">
                maxCount = #{maxCount,jdbcType=INTEGER},
            </if>
            <!-- 学生数量(最少) -->
            <if test="minCount != null">
                minCount = #{minCount,jdbcType=INTEGER},
            </if>
            <!-- 适用学校 -->
            <if test="schoolId != null">
                schoolId = #{schoolId,jdbcType=BIGINT},
            </if>
            <!-- 区 -->
            <if test="areaId != null">
                areaId = #{areaId,jdbcType=BIGINT},
            </if>
            <!-- 市 -->
            <if test="cityId != null">
                cityId = #{cityId,jdbcType=BIGINT},
            </if>
            <!-- 省 -->
            <if test="provinceId != null">
                provinceId = #{provinceId,jdbcType=BIGINT},
            </if>
            <!-- 课程对象 -->
            <if test="obj != null">
                obj = #{obj,jdbcType=VARCHAR},
            </if>
            <!-- 课程名称 -->
            <if test="cname != null">
                cname = #{cname,jdbcType=VARCHAR},
            </if>
            <!-- 可用标识 -->
            <if test="isenabled != null">
                isenabled = #{isenabled,jdbcType=TINYINT},
            </if>
            <!-- 修改日期 -->
            <if test="modifytime != null">
                modifytime = #{modifytime,jdbcType=TIMESTAMP},
            </if>
            <!-- 修改人 -->
            <if test="modifier != null">
                modifier = #{modifier,jdbcType=BIGINT},
            </if>
            <!-- 备注 -->
            <if test="remark != null">
                remark = #{remark,jdbcType=VARCHAR},
            </if>

        </set>
        where 1=1
        <!-- where 条件参数必须加上 par_+wherePars参数key -->
        <!--
         <if test="par_id != null" >
           and id = #{par_id}
         </if>

        <if test="par_name != null" >
            and name like '%' || #{par_name,jdbcType=VARCHAR} || '%'
         </if>
          <if test="par_phone != null" >
           and phone = '${par_phone}'
         </if>
         -->
    </update>


    <update id="batchUpdate" parameterType="java.util.List">
        <foreach collection="list" item="item" index="index" open="" close="" separator=";">
            update GL_Course
            <set>
                <!-- 课程图片附件ID -->
                <if test="attachId != null">
                    attachId = #{attachId,jdbcType=BIGINT},
                </if>
                <!-- 课程图片 -->
                <if test="imgPath != null">
                    imgPath = #{imgPath,jdbcType=VARCHAR},
                </if>
                <!-- 课程描述 -->
                <if test="describes != null">
                    describes = #{describes,jdbcType=VARCHAR},
                </if>
                <!-- 课程单价 -->
                <if test="price != null">
                    price = #{price,jdbcType=DECIMAL},
                </if>
                <!-- 学生数量(最多) -->
                <if test="maxCount != null">
                    maxCount = #{maxCount,jdbcType=INTEGER},
                </if>
                <!-- 学生数量(最少) -->
                <if test="minCount != null">
                    minCount = #{minCount,jdbcType=INTEGER},
                </if>
                <!-- 适用学校 -->
                <if test="schoolId != null">
                    schoolId = #{schoolId,jdbcType=BIGINT},
                </if>
                <!-- 区 -->
                <if test="areaId != null">
                    areaId = #{areaId,jdbcType=BIGINT},
                </if>
                <!-- 市 -->
                <if test="cityId != null">
                    cityId = #{cityId,jdbcType=BIGINT},
                </if>
                <!-- 省 -->
                <if test="provinceId != null">
                    provinceId = #{provinceId,jdbcType=BIGINT},
                </if>
                <!-- 课程对象 -->
                <if test="obj != null">
                    obj = #{obj,jdbcType=VARCHAR},
                </if>
                <!-- 课程名称 -->
                <if test="cname != null">
                    cname = #{cname,jdbcType=VARCHAR},
                </if>
                <!-- 可用标识 -->
                <if test="isenabled != null">
                    isenabled = #{isenabled,jdbcType=TINYINT},
                </if>
                <!-- 修改日期 -->
                <if test="modifytime != null">
                    modifytime = #{modifytime,jdbcType=TIMESTAMP},
                </if>
                <!-- 修改人 -->
                <if test="modifier != null">
                    modifier = #{modifier,jdbcType=BIGINT},
                </if>
                <!-- 备注 -->
                <if test="remark != null">
                    remark = #{remark,jdbcType=VARCHAR},
                </if>
            </set>
            where id = #{item.id,jdbcType=INTEGER}
        </foreach>
    </update>

    <delete id="delete" parameterType="java.lang.Long">
    delete from GL_Course
    where id = #{id,jdbcType=INTEGER}
  </delete>

    <!-- 根据指定的参数，删除实体 -->
    <delete id="deleteByPars" parameterType="map">
        delete from GL_Course
        where 1=1

        <if test="id != null">
            and id = #{id,jdbcType=INTEGER}
        </if>

        <if test="name != null">
            and name like '%' || #{name,jdbcType=VARCHAR} || '%'
        </if>
        <if test="phone != null">
            and phone = #{name,jdbcType=VARCHAR}
        </if>
    </delete>

    <delete id="deleteByIds">
    delete from GL_Course
    where id in (${ids})
  </delete>

    <!-- 删除所有数据 -->
    <delete id="deleteAll">
    delete from GL_Course
  </delete>

    <!-- 根据ID禁用或启用数据-->
    <update id="enabled">
        update GL_Course
        <set>
            isenabled = #{isenabled,jdbcType=INTEGER}
        </set>
        where id=#{id,jdbcType=INTEGER}
    </update>

    <!-- 根据ID禁用或启用数据-->
    <update id="enabledByPars" parameterType="map">
        update GL_Course
        <set>
            isenabled = #{isenabled,jdbcType=INTEGER}
        </set>
        where 1=1

        <if test="id != null">
            and id = #{id,jdbcType=INTEGER}
        </if>

        <if test="name != null">
            and name like '%' || #{name,jdbcType=VARCHAR} || '%'
        </if>
        <if test="phone != null">
            and phone = #{name,jdbcType=VARCHAR}
        </if>

    </update>

    <!-- 根据多个ID禁用或启用数据-->
    <update id="enabledByIds">
        update GL_Course
        <set>
            isenabled = #{isenabled,jdbcType=INTEGER}
        </set>
        where id in (${ids})
    </update>

</mapper>
