<?xml version="1.0" encoding="UTF-8" ?>
<!DOCTYPE mapper PUBLIC "-//mybatis.org//DTD Mapper 3.0//EN" "http://mybatis.org/dtd/mybatis-3-mapper.dtd" >
<mapper namespace="com.cmw.dao.DataReportDaoInter" >
	<!--  学生详细信息报表 -->
	<select id="getStudentDetailReport" resultType="java.util.HashMap" parameterType="java.util.Map">
		SELECT
		<!-- 查询列表数据 -->
		<if test="_queryTotal == null">
			A.id as studentId,A.sname,A.phone,A.sex,DATE_FORMAT(A.createTime,'%Y-%m-%d %H:%i') as createTime,D.cname as courseName,
			DATE_FORMAT(F.payDate,'%Y-%m-%d %H:%i') as payDate,F.payPrice,
			G.grandAmunt,G.totalBuyHours,G.totalGhours, G.totalHours, G.totalUhours,
			(case
				when
					G.totalZhours &lt;= 0 then '无可用课时'
				else
			 		CONCAT(G.totalZhours,'课时(',DATE_FORMAT(G.max_endDate,'%Y-%m-%d'),')')
			 end
			)as totalZhours,
			(case when B.xstatus = 3 THEN CONCAT(C.cname,'[已退班]') ELSE C.cname END) as className,
			 H.tname as masterName, J.tname as coachName,
			(select count(1) as goCount from gl_classgo where isenabled=1 and xstatus=1 and classId=C.id and studentId=A.id) as goCount,
			(select count(1) as lateCount from gl_classgo where isenabled=1 and xstatus=2 and classId=C.id and studentId=A.id) as lateCount,
			(select count(1) as lateCount from gl_classgo where isenabled=1 and xstatus=3 and classId=C.id and studentId=A.id) as yetCount,
			(select count(1) as leaveCount from gl_classgo where isenabled=1 and xstatus=4 and classId=C.id and studentId=A.id) as leaveCount
		</if>
		<!-- 查询总行数 -->
		<if test="_queryTotal != null">
			tb.total FROM (SELECT COUNT(1) as total
		</if>
		FROM gl_student AS A
		LEFT JOIN gl_classchoose AS B ON (A.id = B.studentId and B.isenabled = 1)
		INNER JOIN gl_class as C ON (B.classId=C.id and C.isenabled=1)
		LEFT JOIN gl_studentdetail as E on E.studentId=A.id
		LEFT JOIN gl_enroll as F on (F.id=E.enrollId and F.xstatus=1 and F.isenabled=1)
		LEFT JOIN gl_course as D on D.id=F.courseId
		LEFT JOIN (
		 select studentId,round(sum(ifnull(payPrice,0)),2) as grandAmunt,
		sum(hours) as totalBuyHours,sum(ghours) as totalGhours,sum(hours+ghours) as totalHours,
		 sum(uhours+stockUhours) as totalUhours,sum(hours+ghours-uhours-thours-stockUhours) as totalZhours,max(endDate) as max_endDate
		from gl_enroll where isenabled=1 and xstatus=1 group by studentId
		) as G on G.studentId=A.id
		LEFT JOIN gl_teacher as H on H.id=C.master
		LEFT JOIN gl_teacher as J on J.id=C.coach
		WHERE A.isenabled = 1
		<!-- 学生姓名或手机 -->
		<if test="studentNamePhone != null">
			and (A.sname like CONCAT('%',#{studentNamePhone},'%') or A.phone like  CONCAT('%',#{studentNamePhone},'%'))
		</if>

		<!-- 课程ID -->
		<if test="courseId != null" >
			AND D.id  = #{courseId}
		</if>

		<!-- 班级ID -->
		<if test="classId != null" >
			AND C.id  = #{classId}
		</if>
		<!-- GROUP BY B.studentId, B.classId -->
		ORDER BY A.phone,A.createTime desc
		<if test="offset!=null and pageSize!=null and _queryTotal == null">
			limit #{offset}, #{pageSize}
		</if>
		<if test="_queryTotal != null">
			) as tb
		</if>
	</select>

	<!-- 学员剩余课时报表 -->
	<select id="getSurplusHoursReport" resultType="java.util.HashMap">
		select
		<!-- 查询列表数据 -->
		<if test="_queryTotal == null">
			A.id as enrollId,A.studentId,A.courseId,D.sname as studentName,D.phone, D.sex,
			C.cname as courseName,
			<choose>
				<when test="endDate != null and endDate !=''">
					(A.hours+A.ghours-(case when A.rollTime > #{endDate} then 0 else A.thours end)-A.stockUhours-ifnull(E.totalUsehours,0)) as totalZhours,
				</when>
				<otherwise>
					(A.hours+A.ghours-A.thours-A.stockUhours-ifnull(E.totalUsehours,0)) as totalZhours,
				</otherwise>
			</choose>

			ifnull(A.stockUhours,0) as stockUhours,
			ifnull(E.totalUsehours,0) as totalUsehours,
			IF(A.payPrice-A.price * ifnull(E.totalUsehours,0) &lt; 0, 0, (A.payPrice-ROUND(A.price * ifnull(E.totalUsehours,0),2)))  as totalZamount,
			ifnull(F.goCount,0) as goCount, ifnull(G.lateCount,0) as lateCount, ifnull(I.ungoCount,0) as ungoCount, ifnull(H.leaveCount,0) as leaveCount
		</if>
		<!-- 查询总行数 -->
		<if test="_queryTotal != null">
			COUNT(1) AS total
		</if>
		from gl_enroll as A inner join gl_student as B on (A.studentId=B.id and B.isenabled=1)
		inner join gl_course as C on (C.id=A.courseId)
		inner join gl_student as D on (D.id=A.studentId and D.isenabled=1)
		left join (
		SELECT	count(1) AS totalUsehours,enrollId FROM	gl_classgo where isenabled=1 and xstatus != 0 and cupHours in(0,1)
		<!-- 上课开始时间 到 结束时间 -->
		<if test="startDate != null and endDate != null" >
			AND (goTime &gt;= #{startDate} and goTime &lt; #{endDate})
		</if>
		 GROUP BY enrollId
		) as E ON (E.enrollId = A.id )
		left join (
		select count(1) as goCount,enrollId from gl_classgo where isenabled=1 and xstatus = 1
		<!-- 上课开始时间 到 结束时间 -->
		<if test="startDate != null and endDate != null" >
			AND (goTime &gt;= #{startDate} and goTime &lt; #{endDate})
		</if>
		GROUP BY enrollId
		) as F ON (F.enrollId = A.id )
		left join (
		select count(1) as lateCount,enrollId from gl_classgo where isenabled=1 and xstatus = 2
		<!-- 上课开始时间 到 结束时间 -->
		<if test="startDate != null and endDate != null" >
			AND (goTime &gt;= #{startDate} and goTime &lt; #{endDate})
		</if>
		 GROUP BY enrollId
		) as G ON (G.enrollId = A.id )
		left join (
		select count(1) as ungoCount,enrollId from gl_classgo where isenabled=1 and xstatus = 3
		<!-- 上课开始时间 到 结束时间 -->
		<if test="startDate != null and endDate != null" >
			AND (goTime &gt;= #{startDate} and goTime &lt; #{endDate})
		</if>
		 GROUP BY enrollId
		) as I ON (I.enrollId = A.id)
		left join (
		select count(1) as leaveCount,enrollId from gl_classgo where isenabled=1 and xstatus = 4
		<!-- 上课开始时间 到 结束时间 -->
		<if test="startDate != null and endDate != null" >
			AND (goTime &gt;= #{startDate} and goTime &lt; #{endDate})
		</if>
		 GROUP BY enrollId
		) as H ON (H.enrollId = A.id)
		where A.isenabled=1 and A.xstatus=1
		<!--  结束时间 -->
		<if test="endDate != null" >
			AND A.createTime &lt;= #{endDate}
		</if>
		<!-- 学生姓名或手机 -->
		<if test="studentNamePhone != null">
			and (D.sname like CONCAT('%',#{studentNamePhone},'%') or D.phone like  CONCAT('%',#{studentNamePhone},'%'))
		</if>

		<!-- 课程ID -->
		<if test="courseId != null" >
			AND C.id  = #{courseId}
		</if>

		<!-- 班级ID查询 -->
		<if test="classId != null" >
			and B.id in (select DISTINCT studentId from gl_classchoose where classId= #{classId})
		</if>
		<if test="offset!=null and pageSize!=null and _queryTotal == null">
			limit #{offset}, #{pageSize}
		</if>
	</select>

	<!-- 学员上课统计报表 -->
	<select id="getGoClassReport" resultType="java.util.HashMap">
		select
		<!-- 查询列表数据 -->
		<if test="_queryTotal == null">
			B.sname as studentName,B.phone, B.sex,D.cname as courseName,C.cname as className,
			IF(E.price*ifnull(E.stockUhours+F.totalUsehours,0)>E.payPrice, E.payPrice , E.price*ifnull(F.totalUsehours,0)) AS goAmount,ifnull(E.stockUhours,0) as stockUhours,
			ifnull(F.totalUsehours,0) as totalUsehours,ifnull(G.goCount,0) as goCount,
			ifnull(H.lateCount,0) as lateCount,ifnull(I.ungoCount,0) as ungoCount,ifnull(J.leaveCount ,0) as leaveCount,E.id as enrollId
		</if>
		<!-- 查询总行数 -->
		<if test="_queryTotal != null">
			COUNT(1) AS total
		</if>
		from gl_classchoose as A inner join gl_student as B on (A.studentId=B.id and B.isenabled=1)
		inner join gl_class as C on C.id=A.classId
		inner join gl_course as D on D.id=C.courseId
		inner join gl_enroll as E on (E.studentId=A.studentId and E.courseId=D.id)
		left join (
		select count(1) as totalUsehours,enrollId,classId from gl_classgo where isenabled=1 and xstatus != 0 and cupHours in(0,1)
		<!-- 上课开始时间 到 结束时间 -->
		<if test="startDate != null and endDate != null" >
			AND (goTime &gt;= #{startDate} and goTime &lt; #{endDate})
		</if>
		group by enrollId,classId
		) as F ON (F.enrollId=E.id and F.classId=A.classId)
		left join (
		select count(1) as goCount,enrollId,classId from gl_classgo where isenabled=1 and xstatus = 1
		<!-- 上课开始时间 到 结束时间 -->
		<if test="startDate != null and endDate != null" >
			AND (goTime &gt;= #{startDate} and goTime &lt; #{endDate})
		</if>
		group by enrollId,classId
		) as G ON (G.enrollId=E.id and G.classId=A.classId)
		left join (
		select count(1) as lateCount,enrollId,classId from gl_classgo where isenabled=1 and xstatus = 2
		<!-- 上课开始时间 到 结束时间 -->
		<if test="startDate != null and endDate != null" >
			AND (goTime &gt;= #{startDate} and goTime &lt; #{endDate})
		</if>
		group by enrollId,classId
		) as H ON (H.enrollId=E.id and H.classId=A.classId)
		left join (
		select count(1) as ungoCount,enrollId,classId from gl_classgo where isenabled=1 and xstatus = 3
		<!-- 上课开始时间 到 结束时间 -->
		<if test="startDate != null and endDate != null" >
			AND (goTime &gt;= #{startDate} and goTime &lt; #{endDate})
		</if>
		group by enrollId,classId
		) as I ON (I.enrollId=A.id and I.classId=A.classId)
		left join (
		select count(1) as leaveCount,enrollId,classId from gl_classgo where isenabled=1 and xstatus = 4
		<!-- 上课开始时间 到 结束时间 -->
		<if test="startDate != null and endDate != null" >
			AND (goTime &gt;= #{startDate} and goTime &lt; #{endDate})
		</if>
		group by enrollId,classId
		) as J ON (J.enrollId=A.id and J.classId=A.classId)
		where A.isenabled=1 and A.xstatus!=3
		<!-- 学生姓名或手机 -->
		<if test="studentNamePhone != null">
			and (B.sname like CONCAT('%',#{studentNamePhone},'%') or B.phone like  CONCAT('%',#{studentNamePhone},'%'))
		</if>

		<!-- 课程ID -->
		<if test="courseId != null" >
			AND D.id  = #{courseId}
		</if>

		<!-- 班级ID查询 -->
		<if test="classId != null" >
			and C.id = #{classId}
		</if>
		<if test="offset!=null and pageSize!=null and _queryTotal == null">
			limit #{offset}, #{pageSize}
		</if>
	</select>

	<!-- 学员上课课时（按课时）报表 -->
	<select id="getGoClassHoursReport" resultType="java.util.HashMap">
		select
		<!-- 查询列表数据 -->
		<if test="_queryTotal == null">
			A.id as studentId,A.sname as studentName,A.phone,A.sex,
			ifnull(B.sum_price,0) as sum_price,ifnull(B.totalHours,0) as totalHours,
			ifnull(C.useCount,0) as prevUseCount,ifnull(C.useAmount,0) as prevUseAmount,ifnull(B.totalPayPrice,0) as totalPayPrice,
			CE.stockUhours,(ifnull(CE.prevTotalHours,0)-CE.stockUhours-ifnull(C.useCount,0)) as prevZcount,
			(ifnull(CE.prevTotalPayPrice, 0)-ifnull(C.useAmount,0)) as prevZamunt,
			ifnull(D.currentTotalPayPrice,0) as currentTotalPayPrice,ifnull(D.currentTotalHours,0) as currentTotalHours,
			(ifnull(B.totalHours,0) - ifnull(B.totalThours,0)- ifnull(B.totalStockUhours,0) - ifnull(E.useCount, 0)) as currentZcount,
			(ifnull(B.totalPayPrice, 0) - ifnull(E.useAmount, 0)) as currentZamunt,
			ifnull(F.useCount,0) as currentGoHours,ifnull(F.useAmount,0) as currentGoAmount,ifnull(E.useCount,0) as currentUpGoHours
		</if>
		<!-- 查询总行数 -->
		<if test="_queryTotal != null">
			COUNT(1) AS total
		</if>
		from gl_student as A left join (
		select sum(payPrice) as totalPayPrice,ROUND(sum(payPrice/hours)/count(1),2) as sum_price,sum(hours+ghours) as totalHours,sum(thours) as totalThours,sum(stockUhours) as totalStockUhours,
		studentId from gl_enroll where isenabled=1 and xstatus=1 and DATE_FORMAT(createTime,'%Y-%m') &lt;= #{currentMonth}
		<!-- 课程ID -->
		<if test="courseId != null" >
			AND courseId  = #{courseId}
		</if>
		GROUP BY studentId
		) as B on B.studentId=A.id
		left join (
		select count(AA.uhours) as useCount,sum(AA.unAmount) as useAmount,AA.studentId from gl_classgo as AA
		where AA.isenabled=1 and AA.cupHours !=2 and AA.xstatus != 0
		<!-- 上月查询 -->
		and DATE_FORMAT(AA.goTime,'%Y-%m') &lt;= #{prevMonth}
		GROUP BY AA.studentId
		) as C on C.studentId=A.id
		LEFT JOIN (
		SELECT sum(payPrice) AS prevTotalPayPrice,sum(hours + ghours) AS prevTotalHours,sum(ifnull(stockUhours,0)) AS stockUhours,studentId
		FROM gl_enroll WHERE isenabled = 1 AND xstatus = 1 AND DATE_FORMAT(createTime, '%Y-%m') &lt;= #{prevMonth}
		 GROUP BY studentId
		) AS CE ON CE.studentId = A.id
		left join (
		select sum(payPrice) as currentTotalPayPrice,sum(hours+ghours) as currentTotalHours,sum(thours) as currentThours,studentId
		from gl_enroll where isenabled=1 and xstatus=1
		<!-- 本月查询 -->
		and DATE_FORMAT(createTime,'%Y-%m') = #{currentMonth}
		GROUP BY studentId
		) AS  D on D.studentId=A.id
		left join (
		select count(AA.uhours) as useCount,sum(AA.unAmount) as useAmount,AA.studentId from gl_classgo as AA
		where AA.isenabled=1 and AA.cupHours !=2 and AA.xstatus != 0
		<!-- 本月查询 -->
		and DATE_FORMAT(AA.goTime,'%Y-%m') &lt;= #{currentMonth}
		GROUP BY AA.studentId
		) as E on E.studentId=A.id
		left join (
		select count(AA.uhours) as useCount,sum(AA.unAmount) as useAmount,AA.studentId from gl_classgo as AA
		where AA.isenabled=1 and AA.cupHours !=2 and AA.xstatus != 0
		<!-- 本月查询 -->
		and DATE_FORMAT(AA.goTime,'%Y-%m') = #{currentMonth}
		GROUP BY AA.studentId
		) as F on F.studentId=A.id
		where A.isenabled=1
		<!-- 学生姓名或手机 -->
		<if test="studentNamePhone != null">
			and (A.sname like CONCAT('%',#{studentNamePhone},'%') or A.phone like  CONCAT('%',#{studentNamePhone},'%'))
		</if>

		<!-- 班级ID -->
		<if test="classId != null" >
			and A.id in (select DISTINCT studentId from gl_classchoose where classId=#{classId})
		</if>
		<if test="offset!=null and pageSize!=null and _queryTotal == null">
			limit #{offset}, #{pageSize}
		</if>
	</select>

	<!-- 老师上课统计报表 -->
	<select id="getGoClassByTeacherReport" resultType="java.util.HashMap">
		select
		<!-- 查询列表数据 -->
		<if test="_queryTotal == null">
			A.*,B.goCount
		</if>
		<!-- 查询总行数 -->
		<if test="_queryTotal != null">
			COUNT(1) AS total
		</if>
		from (
		(select B.tname as teacherName,B.phone,C.cname as courseName ,A.cname as className,'教练' as roleType,C.id as courseId,A.id as classId,B.id as teacherId,A.creator,A.orgId
		from gl_class AS A INNER JOIN gl_teacher AS B on A.coach=B.id
		INNER JOIN gl_course as C on C.id=A.courseId
		where A.isenabled=1 and B.isenabled=1 and C.isenabled=1
		) union (
		select B.tname as teacherName,B.phone,C.cname as courseName ,A.cname as className,'班主任' as roleType,C.id as courseId,A.id as classId,B.id as teacherId,A.creator,A.orgId
		from gl_class AS A INNER JOIN gl_teacher AS B on A.master=B.id
		INNER JOIN gl_course as C on C.id=A.courseId
		where A.isenabled=1 and B.isenabled=1 and C.isenabled=1
		)
		) as A inner join (
		select count(1) as goCount,classId from gl_classgo where isenabled=1 and xstatus in (1,2)
		<!-- 上课开始时间 到 结束时间 -->
		<if test="startDate != null and endDate != null" >
			AND (goTime &gt;= #{startDate} and goTime &lt; #{endDate})
		</if>
		group by classId
		) as B on A.classId=B.classId
		where 1=1
		<!-- 老师姓名或手机 -->
		<if test="teacherNamePhone != null">
			and (A.teacherName like CONCAT('%',#{teacherNamePhone},'%') or A.phone like  CONCAT('%',#{teacherNamePhone},'%'))
		</if>

		<!-- 课程ID -->
		<if test="courseId != null" >
			AND A.courseId  = #{courseId}
		</if>

		<!-- 班级ID -->
		<if test="classId != null" >
			AND A.classId  = #{classId}
		</if>
		order by teacherId desc
		<if test="offset!=null and pageSize!=null and _queryTotal == null">
			limit #{offset}, #{pageSize}
		</if>
	</select>
</mapper>
