<?xml version="1.0" encoding="UTF-8" ?>
<!DOCTYPE mapper PUBLIC "-//mybatis.org//DTD Mapper 3.0//EN" "http://mybatis.org/dtd/mybatis-3-mapper.dtd" >
<mapper namespace="com.cmw.dao.FollowUpDao" >
  <resultMap id="BaseResultMap" type="com.cmw.entity.FollowUpEntity" >
  	<id column="id" property="id" jdbcType="BIGINT" />
	<!-- 下次跟进日期 -->
	<result column="ndate" property="ndate" jdbcType="DATE"/>
	<!-- 跟进说明 -->
	<result column="instru" property="instru" jdbcType="VARCHAR"/>
	<!-- 意向级别 -->
	<result column="ilevel" property="ilevel" jdbcType="INTEGER"/>
	<!-- 跟进状态 -->
	<result column="xstatus" property="xstatus" jdbcType="INTEGER"/>
	<!-- 学员ID -->
	<result column="studentId" property="studentId" jdbcType="BIGINT"/>
	<!-- 创建人 -->
	<result column="creator" property="creator" jdbcType="BIGINT"/>
	<!-- 创建时间 -->
	<result column="createTime" property="createTime" jdbcType="TIMESTAMP"/>
	<!-- 创建机构 -->
	<result column="orgid" property="orgid" jdbcType="BIGINT"/>
	<!-- 创建部门 -->
	<result column="deptId" property="deptId" jdbcType="BIGINT"/>
	<!-- 可用标识 -->
	<result column="isenabled" property="isenabled" jdbcType="TINYINT"/>
	<!-- 修改日期 -->
	<result column="modifytime" property="modifytime" jdbcType="TIMESTAMP"/>
	<!-- 修改人 -->
	<result column="modifier" property="modifier" jdbcType="BIGINT"/>
	<!-- 备注 -->
	<result column="remark" property="remark" jdbcType="VARCHAR"/>
  </resultMap>
  <sql id="Base_Column_List" >
 	id,ndate,instru,ilevel,xstatus,studentId,creator,createTime,orgid,deptId,isenabled,modifytime,modifier,remark
   <!-- id, name, age, phone-->
  </sql>
  
  <select id="get" resultMap="BaseResultMap" parameterType="java.lang.Long">
   	select 
   	 <include refid="Base_Column_List" />
    from GL_FollowUp
    where id = #{id,jdbcType=INTEGER}
  </select>

  <select id="getByPars" resultMap="BaseResultMap">
   	select 
   	 <include refid="Base_Column_List" />
    from GL_FollowUp where 1=1
      <!--
          <if test="name != null" >
            and name like '%' || #{name,jdbcType=VARCHAR} || '%'
         </if>
          <if test="age != null" >
           and age = #{age}
         </if>
        -->
  </select>
  
   <select id="getList" resultMap="BaseResultMap">
   	select 
   	 <include refid="Base_Column_List" />
    from GL_FollowUp where 1=1 
    <!-- 
     <if test="name != null" >
         and name like '%' || #{name,jdbcType=VARCHAR} || '%'
      </if>
       <if test="age != null" >
        and age = #{age}
      </if>
     -->
  </select>
  
  <select id="getListMap" resultType="java.util.HashMap">
	  select A.id,
	  (CASE A.xstatus
	  WHEN 0 THEN'待跟进'
	  WHEN 1 THEN'跟进中'
	  WHEN 2 THEN'预约体验'
	  WHEN 3 THEN'已体验'
	  ELSE'跟进结束' END) as xstatusName,
	  (CASE  A.ilevel  WHEN 1 THEN '同意' ELSE '不同意' END) as ilevelName,
	  A.instru,DATE_FORMAT(A.ndate,'%Y-%m-%d') as ndate,
	  DATE_FORMAT(A.createTime,'%Y-%m-%d %H:%i:%s') as createTime,A.creator as creatorName,
	  C.sname, CONCAT((year(CURDATE()) - year(C.bdate)),'岁') as age , C.phone
	  from gl_followup AS A
	  inner join gl_student as C on A.studentId=C.id
	  where A.isenabled=1

	  <if test="studentId != null">
		  and A.studentId=#{studentId}
	  </if>

	  <if test="userId != null">
		  and A.creator = #{userId}
	  </if>

	  <if test="xstatus != null">
		  and A.xstatus = 1
	  </if>
	 order by A.id desc
  </select>
  
  
  <select id="getListAll" resultMap="BaseResultMap">
   	select 
   	 <include refid="Base_Column_List" />
    from GL_FollowUp where 1=1 
  </select>
  
  
  <select id="getPageByPars" resultMap="BaseResultMap">
   	select 
   	 <include refid="Base_Column_List" />
    from GL_FollowUp where 1=1 
      <!-- 
   	  <if test="name != null" >
         and name like '%' || #{name,jdbcType=VARCHAR} || '%'
      </if>
       <if test="age != null" >
        and age = #{age}
      </if>
     -->
       order by id desc 
        <if test="offset!=null and pageSize!=null">  
	        limit #{offset},#{pageSize}
	    </if>
  </select>
  
  <!-- 获取总记录数 -->
  <select id="getTotals" resultType="java.lang.Long">
   	select count(1) as totalCount from GL_FollowUp where 1=1 
  </select>
  
   <!-- 根据参数获取总记录数 -->
  <select id="getTotalsByPars" resultType="java.lang.Long" parameterType="java.util.Map">
   	select count(1) as totalCount from GL_FollowUp where 1=1 
   	 <!-- 
     <if test="name != null" >
         and name like '%' || #{name,jdbcType=VARCHAR} || '%'
      </if>
       <if test="age != null" >
        and age = #{age}
      </if>
     -->
  </select>
  
  
  <!-- 获取最大ID -->
  <select id="getMaxID"  resultType="java.lang.Long">
   	select max(id) as maxId from GL_FollowUp where 1=1 
  </select>
  
  <insert id="insert" useGeneratedKeys="true" keyProperty="id" parameterType="com.cmw.entity.FollowUpEntity" >
      insert into GL_FollowUp (ndate,instru,ilevel,xstatus,studentId,creator,createTime,orgid,deptId,isenabled,remark)
    values (#{ndate,jdbcType=DATE},#{instru,jdbcType=VARCHAR},#{ilevel,jdbcType=INTEGER},#{xstatus,jdbcType=INTEGER},#{studentId,jdbcType=BIGINT},#{creator,jdbcType=BIGINT},#{createTime,jdbcType=TIMESTAMP},#{orgid,jdbcType=BIGINT},#{deptId,jdbcType=BIGINT},#{isenabled,jdbcType=TINYINT},#{remark,jdbcType=VARCHAR})
    <!--
    insert into student (name, age, phone)
    values (#{name,jdbcType=VARCHAR}, #{age,jdbcType=INTEGER}, #{phone,jdbcType=VARCHAR})
    -->
  </insert>
  
  <insert id="batchInsert" parameterType="List" useGeneratedKeys="true" keyProperty="id">
	 insert into GL_FollowUp (ndate,instru,ilevel,xstatus,studentId,creator,createTime,orgid,deptId,isenabled,remark) values
	  <foreach item="item" collection="list" separator=",">
	    (#{ndate,jdbcType=DATE},#{instru,jdbcType=VARCHAR},#{ilevel,jdbcType=INTEGER},#{xstatus,jdbcType=INTEGER},#{studentId,jdbcType=BIGINT},#{creator,jdbcType=BIGINT},#{createTime,jdbcType=TIMESTAMP},#{orgid,jdbcType=BIGINT},#{deptId,jdbcType=BIGINT},#{isenabled,jdbcType=TINYINT},#{remark,jdbcType=VARCHAR})
	  </foreach>
	<!--
	  insert into GL_FollowUp (name, age, phone) values
	  <foreach item="item" collection="list" separator=",">
	    (#{item.name}, #{item.age}, #{item.phone})
	  </foreach>
	  -->
  </insert>
  
   <update id="update" parameterType="com.cmw.entity.FollowUpEntity" >
    update GL_FollowUp
    <set>
    			<!-- 下次跟进日期 -->
		<if test="ndate != null" >
		  ndate = #{ndate,jdbcType=DATE},
		</if>
		<!-- 跟进说明 -->
		<if test="instru != null" >
		  instru = #{instru,jdbcType=VARCHAR},
		</if>
		<!-- 意向级别 -->
		<if test="ilevel != null" >
		  ilevel = #{ilevel,jdbcType=INTEGER},
		</if>
		<!-- 跟进状态 -->
		<if test="xstatus != null" >
		  xstatus = #{xstatus,jdbcType=INTEGER},
		</if>
		<!-- 学员ID -->
		<if test="studentId != null" >
		  studentId = #{studentId,jdbcType=BIGINT},
		</if>
		<!-- 可用标识 -->
		<if test="isenabled != null" >
		  isenabled = #{isenabled,jdbcType=TINYINT},
		</if>
		<!-- 修改日期 -->
		<if test="modifytime != null" >
		  modifytime = #{modifytime,jdbcType=TIMESTAMP},
		</if>
		<!-- 修改人 -->
		<if test="modifier != null" >
		  modifier = #{modifier,jdbcType=BIGINT},
		</if>
		<!-- 备注 -->
		<if test="remark != null" >
		  remark = #{remark,jdbcType=VARCHAR},
		</if>

    <!--
      <if test="name != null" >
        name = #{name,jdbcType=VARCHAR},
      </if>
       <if test="age != null" >
        age = #{age,jdbcType=INTEGER},
      </if>
       <if test="phone != null" >
        phone = #{phone,jdbcType=VARCHAR},
      </if>
      -->
    </set>
    where id = #{id,jdbcType=INTEGER}
  </update>
  
   <update id="updateByPars" parameterType="map">
    update GL_FollowUp
    <set>
     			<!-- 下次跟进日期 -->
		<if test="ndate != null" >
		  ndate = #{ndate,jdbcType=DATE},
		</if>
		<!-- 跟进说明 -->
		<if test="instru != null" >
		  instru = #{instru,jdbcType=VARCHAR},
		</if>
		<!-- 意向级别 -->
		<if test="ilevel != null" >
		  ilevel = #{ilevel,jdbcType=INTEGER},
		</if>
		<!-- 跟进状态 -->
		<if test="xstatus != null" >
		  xstatus = #{xstatus,jdbcType=INTEGER},
		</if>
		<!-- 学员ID -->
		<if test="studentId != null" >
		  studentId = #{studentId,jdbcType=BIGINT},
		</if>
		<!-- 可用标识 -->
		<if test="isenabled != null" >
		  isenabled = #{isenabled,jdbcType=TINYINT},
		</if>
		<!-- 修改日期 -->
		<if test="modifytime != null" >
		  modifytime = #{modifytime,jdbcType=TIMESTAMP},
		</if>
		<!-- 修改人 -->
		<if test="modifier != null" >
		  modifier = #{modifier,jdbcType=BIGINT},
		</if>
		<!-- 备注 -->
		<if test="remark != null" >
		  remark = #{remark,jdbcType=VARCHAR},
		</if>

    <!--
      <if test="name != null" >
        name = #{name,jdbcType=VARCHAR},
      </if>
       <if test="age != null" >
        age = #{age,jdbcType=INTEGER},
      </if>
       <if test="phone != null" >
        phone = #{phone,jdbcType=VARCHAR},
      </if>
      -->
    </set>
    where 1=1 
     <!-- where 条件参数必须加上 par_+wherePars参数key -->
     <!-- 
      <if test="par_id != null" >
        and id = #{par_id}
      </if>
       
     <if test="par_name != null" >
         and name like '%' || #{par_name,jdbcType=VARCHAR} || '%'
      </if>
       <if test="par_phone != null" >
        and phone = '${par_phone}'
      </if>
      -->
  </update>
  
  
  <update id="batchUpdate"  parameterType="java.util.List">  
      <foreach collection="list" item="item" index="index" open="" close="" separator=";">  
            update GL_FollowUp   
            <set>  
            			<!-- 下次跟进日期 -->
		<if test="ndate != null" >
		  ndate = #{ndate,jdbcType=DATE},
		</if>
		<!-- 跟进说明 -->
		<if test="instru != null" >
		  instru = #{instru,jdbcType=VARCHAR},
		</if>
		<!-- 意向级别 -->
		<if test="ilevel != null" >
		  ilevel = #{ilevel,jdbcType=INTEGER},
		</if>
		<!-- 跟进状态 -->
		<if test="xstatus != null" >
		  xstatus = #{xstatus,jdbcType=INTEGER},
		</if>
		<!-- 学员ID -->
		<if test="studentId != null" >
		  studentId = #{studentId,jdbcType=BIGINT},
		</if>
		<!-- 可用标识 -->
		<if test="isenabled != null" >
		  isenabled = #{isenabled,jdbcType=TINYINT},
		</if>
		<!-- 修改日期 -->
		<if test="modifytime != null" >
		  modifytime = #{modifytime,jdbcType=TIMESTAMP},
		</if>
		<!-- 修改人 -->
		<if test="modifier != null" >
		  modifier = #{modifier,jdbcType=BIGINT},
		</if>
		<!-- 备注 -->
		<if test="remark != null" >
		  remark = #{remark,jdbcType=VARCHAR},
		</if>

			    <!--
			      <if test="name != null" >
			        name = #{name,jdbcType=VARCHAR},
			      </if>
			       <if test="age != null" >
			        age = #{age,jdbcType=INTEGER},
			      </if>
			       <if test="phone != null" >
			        phone = #{phone,jdbcType=VARCHAR},
			      </if>
			      -->
		    </set>
		    where id = #{item.id,jdbcType=INTEGER}
     </foreach>  
  </update>  
  
  <delete id="delete" parameterType="java.lang.Long" >
    delete from GL_FollowUp
    where id = #{id,jdbcType=INTEGER}
  </delete>
  
  <!-- 根据指定的参数，删除实体 -->
  <delete id="deleteByPars" parameterType="map" >
    delete from GL_FollowUp
     where 1=1 
     
      <if test="id != null" >
        and id = #{id,jdbcType=INTEGER}
      </if>
       
     <if test="name != null" >
        and name like '%' || #{name,jdbcType=VARCHAR} || '%'
      </if>
       <if test="phone != null" >
        and phone = #{name,jdbcType=VARCHAR}
      </if>
  </delete>
  
   <delete id="deleteByIds" >
    delete from GL_FollowUp
    where id in (${ids})
  </delete>
  
  <!-- 删除所有数据 -->
  <delete id="deleteAll" >
    delete from GL_FollowUp
  </delete>
  
  <!-- 根据ID禁用或启用数据-->
  <update id="enabled">
    update GL_FollowUp
    <set>
        isenabled = #{isenabled,jdbcType=INTEGER}
    </set>
    where id=#{id,jdbcType=INTEGER}
  </update>
  
   <!-- 根据ID禁用或启用数据-->
  <update id="enabledByPars" parameterType="map">
    update GL_FollowUp
    <set>
        isenabled = #{isenabled,jdbcType=INTEGER}
    </set>
     where 1=1 
    
      <if test="id != null" >
        and id = #{id,jdbcType=INTEGER}
      </if>
       
     <if test="name != null" >
         and name like '%' || #{name,jdbcType=VARCHAR} || '%'
      </if>
       <if test="phone != null" >
         and phone = #{name,jdbcType=VARCHAR}
      </if>
     
  </update>
  
   <!-- 根据多个ID禁用或启用数据-->
  <update id="enabledByIds">
    update GL_FollowUp
    <set>
        isenabled = #{isenabled,jdbcType=INTEGER}
    </set>
    where id in (${ids})
  </update>
  
</mapper>
