<?xml version="1.0" encoding="UTF-8" ?>
<!DOCTYPE mapper PUBLIC "-//mybatis.org//DTD Mapper 3.0//EN" "http://mybatis.org/dtd/mybatis-3-mapper.dtd" >
<mapper namespace="com.cmw.dao.GrowUpDao" >
  <resultMap id="BaseResultMap" type="com.cmw.entity.GrowUpEntity" >
  	<id column="id" property="id" jdbcType="BIGINT" />
  	<!-- 上课记录ID -->
  	<id column="ccId" property="ccId" jdbcType="BIGINT" />
	<!-- 创建人类型 -->
	<result column="creatorType" property="creatorType" jdbcType="TINYINT"/>
	<!-- 视频 -->
	<result column="vedioPath" property="vedioPath" jdbcType="VARCHAR"/>
	<!-- 图片 -->
	<result column="imgPath" property="imgPath" jdbcType="VARCHAR"/>
	<!-- 描述 -->
	<result column="describes" property="describes" jdbcType="VARCHAR"/>
	<!-- 学生ID -->
	<result column="studentId" property="studentId" jdbcType="BIGINT"/>
	<!-- 创建人 -->
	<result column="creator" property="creator" jdbcType="BIGINT"/>
	<!-- 创建时间 -->
	<result column="createTime" property="createTime" jdbcType="TIMESTAMP"/>
	<!-- 创建机构 -->
	<result column="orgid" property="orgid" jdbcType="BIGINT"/>
	<!-- 创建部门 -->
	<result column="deptId" property="deptId" jdbcType="BIGINT"/>
	<!-- 可用标识 -->
	<result column="isenabled" property="isenabled" jdbcType="TINYINT"/>
	<!-- 修改日期 -->
	<result column="modifytime" property="modifytime" jdbcType="TIMESTAMP"/>
	<!-- 修改人 -->
	<result column="modifier" property="modifier" jdbcType="BIGINT"/>
	<!-- 备注 -->
	<result column="remark" property="remark" jdbcType="VARCHAR"/>

  </resultMap>
  <sql id="Base_Column_List" >
 	id,ccId,creatorType,vedioPath,imgPath,describes,studentId,creator,createTime,orgid,deptId,isenabled,modifytime,modifier,remark
   <!-- id, name, age, phone-->
  </sql>
  
  <select id="get" resultMap="BaseResultMap" parameterType="java.lang.Long">
   	select 
   	 <include refid="Base_Column_List" />
    from GL_GrowUp
    where id = #{id,jdbcType=INTEGER}
  </select>

  <select id="getByPars" resultMap="BaseResultMap">
   	select 
   	 <include refid="Base_Column_List" />
    from GL_GrowUp where 1=1
      <!--
          <if test="name != null" >
            and name like '%' || #{name,jdbcType=VARCHAR} || '%'
         </if>
          <if test="age != null" >
           and age = #{age}
         </if>
        -->
  </select>
  
   <select id="getList" resultMap="BaseResultMap">
   	select 
   	 <include refid="Base_Column_List" />
    from GL_GrowUp where 1=1 
    <!-- 
     <if test="name != null" >
         and name like '%' || #{name,jdbcType=VARCHAR} || '%'
      </if>
       <if test="age != null" >
        and age = #{age}
      </if>
     -->
  </select>
	<!-- 制作海边页面获取评论 -->
	<select id="getComments" resultType="java.util.HashMap">
		select A.describes, CONCAT(left(B.empName,1),'老师') as commenter,A.creator,A.createTime from (
		select createTime,describes,creator from gl_growup where isenabled=1 and id=#{groId}
		 union
		select A.createTime,A.content as describes,B.userId as creator
		from gl_comment as A left join ts_user as B on A.cperson=B.inempId where A.isenabled=1 and A.classGoId=#{ccId} and (A.ctype=2 and A.toManId=#{studentId})
		) as A inner JOIN ts_user as B on A.creator=B.userId
		<!--老师的用户ID-->
		<if test="teacherUserId != null" >
			and creator = #{teacherUserId}
		</if>
		 order by createTime DESC
	</select>
  
  <select id="getListMap" resultType="java.util.HashMap">
    	select A.id,ifnull(B.rname, A.creator) as creatorName,
	(case DATE_FORMAT(A.createTime,'%w')
		when 1 then '周一'
		when 2 then '周二'
		when 3 then '周三'
		when 4 then '周四'
		when 5 then '周五'
		when 6 then '周六'
		else '周天' end) as wday,
	 DATE_FORMAT(A.createTime,'%m-%d') as simpleCreateTime,
	 DATE_FORMAT(A.createTime, '%Y-%m-%d %H:%i') as createTime,A.describes,A.imgPath,A.vedioPath,
	 DATE_FORMAT(ifnull(C.goTime,A.createTime), '%Y年%m月%d日') as goTime,D.cname
	 from gl_growup as A left join gl_member as B on (A.creator=B.id and creatorType=2)
	left join gl_classgo as C on A.ccId=C.id left join gl_class as D on C.classId=D.id
	 where A.isenabled=1
	  and A.studentId=#{studentId}
	  order by A.id desc

  </select>
  
  
  <select id="getListAll" resultMap="BaseResultMap">
   	select 
   	 <include refid="Base_Column_List" />
    from GL_GrowUp where 1=1 
  </select>
  
  
  <select id="getPageByPars" resultType="java.util.Map">
   	select 
   	 <include refid="Base_Column_List" />
    from GL_GrowUp where 1=1 
      <!-- 
   	  <if test="name != null" >
         and name like '%' || #{name,jdbcType=VARCHAR} || '%'
      </if>
       <if test="age != null" >
        and age = #{age}
      </if>
     -->
       order by id desc 
        <if test="offset!=null and pageSize!=null">  
	        limit #{offset},#{pageSize}
	    </if>
  </select>
  
  <!-- 获取总记录数 -->
  <select id="getTotals" resultType="java.lang.Long">
   	select count(1) as totalCount from GL_GrowUp where 1=1 
  </select>
  
   <!-- 根据参数获取总记录数 -->
  <select id="getTotalsByPars" resultType="java.lang.Long" parameterType="java.util.Map">
   	select count(1) as totalCount from GL_GrowUp where 1=1 
   	 <!-- 
     <if test="name != null" >
         and name like '%' || #{name,jdbcType=VARCHAR} || '%'
      </if>
       <if test="age != null" >
        and age = #{age}
      </if>
     -->
  </select>
  
  
  <!-- 获取最大ID -->
  <select id="getMaxID"  resultType="java.lang.Long">
   	select max(id) as maxId from GL_GrowUp where 1=1 
  </select>
  
  <insert id="insert" useGeneratedKeys="true" keyProperty="id" parameterType="com.cmw.entity.GrowUpEntity" >
      insert into GL_GrowUp (creatorType,vedioPath,imgPath,describes,studentId,creator,createTime,orgid,deptId,isenabled,remark,ccId)
    values (#{creatorType,jdbcType=TINYINT},#{vedioPath,jdbcType=VARCHAR},#{imgPath,jdbcType=VARCHAR},
    #{describes,jdbcType=VARCHAR},#{studentId,jdbcType=BIGINT},#{creator,jdbcType=BIGINT},
    #{createTime,jdbcType=TIMESTAMP},#{orgid,jdbcType=BIGINT},#{deptId,jdbcType=BIGINT},
    #{isenabled,jdbcType=TINYINT},#{remark,jdbcType=VARCHAR},#{ccId,jdbcType=BIGINT})
  </insert>
  
  <insert id="batchInsert" parameterType="List" useGeneratedKeys="true" keyProperty="id">
	 insert into GL_GrowUp (creatorType,vedioPath,imgPath,describes,studentId,creator,createTime,orgid,deptId,isenabled,remark,ccId) values
	  <foreach item="item" collection="list" separator=",">
	    (#{creatorType,jdbcType=TINYINT},#{vedioPath,jdbcType=VARCHAR},#{imgPath,jdbcType=VARCHAR},
	    #{describes,jdbcType=VARCHAR},#{studentId,jdbcType=BIGINT},#{creator,jdbcType=BIGINT},#{createTime,jdbcType=TIMESTAMP},
	    #{orgid,jdbcType=BIGINT},#{deptId,jdbcType=BIGINT},#{isenabled,jdbcType=TINYINT},#{remark,jdbcType=VARCHAR},#{ccId,jdbcType=BIGINT})
	  </foreach>
  </insert>
  
   <update id="update" parameterType="com.cmw.entity.GrowUpEntity" >
    update GL_GrowUp
    <set>
    			<!-- 创建人类型 -->
		<if test="creatorType != null" >
		  creatorType = #{creatorType,jdbcType=TINYINT},
		</if>
		<!-- 视频 -->
		<if test="vedioPath != null" >
		  vedioPath = #{vedioPath,jdbcType=VARCHAR},
		</if>
		<!-- 图片 -->
		<if test="imgPath != null" >
		  imgPath = #{imgPath,jdbcType=VARCHAR},
		</if>
		<!-- 描述 -->
		<if test="describes != null" >
		  describes = #{describes,jdbcType=VARCHAR},
		</if>
		<!-- 学生ID -->
		<if test="studentId != null" >
		  studentId = #{studentId,jdbcType=BIGINT},
		</if>
		<!-- 可用标识 -->
		<if test="isenabled != null" >
		  isenabled = #{isenabled,jdbcType=TINYINT},
		</if>
		<!-- 修改日期 -->
		<if test="modifytime != null" >
		  modifytime = #{modifytime,jdbcType=TIMESTAMP},
		</if>
		<!-- 修改人 -->
		<if test="modifier != null" >
		  modifier = #{modifier,jdbcType=BIGINT},
		</if>
		<!-- 备注 -->
		<if test="remark != null" >
		  remark = #{remark,jdbcType=VARCHAR},
		</if>
		<!-- 上课记录ID -->
		<if test="ccId != null" >
			ccId = #{ccId,jdbcType=BIGINT},
		</if>
    </set>
    where id = #{id,jdbcType=INTEGER}
  </update>
  
   <update id="updateByPars" parameterType="map">
    update GL_GrowUp
    <set>
     			<!-- 创建人类型 -->
		<if test="creatorType != null" >
		  creatorType = #{creatorType,jdbcType=TINYINT},
		</if>
		<!-- 视频 -->
		<if test="vedioPath != null" >
		  vedioPath = #{vedioPath,jdbcType=VARCHAR},
		</if>
		<!-- 图片 -->
		<if test="imgPath != null" >
		  imgPath = #{imgPath,jdbcType=VARCHAR},
		</if>
		<!-- 描述 -->
		<if test="describes != null" >
		  describes = #{describes,jdbcType=VARCHAR},
		</if>
		<!-- 学生ID -->
		<if test="studentId != null" >
		  studentId = #{studentId,jdbcType=BIGINT},
		</if>
		<!-- 可用标识 -->
		<if test="isenabled != null" >
		  isenabled = #{isenabled,jdbcType=TINYINT},
		</if>
		<!-- 修改日期 -->
		<if test="modifytime != null" >
		  modifytime = #{modifytime,jdbcType=TIMESTAMP},
		</if>
		<!-- 修改人 -->
		<if test="modifier != null" >
		  modifier = #{modifier,jdbcType=BIGINT},
		</if>
		<!-- 备注 -->
		<if test="remark != null" >
		  remark = #{remark,jdbcType=VARCHAR},
		</if>
		<!-- 上课记录ID -->
		<if test="ccId != null" >
			ccId = #{ccId,jdbcType=BIGINT},
		</if>
    </set>
    where 1=1 
     <!-- where 条件参数必须加上 par_+wherePars参数key -->
     <!-- 
      <if test="par_id != null" >
        and id = #{par_id}
      </if>
       
     <if test="par_name != null" >
         and name like '%' || #{par_name,jdbcType=VARCHAR} || '%'
      </if>
       <if test="par_phone != null" >
        and phone = '${par_phone}'
      </if>
      -->
  </update>
  
  
  <update id="batchUpdate"  parameterType="java.util.List">  
      <foreach collection="list" item="item" index="index" open="" close="" separator=";">  
            update GL_GrowUp   
            <set>  
            			<!-- 创建人类型 -->
		<if test="creatorType != null" >
		  creatorType = #{creatorType,jdbcType=TINYINT},
		</if>
		<!-- 视频 -->
		<if test="vedioPath != null" >
		  vedioPath = #{vedioPath,jdbcType=VARCHAR},
		</if>
		<!-- 图片 -->
		<if test="imgPath != null" >
		  imgPath = #{imgPath,jdbcType=VARCHAR},
		</if>
		<!-- 描述 -->
		<if test="describes != null" >
		  describes = #{describes,jdbcType=VARCHAR},
		</if>
		<!-- 学生ID -->
		<if test="studentId != null" >
		  studentId = #{studentId,jdbcType=BIGINT},
		</if>
		<!-- 可用标识 -->
		<if test="isenabled != null" >
		  isenabled = #{isenabled,jdbcType=TINYINT},
		</if>
		<!-- 修改日期 -->
		<if test="modifytime != null" >
		  modifytime = #{modifytime,jdbcType=TIMESTAMP},
		</if>
		<!-- 修改人 -->
		<if test="modifier != null" >
		  modifier = #{modifier,jdbcType=BIGINT},
		</if>
		<!-- 备注 -->
		<if test="remark != null" >
		  remark = #{remark,jdbcType=VARCHAR},
		</if>

		    </set>
		    where id = #{item.id,jdbcType=INTEGER}
     </foreach>  
  </update>  
  
  <delete id="delete" parameterType="java.lang.Long" >
    delete from GL_GrowUp
    where id = #{id,jdbcType=INTEGER}
  </delete>
  
  <!-- 根据指定的参数，删除实体 -->
  <delete id="deleteByPars" parameterType="map" >
    delete from GL_GrowUp
     where 1=1 
     
      <if test="id != null" >
        and id = #{id,jdbcType=INTEGER}
      </if>
       
     <if test="name != null" >
        and name like '%' || #{name,jdbcType=VARCHAR} || '%'
      </if>
       <if test="phone != null" >
        and phone = #{name,jdbcType=VARCHAR}
      </if>
  </delete>
  
   <delete id="deleteByIds" >
    delete from GL_GrowUp
    where id in (${ids})
  </delete>
  
  <!-- 删除所有数据 -->
  <delete id="deleteAll" >
    delete from GL_GrowUp
  </delete>
  
  <!-- 根据ID禁用或启用数据-->
  <update id="enabled">
    update GL_GrowUp
    <set>
        isenabled = #{isenabled,jdbcType=INTEGER}
    </set>
    where id=#{id,jdbcType=INTEGER}
  </update>
  
   <!-- 根据ID禁用或启用数据-->
  <update id="enabledByPars" parameterType="map">
    update GL_GrowUp
    <set>
        isenabled = #{isenabled,jdbcType=INTEGER}
    </set>
     where 1=1 
    
      <if test="id != null" >
        and id = #{id,jdbcType=INTEGER}
      </if>
       
     <if test="name != null" >
         and name like '%' || #{name,jdbcType=VARCHAR} || '%'
      </if>
       <if test="phone != null" >
         and phone = #{name,jdbcType=VARCHAR}
      </if>
     
  </update>
  
   <!-- 根据多个ID禁用或启用数据-->
  <update id="enabledByIds">
    update GL_GrowUp
    <set>
        isenabled = #{isenabled,jdbcType=INTEGER}
    </set>
    where id in (${ids})
  </update>
  
</mapper>
