<?xml version="1.0" encoding="UTF-8" ?>
<!DOCTYPE mapper PUBLIC "-//mybatis.org//DTD Mapper 3.0//EN" "http://mybatis.org/dtd/mybatis-3-mapper.dtd" >
<mapper namespace="com.cmw.dao.LeaveApplyDao">
    <resultMap id="BaseResultMap" type="com.cmw.entity.LeaveApplyEntity">
        <id column="id" property="id" jdbcType="BIGINT"/>
        <!--  状态 -->
        <result column="xstatus" property="xstatus" jdbcType="INTEGER"/>
        <!-- 审批老师 -->
        <result column="teacherId" property="teacherId" jdbcType="BIGINT"/>
        <!-- 请假原因 -->
        <result column="reason" property="reason" jdbcType="VARCHAR"/>
        <!-- 结束时间 -->
        <result column=" endTime" property=" endTime" jdbcType="TIMESTAMP"/>
        <!-- 请假起始时间 -->
        <result column=" startTime" property=" startTime" jdbcType="TIMESTAMP"/>
        <!-- 上课记录ID -->
        <result column="cgoId" property="cgoId" jdbcType="BIGINT"/>
        <!-- 学员ID -->
        <result column="studentId" property="studentId" jdbcType="BIGINT"/>
        <!-- 创建人 -->
        <result column="creator" property="creator" jdbcType="BIGINT"/>
        <!-- 创建时间 -->
        <result column="createTime" property="createTime" jdbcType="TIMESTAMP"/>
        <!-- 创建机构 -->
        <result column="orgid" property="orgid" jdbcType="BIGINT"/>
        <!-- 创建部门 -->
        <result column="deptId" property="deptId" jdbcType="BIGINT"/>
        <!-- 可用标识 -->
        <result column="isenabled" property="isenabled" jdbcType="TINYINT"/>
        <!-- 修改日期 -->
        <result column="modifytime" property="modifytime" jdbcType="TIMESTAMP"/>
        <!-- 修改人 -->
        <result column="modifier" property="modifier" jdbcType="BIGINT"/>
        <!-- 备注 -->
        <result column="remark" property="remark" jdbcType="VARCHAR"/>

    </resultMap>
    <sql id="Base_Column_List">
        id,xstatus,teacherId,reason, endTime,
        startTime,cgoId,studentId,creator,createTime,orgid,deptId,isenabled,modifytime,modifier,remark
        <!-- id, name, age, phone-->
    </sql>

    <select id="get" resultMap="BaseResultMap" parameterType="java.lang.Long">
        select
        <include refid="Base_Column_List"/>
        from GL_LeaveApply
        where id = #{id,jdbcType=INTEGER}
    </select>

    <select id="getByPars" resultMap="BaseResultMap">
        select
        <include refid="Base_Column_List"/>
        from GL_LeaveApply where isenabled = 1
        <if test="cgoId != null">
            and cgoId = #{cgoId}
        </if>
    </select>

    <select id="getList" resultMap="BaseResultMap">
        select
        <include refid="Base_Column_List"/>
        from GL_LeaveApply where 1=1
        <!--
         <if test="name != null" >
             and name like '%' || #{name,jdbcType=VARCHAR} || '%'
          </if>
           <if test="age != null" >
            and age = #{age}
          </if>
         -->
    </select>

    <select id="getListMap" resultType="java.util.HashMap">
        select A.id,B.sname,B.phone,A.reason,A.xstatus,
        DATE_FORMAT(A.startTime,'%Y-%m-%d %H:%i') as startTime,
        DATE_FORMAT(A.endTime,'%Y-%m-%d %H:%i') as endTime,
        DATE_FORMAT(A.createTime,'%Y-%m-%d %H:%i') as createTime,
        C.tname as teacherName
        from gl_leaveapply as A inner join gl_student as B on A.studentId=B.id
        left join gl_teacher as C on A.teacherId=C.id
        where A.isenabled=1
        <if test="teacherId != null">
            and A.teacherId=#{teacherId}
        </if>

        <if test="studentId != null">
            and A.studentId = #{studentId}
        </if>

        <if test="xstatus != null">
            and A.xstatus = #{xstatus}
        </if>

        <if test="xstatus == null">
            <choose>
                <!-- btype == 1取待审批否则：已审批 -->
                <when test="btype != null and btype != '' or btype==1">
                    and A.xstatus = 0
                </when>
                <otherwise>
                    and A.xstatus != 0
                </otherwise>
            </choose>
        </if>
        order by A.id desc
    </select>


    <select id="getListAll" resultMap="BaseResultMap">
        select
        <include refid="Base_Column_List"/>
        from GL_LeaveApply where 1=1
    </select>


    <select id="getPageByPars" resultType="java.util.Map">
        select
        <include refid="Base_Column_List"/>
        from GL_LeaveApply where 1=1
        order by id desc
        <if test="offset!=null and pageSize!=null">
            limit #{offset},#{pageSize}
        </if>
    </select>

    <!-- 获取总记录数 -->
    <select id="getTotals" resultType="java.lang.Long">
   	select count(1) as totalCount from GL_LeaveApply where 1=1 
  </select>

    <!-- 根据参数获取总记录数 -->
    <select id="getTotalsByPars" resultType="java.lang.Long" parameterType="java.util.Map">
        select count(1) as totalCount from GL_LeaveApply where 1=1
        <!--
     <if test="name != null" >
         and name like '%' || #{name,jdbcType=VARCHAR} || '%'
      </if>
       <if test="age != null" >
        and age = #{age}
      </if>
     -->
    </select>


    <!-- 获取最大ID -->
    <select id="getMaxID" resultType="java.lang.Long">
   	select max(id) as maxId from GL_LeaveApply where 1=1 
  </select>

    <insert id="insert" useGeneratedKeys="true" keyProperty="id" parameterType="com.cmw.entity.LeaveApplyEntity">
      insert into GL_LeaveApply (xstatus,teacherId,coach,reason, endTime, startTime,cgoId,studentId,creator,createTime,orgid,deptId,isenabled,remark)
    values (#{xstatus,jdbcType=INTEGER},#{teacherId,jdbcType=BIGINT},#{coach,jdbcType=BIGINT},#{reason,jdbcType=VARCHAR},#{ endTime,jdbcType=TIMESTAMP},#{ startTime,jdbcType=TIMESTAMP},#{cgoId,jdbcType=BIGINT},#{studentId,jdbcType=BIGINT},#{creator,jdbcType=BIGINT},#{createTime,jdbcType=TIMESTAMP},#{orgid,jdbcType=BIGINT},#{deptId,jdbcType=BIGINT},#{isenabled,jdbcType=TINYINT},#{remark,jdbcType=VARCHAR})
  </insert>

    <insert id="batchInsert" parameterType="List" useGeneratedKeys="true" keyProperty="id">
        insert into GL_LeaveApply (xstatus,teacherId,reason, endTime,
        startTime,cgoId,studentId,creator,createTime,orgid,deptId,isenabled,remark) values
        <foreach item="item" collection="list" separator=",">
            (#{xstatus,jdbcType=INTEGER},#{teacherId,jdbcType=BIGINT},#{reason,jdbcType=VARCHAR},#{ endTime,jdbcType=TIMESTAMP},#{ startTime,jdbcType=TIMESTAMP},#{cgoId,jdbcType=BIGINT},#{studentId,jdbcType=BIGINT},#{creator,jdbcType=BIGINT},#{createTime,jdbcType=TIMESTAMP},#{orgid,jdbcType=BIGINT},#{deptId,jdbcType=BIGINT},#{isenabled,jdbcType=TINYINT},#{remark,jdbcType=VARCHAR})
        </foreach>
    </insert>

    <update id="update" parameterType="com.cmw.entity.LeaveApplyEntity">
        update GL_LeaveApply
        <set>
            <!--  状态 -->
            <if test="xstatus != null">
                xstatus = #{xstatus,jdbcType=INTEGER},
            </if>
            <!-- 审批老师 -->
            <if test="teacherId != null">
                teacherId = #{teacherId,jdbcType=BIGINT},
            </if>
            <!-- 请假原因 -->
            <if test="reason != null">
                reason = #{reason,jdbcType=VARCHAR},
            </if>
            <!-- 结束时间 -->
            <if test=" endTime != null">
                endTime = #{ endTime,jdbcType=TIMESTAMP},
            </if>
            <!-- 请假起始时间 -->
            <if test=" startTime != null">
                startTime = #{ startTime,jdbcType=TIMESTAMP},
            </if>
            <!-- 上课记录ID -->
            <if test="cgoId != null">
                cgoId = #{cgoId,jdbcType=BIGINT},
            </if>
            <!-- 学员ID -->
            <if test="studentId != null">
                studentId = #{studentId,jdbcType=BIGINT},
            </if>
            <!-- 可用标识 -->
            <if test="isenabled != null">
                isenabled = #{isenabled,jdbcType=TINYINT},
            </if>
            <!-- 修改日期 -->
            <if test="modifytime != null">
                modifytime = #{modifytime,jdbcType=TIMESTAMP},
            </if>
            <!-- 修改人 -->
            <if test="modifier != null">
                modifier = #{modifier,jdbcType=BIGINT},
            </if>
            <!-- 备注 -->
            <if test="remark != null">
                remark = #{remark,jdbcType=VARCHAR},
            </if>

        </set>
        where id = #{id,jdbcType=INTEGER}
    </update>

    <update id="updateByPars" parameterType="map">
        update GL_LeaveApply
        <set>
            <!--  状态 -->
            <if test="xstatus != null">
                xstatus = #{xstatus,jdbcType=INTEGER},
            </if>
            <!-- 审批老师 -->
            <if test="teacherId != null">
                teacherId = #{teacherId,jdbcType=BIGINT},
            </if>
            <!-- 请假原因 -->
            <if test="reason != null">
                reason = #{reason,jdbcType=VARCHAR},
            </if>
            <!-- 结束时间 -->
            <if test=" endTime != null">
                endTime = #{ endTime,jdbcType=TIMESTAMP},
            </if>
            <!-- 请假起始时间 -->
            <if test=" startTime != null">
                startTime = #{ startTime,jdbcType=TIMESTAMP},
            </if>
            <!-- 上课记录ID -->
            <if test="cgoId != null">
                cgoId = #{cgoId,jdbcType=BIGINT},
            </if>
            <!-- 学员ID -->
            <if test="studentId != null">
                studentId = #{studentId,jdbcType=BIGINT},
            </if>
            <!-- 可用标识 -->
            <if test="isenabled != null">
                isenabled = #{isenabled,jdbcType=TINYINT},
            </if>
            <!-- 修改日期 -->
            <if test="modifytime != null">
                modifytime = #{modifytime,jdbcType=TIMESTAMP},
            </if>
            <!-- 修改人 -->
            <if test="modifier != null">
                modifier = #{modifier,jdbcType=BIGINT},
            </if>
            <!-- 备注 -->
            <if test="remark != null">
                remark = #{remark,jdbcType=VARCHAR},
            </if>

        </set>
        where 1=1
        <!-- where 条件参数必须加上 par_+wherePars参数key -->
        <!--
         <if test="par_id != null" >
           and id = #{par_id}
         </if>

        <if test="par_name != null" >
            and name like '%' || #{par_name,jdbcType=VARCHAR} || '%'
         </if>
          <if test="par_phone != null" >
           and phone = '${par_phone}'
         </if>
         -->
    </update>


    <update id="batchUpdate" parameterType="java.util.List">
        <foreach collection="list" item="item" index="index" open="" close="" separator=";">
            update GL_LeaveApply
            <set>
                <!--  状态 -->
                <if test="xstatus != null">
                    xstatus = #{xstatus,jdbcType=INTEGER},
                </if>
                <!-- 审批老师 -->
                <if test="teacherId != null">
                    teacherId = #{teacherId,jdbcType=BIGINT},
                </if>
                <!-- 请假原因 -->
                <if test="reason != null">
                    reason = #{reason,jdbcType=VARCHAR},
                </if>
                <!-- 结束时间 -->
                <if test=" endTime != null">
                    endTime = #{ endTime,jdbcType=TIMESTAMP},
                </if>
                <!-- 请假起始时间 -->
                <if test=" startTime != null">
                    startTime = #{ startTime,jdbcType=TIMESTAMP},
                </if>
                <!-- 上课记录ID -->
                <if test="cgoId != null">
                    cgoId = #{cgoId,jdbcType=BIGINT},
                </if>
                <!-- 学员ID -->
                <if test="studentId != null">
                    studentId = #{studentId,jdbcType=BIGINT},
                </if>
                <!-- 可用标识 -->
                <if test="isenabled != null">
                    isenabled = #{isenabled,jdbcType=TINYINT},
                </if>
                <!-- 修改日期 -->
                <if test="modifytime != null">
                    modifytime = #{modifytime,jdbcType=TIMESTAMP},
                </if>
                <!-- 修改人 -->
                <if test="modifier != null">
                    modifier = #{modifier,jdbcType=BIGINT},
                </if>
                <!-- 备注 -->
                <if test="remark != null">
                    remark = #{remark,jdbcType=VARCHAR},
                </if>

            </set>
            where id = #{item.id,jdbcType=INTEGER}
        </foreach>
    </update>

    <delete id="delete" parameterType="java.lang.Long">
    delete from GL_LeaveApply
    where id = #{id,jdbcType=INTEGER}
  </delete>

    <!-- 根据指定的参数，删除实体 -->
    <delete id="deleteByPars" parameterType="map">
        delete from GL_LeaveApply
        where 1=1

        <if test="id != null">
            and id = #{id,jdbcType=INTEGER}
        </if>

        <if test="name != null">
            and name like '%' || #{name,jdbcType=VARCHAR} || '%'
        </if>
        <if test="phone != null">
            and phone = #{name,jdbcType=VARCHAR}
        </if>
    </delete>

    <delete id="deleteByIds">
    delete from GL_LeaveApply
    where id in (${ids})
  </delete>

    <!-- 删除所有数据 -->
    <delete id="deleteAll">
    delete from GL_LeaveApply
  </delete>

    <!-- 根据ID禁用或启用数据-->
    <update id="enabled">
        update GL_LeaveApply
        <set>
            isenabled = #{isenabled,jdbcType=INTEGER}
        </set>
        where id=#{id,jdbcType=INTEGER}
    </update>

    <!-- 根据ID禁用或启用数据-->
    <update id="enabledByPars" parameterType="map">
        update GL_LeaveApply
        <set>
            isenabled = #{isenabled,jdbcType=INTEGER}
        </set>
        where 1=1

        <if test="id != null">
            and id = #{id,jdbcType=INTEGER}
        </if>

        <if test="name != null">
            and name like '%' || #{name,jdbcType=VARCHAR} || '%'
        </if>
        <if test="phone != null">
            and phone = #{name,jdbcType=VARCHAR}
        </if>

    </update>

    <!-- 根据多个ID禁用或启用数据-->
    <update id="enabledByIds">
        update GL_LeaveApply
        <set>
            isenabled = #{isenabled,jdbcType=INTEGER}
        </set>
        where id in (${ids})
    </update>

    <!--
        获取请假记录
        @Author 肖家添
        @Date 2019/7/17 16:01
    -->
    <select id="getLeaveApplyByPars" parameterType="java.util.Map" resultType="java.util.Map">
		select gly.*
		from gl_leaveApply gly
		where gly.isenabled = 1

		<if test="studentId != null">
		    and gly.studentId = #{studentId}
        </if>

        <if test="cgoId != null">
            and gly.cgoId = #{cgoId}
        </if>
	</select>

</mapper>
