<?xml version="1.0" encoding="UTF-8" ?>
<!DOCTYPE mapper PUBLIC "-//mybatis.org//DTD Mapper 3.0//EN" "http://mybatis.org/dtd/mybatis-3-mapper.dtd" >
<mapper namespace="com.cmw.dao.MemberDao" >
	<resultMap id="BaseResultMap" type="com.cmw.entity.MemberEntity" >
		<id column="id" property="id" jdbcType="BIGINT" />
		<!-- 微信openid -->
		<result column="openid" property="openid" jdbcType="VARCHAR"/>
		<!-- 历史记录ID -->
		<result column="historyId" property="historyId" jdbcType="VARCHAR"/>
		<!-- 会员类型 -->
		<result column="mtype" property="mtype" jdbcType="INTEGER"/>
		<!-- 用户头像 -->
		<result column="imgPath" property="imgPath" jdbcType="VARCHAR"/>
		<!-- 会员等级 -->
		<result column="mlevel" property="mlevel" jdbcType="BIGINT"/>
		<!-- 手机是否验证 -->
		<result column="phonePass" property="phonePass" jdbcType="TINYINT"/>
		<!-- 邮箱是否验证 -->
		<result column="emailPass" property="emailPass" jdbcType="TINYINT"/>
		<!-- 身份证是否验证 -->
		<result column="cardnoPass" property="cardnoPass" jdbcType="TINYINT"/>
		<!-- 手机 -->
		<result column="phone" property="phone" jdbcType="VARCHAR"/>
		<!-- 邮箱 -->
		<result column="email" property="email" jdbcType="VARCHAR"/>
		<!-- 身份证号码 -->
		<result column="cardno" property="cardno" jdbcType="VARCHAR"/>
		<!-- 会员姓名 -->
		<result column="rname" property="rname" jdbcType="VARCHAR"/>
		<!-- 密码 -->
		<result column="pwd" property="pwd" jdbcType="VARCHAR"/>
		<!-- 用户名 -->
		<result column="account" property="account" jdbcType="VARCHAR"/>
		<!-- 创建人 -->
		<result column="creator" property="creator" jdbcType="BIGINT"/>
		<!-- 创建时间 -->
		<result column="createTime" property="createTime" jdbcType="TIMESTAMP"/>
		<!-- 创建机构 -->
		<result column="orgid" property="orgid" jdbcType="BIGINT"/>
		<!-- 创建部门 -->
		<result column="deptId" property="deptId" jdbcType="BIGINT"/>
		<!-- 可用标识 -->
		<result column="isenabled" property="isenabled" jdbcType="TINYINT"/>
		<!-- 修改日期 -->
		<result column="modifytime" property="modifytime" jdbcType="TIMESTAMP"/>
		<!-- 修改人 -->
		<result column="modifier" property="modifier" jdbcType="BIGINT"/>
		<!-- 备注 -->
		<result column="remark" property="remark" jdbcType="VARCHAR"/>

	</resultMap>
	<sql id="Base_Column_List" >
 	id,historyId,mtype,imgPath,mlevel,phonePass,emailPass,cardnoPass,
 	phone,email,cardno,rname,pwd,account,creator,createTime,orgid,
 	deptId,isenabled,modifytime,modifier,remark,openid
  </sql>

	<select id="get" resultMap="BaseResultMap" parameterType="java.lang.Long">
		select
		<include refid="Base_Column_List" />
		from GL_Member
		where id = #{id,jdbcType=INTEGER}
	</select>

	<select id="getByPars" resultMap="BaseResultMap">
		select
		<include refid="Base_Column_List" />
		from GL_Member where isenabled = 1
		<if test="account != null" >
			and account = #{account}
		</if>

		<if test="rname != null" >
			and rname = #{rname}
		</if>

		<if test="phone != null" >
			and phone = #{phone}
		</if>
		<if test="openid != null" >
			and openid = #{openid}
		</if>
		<if test="memberId != null" >
			and id = #{memberId}
		</if>
	</select>

	<select id="getList" resultMap="BaseResultMap">
		select
		<include refid="Base_Column_List" />
		from GL_Member where isenabled = 1
		<if test="account != null" >
			and account = #{account}
		</if>
		<if test="phone != null" >
			and phone = #{phone}
		</if>
		<if test="openid != null" >
			and openid = #{openid}
		</if>
		<if test="memberId != null" >
			and memberId = #{memberId}
		</if>
	</select>

	<select id="getListMap" resultType="java.util.HashMap">
		select
		<include refid="Base_Column_List" />
		from GL_Member where 1=1
		<!--
           <if test="name != null" >
            and name like '%' || #{name,jdbcType=VARCHAR} || '%'
         </if>
          <if test="age != null" >
           and age = #{age}
         </if>
        -->
	</select>


	<select id="getListAll" resultMap="BaseResultMap">
		select
		<include refid="Base_Column_List" />
		from GL_Member where 1=1
	</select>


	<select id="getPageByPars" resultMap="BaseResultMap">
		select
		<include refid="Base_Column_List" />
		from GL_Member where 1=1
		<!--
           <if test="name != null" >
           and name like '%' || #{name,jdbcType=VARCHAR} || '%'
        </if>
         <if test="age != null" >
          and age = #{age}
        </if>
       -->
		order by id desc
		<if test="offset!=null and pageSize!=null">
			limit #{offset},#{pageSize}
		</if>
	</select>

	<!-- 获取总记录数 -->
	<select id="getTotals" resultType="java.lang.Long">
   	select count(1) as totalCount from GL_Member where 1=1
  </select>

	<!-- 根据参数获取总记录数 -->
	<select id="getTotalsByPars" resultType="java.lang.Long" parameterType="java.util.Map">
		select count(1) as totalCount from GL_Member where 1=1
		<!--
     <if test="name != null" >
         and name like '%' || #{name,jdbcType=VARCHAR} || '%'
      </if>
       <if test="age != null" >
        and age = #{age}
      </if>
     -->
	</select>


	<!-- 获取最大ID -->
	<select id="getMaxID"  resultType="java.lang.Long">
   	select max(id) as maxId from GL_Member where 1=1
  </select>

	<insert id="insert" useGeneratedKeys="true" keyProperty="id" parameterType="com.cmw.entity.MemberEntity" >
      insert into GL_Member (historyId,mtype,imgPath,mlevel,phonePass,emailPass,cardnoPass,
	  phone,email,cardno,rname,pwd,account,creator,createTime,orgid,deptId,isenabled,remark,openid)
    values (#{historyId,jdbcType=VARCHAR},#{mtype,jdbcType=INTEGER},#{imgPath,jdbcType=VARCHAR},
	  #{mlevel,jdbcType=BIGINT},#{phonePass,jdbcType=TINYINT},#{emailPass,jdbcType=TINYINT},
	  #{cardnoPass,jdbcType=TINYINT},#{phone,jdbcType=VARCHAR},#{email,jdbcType=VARCHAR},
	  #{cardno,jdbcType=VARCHAR},#{rname,jdbcType=VARCHAR},#{pwd,jdbcType=VARCHAR},
	  #{account,jdbcType=VARCHAR},#{creator,jdbcType=BIGINT},#{createTime,jdbcType=TIMESTAMP},
	  #{orgid,jdbcType=BIGINT},#{deptId,jdbcType=BIGINT},#{isenabled,jdbcType=TINYINT},#{remark,jdbcType=VARCHAR},#{openid,jdbcType=VARCHAR})

  </insert>

	<insert id="batchInsert" parameterType="List" useGeneratedKeys="true" keyProperty="id">
		insert into GL_Member (historyId,mtype,imgPath,mlevel,phonePass,emailPass,cardnoPass,phone,email,cardno,rname,pwd,account,creator,createTime,orgid,deptId,isenabled,remark) values
		<foreach item="item" collection="list" separator=",">
			(#{historyId,jdbcType=VARCHAR},#{mtype,jdbcType=INTEGER},#{imgPath,jdbcType=VARCHAR},#{mlevel,jdbcType=BIGINT},#{phonePass,jdbcType=TINYINT},#{emailPass,jdbcType=TINYINT},#{cardnoPass,jdbcType=TINYINT},#{phone,jdbcType=VARCHAR},#{email,jdbcType=VARCHAR},#{cardno,jdbcType=VARCHAR},#{rname,jdbcType=VARCHAR},#{pwd,jdbcType=VARCHAR},#{account,jdbcType=VARCHAR},#{creator,jdbcType=BIGINT},#{createTime,jdbcType=TIMESTAMP},#{orgid,jdbcType=BIGINT},#{deptId,jdbcType=BIGINT},#{isenabled,jdbcType=TINYINT},#{remark,jdbcType=VARCHAR})
		</foreach>

	</insert>

	<update id="update" parameterType="com.cmw.entity.MemberEntity" >
		update GL_Member
		<set>
			<!-- openid ID -->
			<if test="openid != null" >
				openid = #{openid,jdbcType=VARCHAR},
			</if>


			<!-- 历史记录ID -->
			<if test="historyId != null" >
				historyId = #{historyId,jdbcType=VARCHAR},
			</if>
			<!-- 会员类型 -->
			<if test="mtype != null" >
				mtype = #{mtype,jdbcType=INTEGER},
			</if>
			<!-- 用户头像 -->
			<if test="imgPath != null" >
				imgPath = #{imgPath,jdbcType=VARCHAR},
			</if>
			<!-- 会员等级 -->
			<if test="mlevel != null" >
				mlevel = #{mlevel,jdbcType=BIGINT},
			</if>
			<!-- 手机是否验证 -->
			<if test="phonePass != null" >
				phonePass = #{phonePass,jdbcType=TINYINT},
			</if>
			<!-- 邮箱是否验证 -->
			<if test="emailPass != null" >
				emailPass = #{emailPass,jdbcType=TINYINT},
			</if>
			<!-- 身份证是否验证 -->
			<if test="cardnoPass != null" >
				cardnoPass = #{cardnoPass,jdbcType=TINYINT},
			</if>
			<!-- 手机 -->
			<if test="phone != null" >
				phone = #{phone,jdbcType=VARCHAR},
			</if>
			<!-- 邮箱 -->
			<if test="email != null" >
				email = #{email,jdbcType=VARCHAR},
			</if>
			<!-- 身份证号码 -->
			<if test="cardno != null" >
				cardno = #{cardno,jdbcType=VARCHAR},
			</if>
			<!-- 会员姓名 -->
			<if test="rname != null" >
				rname = #{rname,jdbcType=VARCHAR},
			</if>
			<!-- 密码 -->
			<if test="pwd != null" >
				pwd = #{pwd,jdbcType=VARCHAR},
			</if>
			<!-- 用户名 -->
			<if test="account != null" >
				account = #{account,jdbcType=VARCHAR},
			</if>
			<!-- 可用标识 -->
			<if test="isenabled != null" >
				isenabled = #{isenabled,jdbcType=TINYINT},
			</if>
			<!-- 修改日期 -->
			<if test="modifytime != null" >
				modifytime = #{modifytime,jdbcType=TIMESTAMP},
			</if>
			<!-- 修改人 -->
			<if test="modifier != null" >
				modifier = #{modifier,jdbcType=BIGINT},
			</if>
			<!-- 备注 -->
			<if test="remark != null" >
				remark = #{remark,jdbcType=VARCHAR},
			</if>
		</set>
		where id = #{id,jdbcType=INTEGER}
	</update>

	<update id="updateByPars" parameterType="map">
		update GL_Member
		<set>
			<!-- 历史记录ID -->
			<if test="historyId != null" >
				historyId = #{historyId,jdbcType=VARCHAR},
			</if>
			<!-- 会员类型 -->
			<if test="mtype != null" >
				mtype = #{mtype,jdbcType=INTEGER},
			</if>
			<!-- 用户头像 -->
			<if test="imgPath != null" >
				imgPath = #{imgPath,jdbcType=VARCHAR},
			</if>
			<!-- 会员等级 -->
			<if test="mlevel != null" >
				mlevel = #{mlevel,jdbcType=BIGINT},
			</if>
			<!-- 手机是否验证 -->
			<if test="phonePass != null" >
				phonePass = #{phonePass,jdbcType=TINYINT},
			</if>
			<!-- 邮箱是否验证 -->
			<if test="emailPass != null" >
				emailPass = #{emailPass,jdbcType=TINYINT},
			</if>
			<!-- 身份证是否验证 -->
			<if test="cardnoPass != null" >
				cardnoPass = #{cardnoPass,jdbcType=TINYINT},
			</if>
			<!-- 手机 -->
			<if test="phone != null" >
				phone = #{phone,jdbcType=VARCHAR},
			</if>
			<!-- 邮箱 -->
			<if test="email != null" >
				email = #{email,jdbcType=VARCHAR},
			</if>
			<!-- 身份证号码 -->
			<if test="cardno != null" >
				cardno = #{cardno,jdbcType=VARCHAR},
			</if>
			<!-- 会员姓名 -->
			<if test="rname != null" >
				rname = #{rname,jdbcType=VARCHAR},
			</if>
			<!-- 密码 -->
			<if test="pwd != null" >
				pwd = #{pwd,jdbcType=VARCHAR},
			</if>
			<!-- 用户名 -->
			<if test="account != null" >
				account = #{account,jdbcType=VARCHAR},
			</if>
			<!-- 可用标识 -->
			<if test="isenabled != null" >
				isenabled = #{isenabled,jdbcType=TINYINT},
			</if>
			<!-- 修改日期 -->
			<if test="modifytime != null" >
				modifytime = #{modifytime,jdbcType=TIMESTAMP},
			</if>
			<!-- 修改人 -->
			<if test="modifier != null" >
				modifier = #{modifier,jdbcType=BIGINT},
			</if>
			<!-- 备注 -->
			<if test="remark != null" >
				remark = #{remark,jdbcType=VARCHAR},
			</if>

			<!--
              <if test="name != null" >
                name = #{name,jdbcType=VARCHAR},
              </if>
               <if test="age != null" >
                age = #{age,jdbcType=INTEGER},
              </if>
               <if test="phone != null" >
                phone = #{phone,jdbcType=VARCHAR},
              </if>
              -->
		</set>
		where 1=1
		<!-- where 条件参数必须加上 par_+wherePars参数key -->
		<!--
         <if test="par_id != null" >
           and id = #{par_id}
         </if>

        <if test="par_name != null" >
            and name like '%' || #{par_name,jdbcType=VARCHAR} || '%'
         </if>
          <if test="par_phone != null" >
           and phone = '${par_phone}'
         </if>
         -->
	</update>


	<update id="batchUpdate"  parameterType="java.util.List">
		<foreach collection="list" item="item" index="index" open="" close="" separator=";">
			update GL_Member
			<set>
				<!-- 历史记录ID -->
				<if test="historyId != null" >
					historyId = #{historyId,jdbcType=VARCHAR},
				</if>
				<!-- 会员类型 -->
				<if test="mtype != null" >
					mtype = #{mtype,jdbcType=INTEGER},
				</if>
				<!-- 用户头像 -->
				<if test="imgPath != null" >
					imgPath = #{imgPath,jdbcType=VARCHAR},
				</if>
				<!-- 会员等级 -->
				<if test="mlevel != null" >
					mlevel = #{mlevel,jdbcType=BIGINT},
				</if>
				<!-- 手机是否验证 -->
				<if test="phonePass != null" >
					phonePass = #{phonePass,jdbcType=TINYINT},
				</if>
				<!-- 邮箱是否验证 -->
				<if test="emailPass != null" >
					emailPass = #{emailPass,jdbcType=TINYINT},
				</if>
				<!-- 身份证是否验证 -->
				<if test="cardnoPass != null" >
					cardnoPass = #{cardnoPass,jdbcType=TINYINT},
				</if>
				<!-- 手机 -->
				<if test="phone != null" >
					phone = #{phone,jdbcType=VARCHAR},
				</if>
				<!-- 邮箱 -->
				<if test="email != null" >
					email = #{email,jdbcType=VARCHAR},
				</if>
				<!-- 身份证号码 -->
				<if test="cardno != null" >
					cardno = #{cardno,jdbcType=VARCHAR},
				</if>
				<!-- 会员姓名 -->
				<if test="rname != null" >
					rname = #{rname,jdbcType=VARCHAR},
				</if>
				<!-- 密码 -->
				<if test="pwd != null" >
					pwd = #{pwd,jdbcType=VARCHAR},
				</if>
				<!-- 用户名 -->
				<if test="account != null" >
					account = #{account,jdbcType=VARCHAR},
				</if>
				<!-- 可用标识 -->
				<if test="isenabled != null" >
					isenabled = #{isenabled,jdbcType=TINYINT},
				</if>
				<!-- 修改日期 -->
				<if test="modifytime != null" >
					modifytime = #{modifytime,jdbcType=TIMESTAMP},
				</if>
				<!-- 修改人 -->
				<if test="modifier != null" >
					modifier = #{modifier,jdbcType=BIGINT},
				</if>
				<!-- 备注 -->
				<if test="remark != null" >
					remark = #{remark,jdbcType=VARCHAR},
				</if>
			</set>
			where id = #{item.id,jdbcType=INTEGER}
		</foreach>
	</update>

	<delete id="delete" parameterType="java.lang.Long" >
    delete from GL_Member
    where id = #{id,jdbcType=INTEGER}
  </delete>

	<!-- 根据指定的参数，删除实体 -->
	<delete id="deleteByPars" parameterType="map" >
		delete from GL_Member
		where 1=1

		<if test="id != null" >
			and id = #{id,jdbcType=INTEGER}
		</if>

		<if test="name != null" >
			and name like '%' || #{name,jdbcType=VARCHAR} || '%'
		</if>
		<if test="phone != null" >
			and phone = #{name,jdbcType=VARCHAR}
		</if>
	</delete>

	<delete id="deleteByIds" >
    delete from GL_Member
    where id in (${ids})
  </delete>

	<!-- 删除所有数据 -->
	<delete id="deleteAll" >
    delete from GL_Member
  </delete>

	<!-- 根据ID禁用或启用数据-->
	<update id="enabled">
		update GL_Member
		<set>
			isenabled = #{isenabled,jdbcType=INTEGER}
		</set>
		where id=#{id,jdbcType=INTEGER}
	</update>

	<!-- 根据ID禁用或启用数据-->
	<update id="enabledByPars" parameterType="map">
		update GL_Member
		<set>
			isenabled = #{isenabled,jdbcType=INTEGER}
		</set>
		where 1=1

		<if test="id != null" >
			and id = #{id,jdbcType=INTEGER}
		</if>

		<if test="name != null" >
			and name like '%' || #{name,jdbcType=VARCHAR} || '%'
		</if>
		<if test="phone != null" >
			and phone = #{name,jdbcType=VARCHAR}
		</if>

	</update>

	<!-- 根据多个ID禁用或启用数据-->
	<update id="enabledByIds">
		update GL_Member
		<set>
			isenabled = #{isenabled,jdbcType=INTEGER}
		</set>
		where id in (${ids})
	</update>

</mapper>