<?xml version="1.0" encoding="UTF-8" ?>
<!DOCTYPE mapper PUBLIC "-//mybatis.org//DTD Mapper 3.0//EN" "http://mybatis.org/dtd/mybatis-3-mapper.dtd" >
<mapper namespace="com.cmw.dao.MemberDetailDao" >
  <resultMap id="BaseResultMap" type="com.cmw.entity.MemberDetailEntity" >
  	<id column="id" property="id" jdbcType="BIGINT" />
	<!-- 注册来源 -->
	<result column="rsource" property="rsource" jdbcType="INTEGER"/>
	<!-- 推荐人手机号 -->
	<result column="sphone" property="sphone" jdbcType="VARCHAR"/>
	<!-- 邀请码 -->
	<result column="shareCode" property="shareCode" jdbcType="VARCHAR"/>
	<!-- 登录日志ID -->
	<result column="logId" property="logId" jdbcType="BIGINT"/>
	<!-- 锁定时长 -->
	<result column="duration" property="duration" jdbcType="VARCHAR"/>
	<!-- 解锁时间 -->
	<result column="unlockTime" property="unlockTime" jdbcType="DATE"/>
	<!-- 锁定时间 -->
	<result column="lockTime" property="lockTime" jdbcType="DATE"/>
	<!-- 密码错误次数 -->
	<result column="ecount" property="ecount" jdbcType="INTEGER"/>
	<!-- 是否锁定 -->
	<result column="locked" property="locked" jdbcType="INTEGER"/>
	<!-- 会员ID -->
	<result column="memberId" property="memberId" jdbcType="BIGINT"/>
<!-- 创建人 -->
<result column="creator" property="creator" jdbcType="BIGINT"/>
<!-- 创建时间 -->
<result column="createTime" property="createTime" jdbcType="TIMESTAMP"/>
<!-- 创建机构 -->
<result column="orgid" property="orgid" jdbcType="BIGINT"/>
<!-- 创建部门 -->
<result column="deptId" property="deptId" jdbcType="BIGINT"/>
<!-- 可用标识 -->
<result column="isenabled" property="isenabled" jdbcType="TINYINT"/>
<!-- 修改日期 -->
<result column="modifytime" property="modifytime" jdbcType="TIMESTAMP"/>
<!-- 修改人 -->
<result column="modifier" property="modifier" jdbcType="BIGINT"/>
<!-- 备注 -->
<result column="remark" property="remark" jdbcType="VARCHAR"/>

  	<!--
    <id column="id" property="id" jdbcType="INTEGER" />
    <result column="name" property="name" jdbcType="VARCHAR"/>
    <result column="age" property="age" jdbcType="INTEGER" />
    <result column="phone" property="phone" jdbcType="VARCHAR" />
    -->
  </resultMap>
  <sql id="Base_Column_List" >
 	id,rsource,sphone,shareCode,logId,duration,unlockTime,lockTime,ecount,locked,memberId,creator,createTime,orgid,deptId,isenabled,modifytime,modifier,remark
   <!-- id, name, age, phone-->
  </sql>
  
  <select id="get" resultMap="BaseResultMap" parameterType="java.lang.Long">
   	select 
   	 <include refid="Base_Column_List" />
    from GL_MemberDetail
    where id = #{id,jdbcType=INTEGER}
  </select>

  <select id="getByPars" resultMap="BaseResultMap">
   	select 
   	 <include refid="Base_Column_List" />
    from GL_MemberDetail where 1=1
      <!--
          <if test="name != null" >
            and name like '%' || #{name,jdbcType=VARCHAR} || '%'
         </if>
          <if test="age != null" >
           and age = #{age}
         </if>
        -->
  </select>
  
   <select id="getList" resultMap="BaseResultMap">
   	select 
   	 <include refid="Base_Column_List" />
    from GL_MemberDetail where 1=1 
    <!-- 
     <if test="name != null" >
         and name like '%' || #{name,jdbcType=VARCHAR} || '%'
      </if>
       <if test="age != null" >
        and age = #{age}
      </if>
     -->
  </select>
  
  <select id="getListMap" resultType="java.util.HashMap">
   	 select 
   	 <include refid="Base_Column_List" />
     from GL_MemberDetail where 1=1 
     <!-- 
   	 <if test="name != null" >
         and name like '%' || #{name,jdbcType=VARCHAR} || '%'
      </if>
       <if test="age != null" >
        and age = #{age}
      </if>
     -->
  </select>
  
  
  <select id="getListAll" resultMap="BaseResultMap">
   	select 
   	 <include refid="Base_Column_List" />
    from GL_MemberDetail where 1=1 
  </select>
  
  
  <select id="getPageByPars" resultMap="BaseResultMap">
   	select 
   	 <include refid="Base_Column_List" />
    from GL_MemberDetail where 1=1 
      <!-- 
   	  <if test="name != null" >
         and name like '%' || #{name,jdbcType=VARCHAR} || '%'
      </if>
       <if test="age != null" >
        and age = #{age}
      </if>
     -->
       order by id desc 
        <if test="offset!=null and pageSize!=null">  
	        limit #{offset},#{pageSize}
	    </if>
  </select>
  
  <!-- 获取总记录数 -->
  <select id="getTotals" resultType="java.lang.Long">
   	select count(1) as totalCount from GL_MemberDetail where 1=1 
  </select>
  
   <!-- 根据参数获取总记录数 -->
  <select id="getTotalsByPars" resultType="java.lang.Long" parameterType="java.util.Map">
   	select count(1) as totalCount from GL_MemberDetail where 1=1 
   	 <!-- 
     <if test="name != null" >
         and name like '%' || #{name,jdbcType=VARCHAR} || '%'
      </if>
       <if test="age != null" >
        and age = #{age}
      </if>
     -->
  </select>
  
  
  <!-- 获取最大ID -->
  <select id="getMaxID"  resultType="java.lang.Long">
   	select max(id) as maxId from GL_MemberDetail where 1=1 
  </select>
  
  <insert id="insert" useGeneratedKeys="true" keyProperty="id" parameterType="com.cmw.entity.MemberDetailEntity" >
      insert into GL_MemberDetail (rsource,sphone,shareCode,logId,duration,unlockTime,lockTime,ecount,locked,memberId,creator,createTime,orgid,deptId,isenabled,remark)
    values (#{rsource,jdbcType=INTEGER},#{sphone,jdbcType=VARCHAR},#{shareCode,jdbcType=VARCHAR},#{logId,jdbcType=BIGINT},#{duration,jdbcType=VARCHAR},#{unlockTime,jdbcType=DATE},#{lockTime,jdbcType=DATE},#{ecount,jdbcType=INTEGER},#{locked,jdbcType=INTEGER},#{memberId,jdbcType=BIGINT},#{creator,jdbcType=BIGINT},#{createTime,jdbcType=TIMESTAMP},#{orgid,jdbcType=BIGINT},#{deptId,jdbcType=BIGINT},#{isenabled,jdbcType=TINYINT},#{remark,jdbcType=VARCHAR})
    <!--
    insert into student (name, age, phone)
    values (#{name,jdbcType=VARCHAR}, #{age,jdbcType=INTEGER}, #{phone,jdbcType=VARCHAR})
    -->
  </insert>
  
  <insert id="batchInsert" parameterType="List" useGeneratedKeys="true" keyProperty="id">
	 insert into GL_MemberDetail (rsource,sphone,shareCode,logId,duration,unlockTime,lockTime,ecount,locked,memberId,creator,createTime,orgid,deptId,isenabled,remark) values
	  <foreach item="item" collection="list" separator=",">
	    (#{rsource,jdbcType=INTEGER},#{sphone,jdbcType=VARCHAR},#{shareCode,jdbcType=VARCHAR},#{logId,jdbcType=BIGINT},#{duration,jdbcType=VARCHAR},#{unlockTime,jdbcType=DATE},#{lockTime,jdbcType=DATE},#{ecount,jdbcType=INTEGER},#{locked,jdbcType=INTEGER},#{memberId,jdbcType=BIGINT},#{creator,jdbcType=BIGINT},#{createTime,jdbcType=TIMESTAMP},#{orgid,jdbcType=BIGINT},#{deptId,jdbcType=BIGINT},#{isenabled,jdbcType=TINYINT},#{remark,jdbcType=VARCHAR})
	  </foreach>
	<!--
	  insert into GL_MemberDetail (name, age, phone) values
	  <foreach item="item" collection="list" separator=",">
	    (#{item.name}, #{item.age}, #{item.phone})
	  </foreach>
	  -->
  </insert>
  
   <update id="update" parameterType="com.cmw.entity.MemberDetailEntity" >
    update GL_MemberDetail
    <set>
    			<!-- 注册来源 -->
		<if test="rsource != null" >
		  rsource = #{rsource,jdbcType=INTEGER},
		</if>
		<!-- 推荐人手机号 -->
		<if test="sphone != null" >
		  sphone = #{sphone,jdbcType=VARCHAR},
		</if>
		<!-- 邀请码 -->
		<if test="shareCode != null" >
		  shareCode = #{shareCode,jdbcType=VARCHAR},
		</if>
		<!-- 登录日志ID -->
		<if test="logId != null" >
		  logId = #{logId,jdbcType=BIGINT},
		</if>
		<!-- 锁定时长 -->
		<if test="duration != null" >
		  duration = #{duration,jdbcType=VARCHAR},
		</if>
		<!-- 解锁时间 -->
		<if test="unlockTime != null" >
		  unlockTime = #{unlockTime,jdbcType=DATE},
		</if>
		<!-- 锁定时间 -->
		<if test="lockTime != null" >
		  lockTime = #{lockTime,jdbcType=DATE},
		</if>
		<!-- 密码错误次数 -->
		<if test="ecount != null" >
		  ecount = #{ecount,jdbcType=INTEGER},
		</if>
		<!-- 是否锁定 -->
		<if test="locked != null" >
		  locked = #{locked,jdbcType=INTEGER},
		</if>
		<!-- 会员ID -->
		<if test="memberId != null" >
		  memberId = #{memberId,jdbcType=BIGINT},
		</if>
		<!-- 可用标识 -->
		<if test="isenabled != null" >
		  isenabled = #{isenabled,jdbcType=TINYINT},
		</if>
		<!-- 修改日期 -->
		<if test="modifytime != null" >
		  modifytime = #{modifytime,jdbcType=TIMESTAMP},
		</if>
		<!-- 修改人 -->
		<if test="modifier != null" >
		  modifier = #{modifier,jdbcType=BIGINT},
		</if>
		<!-- 备注 -->
		<if test="remark != null" >
		  remark = #{remark,jdbcType=VARCHAR},
		</if>

    <!--
      <if test="name != null" >
        name = #{name,jdbcType=VARCHAR},
      </if>
       <if test="age != null" >
        age = #{age,jdbcType=INTEGER},
      </if>
       <if test="phone != null" >
        phone = #{phone,jdbcType=VARCHAR},
      </if>
      -->
    </set>
    where id = #{id,jdbcType=INTEGER}
  </update>
  
   <update id="updateByPars" parameterType="map">
    update GL_MemberDetail
    <set>
     			<!-- 注册来源 -->
		<if test="rsource != null" >
		  rsource = #{rsource,jdbcType=INTEGER},
		</if>
		<!-- 推荐人手机号 -->
		<if test="sphone != null" >
		  sphone = #{sphone,jdbcType=VARCHAR},
		</if>
		<!-- 邀请码 -->
		<if test="shareCode != null" >
		  shareCode = #{shareCode,jdbcType=VARCHAR},
		</if>
		<!-- 登录日志ID -->
		<if test="logId != null" >
		  logId = #{logId,jdbcType=BIGINT},
		</if>
		<!-- 锁定时长 -->
		<if test="duration != null" >
		  duration = #{duration,jdbcType=VARCHAR},
		</if>
		<!-- 解锁时间 -->
		<if test="unlockTime != null" >
		  unlockTime = #{unlockTime,jdbcType=DATE},
		</if>
		<!-- 锁定时间 -->
		<if test="lockTime != null" >
		  lockTime = #{lockTime,jdbcType=DATE},
		</if>
		<!-- 密码错误次数 -->
		<if test="ecount != null" >
		  ecount = #{ecount,jdbcType=INTEGER},
		</if>
		<!-- 是否锁定 -->
		<if test="locked != null" >
		  locked = #{locked,jdbcType=INTEGER},
		</if>
		<!-- 会员ID -->
		<if test="memberId != null" >
		  memberId = #{memberId,jdbcType=BIGINT},
		</if>
		<!-- 可用标识 -->
		<if test="isenabled != null" >
		  isenabled = #{isenabled,jdbcType=TINYINT},
		</if>
		<!-- 修改日期 -->
		<if test="modifytime != null" >
		  modifytime = #{modifytime,jdbcType=TIMESTAMP},
		</if>
		<!-- 修改人 -->
		<if test="modifier != null" >
		  modifier = #{modifier,jdbcType=BIGINT},
		</if>
		<!-- 备注 -->
		<if test="remark != null" >
		  remark = #{remark,jdbcType=VARCHAR},
		</if>

    <!--
      <if test="name != null" >
        name = #{name,jdbcType=VARCHAR},
      </if>
       <if test="age != null" >
        age = #{age,jdbcType=INTEGER},
      </if>
       <if test="phone != null" >
        phone = #{phone,jdbcType=VARCHAR},
      </if>
      -->
    </set>
    where 1=1 
     <!-- where 条件参数必须加上 par_+wherePars参数key -->
     <!-- 
      <if test="par_id != null" >
        and id = #{par_id}
      </if>
       
     <if test="par_name != null" >
         and name like '%' || #{par_name,jdbcType=VARCHAR} || '%'
      </if>
       <if test="par_phone != null" >
        and phone = '${par_phone}'
      </if>
      -->
  </update>
  
  
  <update id="batchUpdate"  parameterType="java.util.List">  
      <foreach collection="list" item="item" index="index" open="" close="" separator=";">  
            update GL_MemberDetail   
            <set>  
            			<!-- 注册来源 -->
		<if test="rsource != null" >
		  rsource = #{rsource,jdbcType=INTEGER},
		</if>
		<!-- 推荐人手机号 -->
		<if test="sphone != null" >
		  sphone = #{sphone,jdbcType=VARCHAR},
		</if>
		<!-- 邀请码 -->
		<if test="shareCode != null" >
		  shareCode = #{shareCode,jdbcType=VARCHAR},
		</if>
		<!-- 登录日志ID -->
		<if test="logId != null" >
		  logId = #{logId,jdbcType=BIGINT},
		</if>
		<!-- 锁定时长 -->
		<if test="duration != null" >
		  duration = #{duration,jdbcType=VARCHAR},
		</if>
		<!-- 解锁时间 -->
		<if test="unlockTime != null" >
		  unlockTime = #{unlockTime,jdbcType=DATE},
		</if>
		<!-- 锁定时间 -->
		<if test="lockTime != null" >
		  lockTime = #{lockTime,jdbcType=DATE},
		</if>
		<!-- 密码错误次数 -->
		<if test="ecount != null" >
		  ecount = #{ecount,jdbcType=INTEGER},
		</if>
		<!-- 是否锁定 -->
		<if test="locked != null" >
		  locked = #{locked,jdbcType=INTEGER},
		</if>
		<!-- 会员ID -->
		<if test="memberId != null" >
		  memberId = #{memberId,jdbcType=BIGINT},
		</if>
		<!-- 可用标识 -->
		<if test="isenabled != null" >
		  isenabled = #{isenabled,jdbcType=TINYINT},
		</if>
		<!-- 修改日期 -->
		<if test="modifytime != null" >
		  modifytime = #{modifytime,jdbcType=TIMESTAMP},
		</if>
		<!-- 修改人 -->
		<if test="modifier != null" >
		  modifier = #{modifier,jdbcType=BIGINT},
		</if>
		<!-- 备注 -->
		<if test="remark != null" >
		  remark = #{remark,jdbcType=VARCHAR},
		</if>

			    <!--
			      <if test="name != null" >
			        name = #{name,jdbcType=VARCHAR},
			      </if>
			       <if test="age != null" >
			        age = #{age,jdbcType=INTEGER},
			      </if>
			       <if test="phone != null" >
			        phone = #{phone,jdbcType=VARCHAR},
			      </if>
			      -->
		    </set>
		    where id = #{item.id,jdbcType=INTEGER}
     </foreach>  
  </update>  
  
  <delete id="delete" parameterType="java.lang.Long" >
    delete from GL_MemberDetail
    where id = #{id,jdbcType=INTEGER}
  </delete>
  
  <!-- 根据指定的参数，删除实体 -->
  <delete id="deleteByPars" parameterType="map" >
    delete from GL_MemberDetail
     where 1=1 
     
      <if test="id != null" >
        and id = #{id,jdbcType=INTEGER}
      </if>
       
     <if test="name != null" >
        and name like '%' || #{name,jdbcType=VARCHAR} || '%'
      </if>
       <if test="phone != null" >
        and phone = #{name,jdbcType=VARCHAR}
      </if>
  </delete>
  
   <delete id="deleteByIds" >
    delete from GL_MemberDetail
    where id in (${ids})
  </delete>
  
  <!-- 删除所有数据 -->
  <delete id="deleteAll" >
    delete from GL_MemberDetail
  </delete>
  
  <!-- 根据ID禁用或启用数据-->
  <update id="enabled">
    update GL_MemberDetail
    <set>
        isenabled = #{isenabled,jdbcType=INTEGER}
    </set>
    where id=#{id,jdbcType=INTEGER}
  </update>
  
   <!-- 根据ID禁用或启用数据-->
  <update id="enabledByPars" parameterType="map">
    update GL_MemberDetail
    <set>
        isenabled = #{isenabled,jdbcType=INTEGER}
    </set>
     where 1=1 
    
      <if test="id != null" >
        and id = #{id,jdbcType=INTEGER}
      </if>
       
     <if test="name != null" >
         and name like '%' || #{name,jdbcType=VARCHAR} || '%'
      </if>
       <if test="phone != null" >
         and phone = #{name,jdbcType=VARCHAR}
      </if>
     
  </update>
  
   <!-- 根据多个ID禁用或启用数据-->
  <update id="enabledByIds">
    update GL_MemberDetail
    <set>
        isenabled = #{isenabled,jdbcType=INTEGER}
    </set>
    where id in (${ids})
  </update>
  
</mapper>
