<?xml version="1.0" encoding="UTF-8" ?>
<!DOCTYPE mapper PUBLIC "-//mybatis.org//DTD Mapper 3.0//EN" "http://mybatis.org/dtd/mybatis-3-mapper.dtd" >
<mapper namespace="com.cmw.dao.OrderDao">
    <resultMap id="BaseResultMap" type="com.cmw.entity.OrderEntity">
        <id column="id" property="id" jdbcType="BIGINT"/>
        <!-- 付款方式 -->
        <result column="payType" property="payType" jdbcType="INTEGER"/>
        <!-- 审批状态 -->
        <result column="axstatus" property="axstatus" jdbcType="INTEGER"/>
        <!-- 订单支付时间 -->
        <result column="payDate" property="payDate" jdbcType="TIMESTAMP"/>
        <!-- 订单类型 -->
        <result column="otype" property="otype" jdbcType="INTEGER"/>
        <!-- 订单状态 -->
        <result column="xstatus" property="xstatus" jdbcType="INTEGER"/>
        <!-- 实际价格 -->
        <result column="payPrice" property="payPrice" jdbcType="DECIMAL"/>
        <!-- 订单总价 -->
        <result column="totalPrice" property="totalPrice" jdbcType="DECIMAL"/>
        <!-- 业务单ID -->
        <result column="formId" property="formId" jdbcType="BIGINT"/>
        <!-- 业务类型 -->
        <result column="formType" property="formType" jdbcType="INTEGER"/>
        <!-- 订单编号 -->
        <result column="code" property="code" jdbcType="VARCHAR"/>
        <!-- 创建人 -->
        <result column="creator" property="creator" jdbcType="BIGINT"/>
        <!-- 创建时间 -->
        <result column="createTime" property="createTime" jdbcType="TIMESTAMP"/>
        <!-- 创建机构 -->
        <result column="orgid" property="orgid" jdbcType="BIGINT"/>
        <!-- 创建部门 -->
        <result column="deptId" property="deptId" jdbcType="BIGINT"/>
        <!-- 可用标识 -->
        <result column="isenabled" property="isenabled" jdbcType="TINYINT"/>
        <!-- 修改日期 -->
        <result column="modifytime" property="modifytime" jdbcType="TIMESTAMP"/>
        <!-- 修改人 -->
        <result column="modifier" property="modifier" jdbcType="BIGINT"/>
        <!-- 备注 -->
        <result column="remark" property="remark" jdbcType="VARCHAR"/>

    </resultMap>
    <sql id="Base_Column_List">
        id,payType,axstatus,payDate,otype,xstatus,payPrice,totalPrice,formId,formType,code,creator,createTime,orgid,deptId,isenabled,modifytime,modifier,remark
        <!-- id, name, age, phone-->
    </sql>

    <select id="get" resultMap="BaseResultMap" parameterType="java.lang.Long">
        select
        <include refid="Base_Column_List"/>
        from GL_Order
        where id = #{id,jdbcType=INTEGER}
    </select>

    <select id="getByPars" resultMap="BaseResultMap">
        select
        <include refid="Base_Column_List"/>
        from GL_Order where 1=1
        <!--
            <if test="name != null" >
              and name like '%' || #{name,jdbcType=VARCHAR} || '%'
           </if>
            <if test="age != null" >
             and age = #{age}
           </if>
          -->
    </select>

    <select id="getList" resultMap="BaseResultMap">
        select
        <include refid="Base_Column_List"/>
        from GL_Order where 1=1
        <!--
         <if test="name != null" >
             and name like '%' || #{name,jdbcType=VARCHAR} || '%'
          </if>
           <if test="age != null" >
            and age = #{age}
          </if>
         -->
    </select>

    <select id="getListMap" resultType="java.util.HashMap">
        select F.id AS orderId,B.cname AS courseName, A.courseId,
        (case A.otype when 1 then '续签' else '新签' end) as otypeName,
        DATE_FORMAT(A.payDate,'%Y-%m-%d %H:%i') as payDate,A.payPrice,
        A.totalPrice,A.hours,A.ghours,ifnull(C.unsysHours,0) as unsysHours,
        (A.hours+A.ghours) as totalHours,(A.uhours+A.stockUhours) as uhours,(A.hours+A.ghours-A.uhours-A.thours-A.stockUhours) as zhours,
        DATE_FORMAT(A.endDate,'%Y-%m-%d') as endDate,
        CONCAT(DATE_FORMAT(A.startDate,'%Y-%m-%d'), ' 至 ', DATE_FORMAT(A.endDate,'%Y-%m-%d')) as seDate,
        (case F.xstatus when 0 then '待支付'
        when 1 then '支付成功'
        when 2 then '支付失败'
        when 3 then '已退费'
        when 4 then '已超时'
        when 5 then '支付处理中'
        else '作废' end) as xstatusName,F.xstatus,
        A.studentId, D.sname as studentName,D.phone,F.`code` as orderNum,
        (case F.payType when 0 then '线下付'
        when 1 then '微信付款'
        when 2 then '支付宝'
        else '暂未付款' end) as payTypeName,A.creator as trackerMan,A.axstatus
        from gl_order as F INNER JOIN gl_enroll A ON (F.formType=1 and F.formId=A.id)
        inner join gl_course B on A.courseId=B.id
        left join (
        select count(1) as unsysHours,studentId from gl_classgo
        where isenabled=1 and xstatus in (2,3,4) group by studentId
        ) as C on A.studentId=C.studentId
        left join gl_student as D on A.studentId=D.id
        where F.isenabled=1

        <if test="id != null">
            and F.id= #{id}
        </if>

        <if test="studentId != null">
            and A.studentId= #{studentId}

            <!-- 学生端只显示审批通过的订单（支付金额大于0的情况下） -->
            <if test="orderXstatus != null">
                AND IF(A.payPrice = 0, A.axstatus = 1, 1 = 1)
            </if>

            <choose>
                <when test="orderXstatus != 'all'">
                    AND F.xstatus = #{orderXstatus}
                </when>
                <otherwise>
                    AND F.xstatus != -1
                </otherwise>
            </choose>
        </if>
        <if test="userId != null">
            and A.creator = #{userId} AND F.xstatus not in (-1,3)
        </if>

        <!--  学员名称或订单号 -->
        <if test="sname != null">
            and (D.sname like CONCAT('%',#{sname},'%') or A.code like CONCAT('%',#{sname},'%'))
        </if>

        <!--  缴费日期 -->
        <if test="payDate != null">
            and DATE_FORMAT(A.payDate,'%Y-%m-%d') = #{payDate}
        </if>

        order by F.xstatus asc,A.id desc
    </select>

    <!--
        获取订单列表
        @Author 肖家添
        @Date 2019/6/13 17:46
    -->
    <select id="getOrderList" resultType="java.util.Map" parameterType="java.util.Map">
        select gor.id, gor.`code`, gst.sname, gst.phone, date_format(gor.payDate, '%Y-%m-%d %H:%i:%S') as payDate,
        gce.cname, gel.hours, gel.ghours,
        gor.totalPrice, gor.otype, gor.payPrice, gor.xstatus, gor.creator as empName, gor.payType, gst.sex as stuSex, ifnull(gel.explains,gor.remark) as
        orderRemark, ifnull(gel.explains, gst.remark)  as studentRemark
        from gl_order gor
        inner join gl_enroll gel on (gel.id = gor.formId and gel.isenabled = 1)
        left join gl_student gst on gst.id = gel.studentId
        left join gl_studentdetail gsl on gsl.studentId = gst.id
        left join gl_course gce on gce.id = gel.courseId
        where gor.formType = 1
        and gor.isenabled = 1

        <!-- 学生姓名 -->
        <if test="studentName != null and studentName != ''">
            and gst.sname like '%' #{studentName} '%'
        </if>
        <!-- 学生手机 -->
        <if test="studentPhone != null and studentPhone != ''">
            and gst.phone like '%' #{studentPhone} '%'
        </if>
        <!-- 学生备注 -->
        <if test="studentRemark != null and studentRemark != ''">
            and gst.remark like '%' #{studentRemark} '%'
        </if>
        <!-- 跟进人 -->
        <if test="studentTeacher != null and studentTeacher != ''">
            and gtr.id = #{studentTeacher}
        </if>
        <!-- 订单编号 -->
        <if test="orderId != null and orderId != ''">
            and gor.id = #{orderId}
        </if>
        <!-- 订单实际支付金额 -->
        <if test="orderPayPrice != null and orderPayPrice != ''">
            and gor.payPrice = #{orderPayPrice}
        </if>
        <!-- 付款方式 -->
        <if test="orderPayType != null and orderPayType != ''">
            and gor.payType = #{orderPayType, jdbcType=INTEGER}
        </if>
        <!-- 订单状态 -->
        <if test="orderXStatus != null and orderXStatus != ''">
            and gor.xstatus = #{orderXStatus, jdbcType=INTEGER}
        </if>
        <!-- 缴费开始时间 -->
        <if test="payDateBegin != null">
            and gor.payDate &gt;= #{payDateBegin}
        </if>
        <!-- 缴费结束时间 -->
        <if test="payDateEnd != null">
            and gor.payDate &lt;= #{payDateEnd}
        </if>

        order by gor.createTime desc

        <!-- 分页 -->
        <if test="limit != null and pageSize != null">
            limit #{limit} , #{pageSize}
        </if>
    </select>

    <!--
        获取订单列表
        @Author 肖家添
        @Date 2019/9/9 11:23
        count(gel.courseId)
    -->
    <select id="getOrderListGroupByCourseAndStu" resultType="java.util.HashMap" parameterType="java.util.HashMap">
        select (
        select count(1)
        from gl_enroll overGel
        where overGel.isenabled = 1
        and overGel.studentId = gst.id
        and overGel.id != gel.id
        ) as renewalCount, (
        select count(1)
        from gl_classgo overGco
        where overGco.studentId = gel.studentId
        and overGco.courseId = gel.courseId
        and overGco.enrollId=gel.id
        and overGco.isenabled = 1
        and overGco.cupHours != 2
        and overGco.xstatus != 0
        <!-- 上课开始时间 -->
        <if test="goTimeBegin != null">
            and goTime &gt;= #{goTimeBegin}
        </if>
        <!-- 上课结束时间 -->
        <if test="goTimeEnd != null">
            and goTime &lt; #{goTimeEnd}
        </if>
        )+gel.stockUhours as useClassHour,
        gor.id, gor.`code`, gst.sname, gst.phone, date_format(gor.payDate, '%Y-%m-%d %H:%i:%S') as payDate,
        gce.cname, gel.hours, gel.ghours, gor.payPrice, gst.remark as studentRemark
        from gl_order gor
        inner join gl_enroll gel on (gel.id = gor.formId and gel.isenabled = 1)
        left join gl_student gst on gst.id = gel.studentId
        left join gl_studentdetail gsl on gsl.studentId = gst.id
        left join gl_class gcs on (gcs.id = gsl.classId and gcs.isenabled = 1)
        left join gl_followup gfp on (gfp.id = gsl.fuppId and gfp.isenabled = 1)
        left join gl_course gce on gce.id = gel.courseId
        <!-- 报名订单 -->
        where gor.formType = 1
        <!-- 支付成功 -->
        and gor.xstatus = 1
        and gor.isenabled = 1
        and gel.isenabled = 1
        and gce.isenabled = 1

        <!-- 订单Id -->
        <if test="id != null">
            and gor.id = #{id}
        </if>
        <!-- 订单编号 -->
        <if test="code != null">
            and gor.code like '%' #{code} '%'
        </if>
        <!-- 学生姓名 -->
        <if test="studentName != null">
            and gst.sname like '%' #{studentName} '%'
        </if>
        <!-- 学生手机 -->
        <if test="studentPhone != null">
            and gst.phone like '%' #{studentPhone} '%'
        </if>
        <!-- 学生备注 -->
        <if test="studentRemark != null and studentRemark != ''">
            and gst.remark like '%' #{studentRemark} '%'
        </if>
        <!-- 所在校区 -->
        <if test="inSchool != null">
            and gcs.sid = #{inSchool}
        </if>
        <!-- 缴费开始时间 -->
        <if test="payDateBegin != null">
            and gor.payDate &gt;= #{payDateBegin}
        </if>
        <!-- 缴费结束时间 -->
        <if test="payDateEnd != null">
            and gor.payDate &lt;= #{payDateEnd}
        </if>
        <!-- 所在课程 -->
        <if test="courseId != null">
            and gce.id = #{courseId}
        </if>
        <!-- 最低支付金额 -->
        <if test="minPayMoney != null">
            and gor.payPrice &gt;= #{minPayMoney}
        </if>
        <!-- 最高支付金额 -->
        <if test="maxPayMoney != null">
            and gor.payPrice &lt;= #{maxPayMoney}
        </if>
        <!-- 分页 -->
        <if test="limit != null and pageSize != null">
            limit #{limit} , #{pageSize}
        </if>
    </select>

    <!--
        获取订单课程
        @Author 肖家添
        @Date 2019/6/14 15:45
    -->
    <select id="getOrderCourse" resultType="java.util.Map">
        select gor.id, gce.cname as courseName, gel.hours, gel.ghours, gor.payPrice
        from gl_order gor
        inner join gl_enroll gel on (gel.id = gor.formId and gel.isenabled = 1)
        left join gl_course gce on (gce.id = gel.courseId and gce.isenabled = 1)
        where gor.isenabled = 1
        and gor.id = #{orderId}
    </select>

    <select id="getListAll" resultMap="BaseResultMap">
        select
        <include refid="Base_Column_List"/>
        from GL_Order where 1=1
    </select>


    <select id="getPageByPars" resultType="java.util.Map">
        select
        <include refid="Base_Column_List"/>
        from GL_Order where 1=1
        <!--
           <if test="name != null" >
           and name like '%' || #{name,jdbcType=VARCHAR} || '%'
        </if>
         <if test="age != null" >
          and age = #{age}
        </if>
       -->

        <if test="rightCondition != null">
            ${rightCondition}
        </if>

        order by id desc
        <if test="offset!=null and pageSize!=null">
            limit #{offset},#{pageSize}
        </if>
    </select>

    <!-- 获取总记录数 -->
    <select id="getTotals" resultType="java.lang.Long">
   	select count(1) as totalCount from GL_Order where 1=1 
  </select>

    <!-- 根据参数获取总记录数 -->
    <select id="getTotalsByPars" resultType="java.lang.Long" parameterType="java.util.Map">
        select count(1) as totalCount from GL_Order where 1=1
        <!--
     <if test="name != null" >
         and name like '%' || #{name,jdbcType=VARCHAR} || '%'
      </if>
       <if test="age != null" >
        and age = #{age}
      </if>
     -->
    </select>


    <!-- 获取最大ID -->
    <select id="getMaxID" resultType="java.lang.Long">
   	select max(id) as maxId from GL_Order where 1=1 
  </select>

    <insert id="insert" useGeneratedKeys="true" keyProperty="id" parameterType="com.cmw.entity.OrderEntity">
      insert into GL_Order (payType,axstatus,payDate,otype,xstatus,payPrice,totalPrice,formId,formType,code,creator,createTime,orgid,deptId,isenabled,remark)
    values (#{payType,jdbcType=INTEGER},#{axstatus,jdbcType=INTEGER},#{payDate,jdbcType=TIMESTAMP},#{otype,jdbcType=INTEGER},#{xstatus,jdbcType=INTEGER},#{payPrice,jdbcType=DECIMAL},#{totalPrice,jdbcType=DECIMAL},#{formId,jdbcType=BIGINT},#{formType,jdbcType=INTEGER},#{code,jdbcType=VARCHAR},#{creator,jdbcType=BIGINT},
    #{createTime,jdbcType=TIMESTAMP},#{orgid,jdbcType=BIGINT},#{deptId,jdbcType=BIGINT},
    #{isenabled,jdbcType=TINYINT},#{remark,jdbcType=VARCHAR})
  </insert>

    <insert id="batchInsert" parameterType="List" useGeneratedKeys="true" keyProperty="id">
        insert into GL_Order
        (payType,axstatus,payDate,otype,xstatus,payPrice,totalPrice,formId,formType,code,creator,createTime,orgid,deptId,isenabled,remark)
        values
        <foreach item="item" collection="list" separator=",">
            (#{payType,jdbcType=INTEGER},#{axstatus,jdbcType=INTEGER},#{payDate,jdbcType=TIMESTAMP},#{otype,jdbcType=INTEGER},#{xstatus,jdbcType=INTEGER},#{payPrice,jdbcType=DECIMAL},#{totalPrice,jdbcType=DECIMAL},#{formId,jdbcType=BIGINT},#{formType,jdbcType=INTEGER},#{code,jdbcType=VARCHAR},#{creator,jdbcType=BIGINT},#{createTime,jdbcType=TIMESTAMP},#{orgid,jdbcType=BIGINT},#{deptId,jdbcType=BIGINT},#{isenabled,jdbcType=TINYINT},#{remark,jdbcType=VARCHAR})
        </foreach>
    </insert>

    <!-- 更新编号 -->
    <update id="updateCode">
        update GL_Order
        <set>
            <!-- 编号 -->
            code = #{code,jdbcType=VARCHAR}
        </set>
        where id = #{id,jdbcType=INTEGER}
    </update>


    <update id="update" parameterType="com.cmw.entity.OrderEntity">
        update GL_Order
        <set>
            <!-- 付款方式 -->
            <if test="payType != null">
                payType = #{payType,jdbcType=INTEGER},
            </if>
            <!-- 审批状态 -->
            <if test="axstatus != null">
                axstatus = #{axstatus,jdbcType=INTEGER},
            </if>
            <!-- 订单支付时间 -->
            <if test="payDate != null">
                payDate = #{payDate,jdbcType=TIMESTAMP},
            </if>
            <!-- 订单类型 -->
            <if test="otype != null">
                otype = #{otype,jdbcType=INTEGER},
            </if>
            <!-- 订单状态 -->
            <if test="xstatus != null">
                xstatus = #{xstatus,jdbcType=INTEGER},
            </if>
            <!-- 实际价格 -->
            <if test="payPrice != null">
                payPrice = #{payPrice,jdbcType=DECIMAL},
            </if>
            <!-- 订单总价 -->
            <if test="totalPrice != null">
                totalPrice = #{totalPrice,jdbcType=DECIMAL},
            </if>
            <!-- 业务单ID -->
            <if test="formId != null">
                formId = #{formId,jdbcType=BIGINT},
            </if>
            <!-- 业务类型 -->
            <if test="formType != null">
                formType = #{formType,jdbcType=INTEGER},
            </if>
            <!-- 订单编号 -->
            <if test="code != null">
                code = #{code,jdbcType=VARCHAR},
            </if>
            <!-- 可用标识 -->
            <if test="isenabled != null">
                isenabled = #{isenabled,jdbcType=TINYINT},
            </if>
            <!-- 修改日期 -->
            <if test="modifytime != null">
                modifytime = #{modifytime,jdbcType=TIMESTAMP},
            </if>
            <!-- 修改人 -->
            <if test="modifier != null">
                modifier = #{modifier,jdbcType=BIGINT},
            </if>
            <!-- 备注 -->
            <if test="remark != null">
                remark = #{remark,jdbcType=VARCHAR},
            </if>

        </set>
        where id = #{id,jdbcType=INTEGER}
    </update>

    <update id="updateByPars" parameterType="map">
        update GL_Order
        <set>
            <!-- 付款方式 -->
            <if test="payType != null">
                payType = #{payType,jdbcType=INTEGER},
            </if>
            <!-- 审批状态 -->
            <if test="axstatus != null">
                axstatus = #{axstatus,jdbcType=INTEGER},
            </if>
            <!-- 订单支付时间 -->
            <if test="payDate != null">
                payDate = #{payDate,jdbcType=TIMESTAMP},
            </if>
            <!-- 订单类型 -->
            <if test="otype != null">
                otype = #{otype,jdbcType=INTEGER},
            </if>
            <!-- 订单状态 -->
            <if test="xstatus != null">
                xstatus = #{xstatus,jdbcType=INTEGER},
            </if>
            <!-- 实际价格 -->
            <if test="payPrice != null">
                payPrice = #{payPrice,jdbcType=DECIMAL},
            </if>
            <!-- 订单总价 -->
            <if test="totalPrice != null">
                totalPrice = #{totalPrice,jdbcType=DECIMAL},
            </if>
            <!-- 业务单ID -->
            <if test="formId != null">
                formId = #{formId,jdbcType=BIGINT},
            </if>
            <!-- 业务类型 -->
            <if test="formType != null">
                formType = #{formType,jdbcType=INTEGER},
            </if>
            <!-- 订单编号 -->
            <if test="code != null">
                code = #{code,jdbcType=VARCHAR},
            </if>
            <!-- 可用标识 -->
            <if test="isenabled != null">
                isenabled = #{isenabled,jdbcType=TINYINT},
            </if>
            <!-- 修改日期 -->
            <if test="modifytime != null">
                modifytime = #{modifytime,jdbcType=TIMESTAMP},
            </if>
            <!-- 修改人 -->
            <if test="modifier != null">
                modifier = #{modifier,jdbcType=BIGINT},
            </if>
            <!-- 备注 -->
            <if test="remark != null">
                remark = #{remark,jdbcType=VARCHAR},
            </if>

        </set>
        where 1=1
        <!-- where 条件参数必须加上 par_+wherePars参数key -->
        <!--
         <if test="par_id != null" >
           and id = #{par_id}
         </if>

        <if test="par_name != null" >
            and name like '%' || #{par_name,jdbcType=VARCHAR} || '%'
         </if>
          <if test="par_phone != null" >
           and phone = '${par_phone}'
         </if>
         -->
    </update>


    <update id="batchUpdate" parameterType="java.util.List">
        <foreach collection="list" item="item" index="index" open="" close="" separator=";">
            update GL_Order
            <set>
                <!-- 付款方式 -->
                <if test="payType != null">
                    payType = #{payType,jdbcType=INTEGER},
                </if>
                <!-- 审批状态 -->
                <if test="axstatus != null">
                    axstatus = #{axstatus,jdbcType=INTEGER},
                </if>
                <!-- 订单支付时间 -->
                <if test="payDate != null">
                    payDate = #{payDate,jdbcType=TIMESTAMP},
                </if>
                <!-- 订单类型 -->
                <if test="otype != null">
                    otype = #{otype,jdbcType=INTEGER},
                </if>
                <!-- 订单状态 -->
                <if test="xstatus != null">
                    xstatus = #{xstatus,jdbcType=INTEGER},
                </if>
                <!-- 实际价格 -->
                <if test="payPrice != null">
                    payPrice = #{payPrice,jdbcType=DECIMAL},
                </if>
                <!-- 订单总价 -->
                <if test="totalPrice != null">
                    totalPrice = #{totalPrice,jdbcType=DECIMAL},
                </if>
                <!-- 业务单ID -->
                <if test="formId != null">
                    formId = #{formId,jdbcType=BIGINT},
                </if>
                <!-- 业务类型 -->
                <if test="formType != null">
                    formType = #{formType,jdbcType=INTEGER},
                </if>
                <!-- 订单编号 -->
                <if test="code != null">
                    code = #{code,jdbcType=VARCHAR},
                </if>
                <!-- 可用标识 -->
                <if test="isenabled != null">
                    isenabled = #{isenabled,jdbcType=TINYINT},
                </if>
                <!-- 修改日期 -->
                <if test="modifytime != null">
                    modifytime = #{modifytime,jdbcType=TIMESTAMP},
                </if>
                <!-- 修改人 -->
                <if test="modifier != null">
                    modifier = #{modifier,jdbcType=BIGINT},
                </if>
                <!-- 备注 -->
                <if test="remark != null">
                    remark = #{remark,jdbcType=VARCHAR},
                </if>

            </set>
            where id = #{item.id,jdbcType=INTEGER}
        </foreach>
    </update>

    <delete id="delete" parameterType="java.lang.Long">
    delete from GL_Order
    where id = #{id,jdbcType=INTEGER}
  </delete>

    <!-- 根据指定的参数，删除实体 -->
    <delete id="deleteByPars" parameterType="map">
        delete from GL_Order
        where 1=1

        <if test="id != null">
            and id = #{id,jdbcType=INTEGER}
        </if>

        <if test="name != null">
            and name like '%' || #{name,jdbcType=VARCHAR} || '%'
        </if>
        <if test="phone != null">
            and phone = #{name,jdbcType=VARCHAR}
        </if>
    </delete>

    <delete id="deleteByIds">
    delete from GL_Order
    where id in (${ids})
  </delete>

    <!-- 删除所有数据 -->
    <delete id="deleteAll">
    delete from GL_Order
  </delete>

    <!-- 根据ID禁用或启用数据-->
    <update id="enabled">
        update GL_Order
        <set>
            isenabled = #{isenabled,jdbcType=INTEGER}
        </set>
        where id=#{id,jdbcType=INTEGER}
    </update>

    <!-- 根据ID禁用或启用数据-->
    <update id="enabledByPars" parameterType="map">
        update GL_Order
        <set>
            isenabled = #{isenabled,jdbcType=INTEGER}
        </set>
        where 1=1

        <if test="id != null">
            and id = #{id,jdbcType=INTEGER}
        </if>

        <if test="name != null">
            and name like '%' || #{name,jdbcType=VARCHAR} || '%'
        </if>
        <if test="phone != null">
            and phone = #{name,jdbcType=VARCHAR}
        </if>

    </update>

    <!-- 根据多个ID禁用或启用数据-->
    <update id="enabledByIds">
        update GL_Order
        <set>
            isenabled = #{isenabled,jdbcType=INTEGER}
        </set>
        where id in (${ids})
    </update>

</mapper>
