<?xml version="1.0" encoding="UTF-8" ?>
<!DOCTYPE mapper PUBLIC "-//mybatis.org//DTD Mapper 3.0//EN" "http://mybatis.org/dtd/mybatis-3-mapper.dtd" >
<mapper namespace="com.cmw.dao.PosterDao" >
  <resultMap id="BaseResultMap" type="com.cmw.entity.PosterEntity" >
  	<id column="id" property="id" jdbcType="BIGINT" />
	<!-- 创建日期 -->
	<result column="createTime" property="createTime" jdbcType="TIMESTAMP"/>
	<!-- 可用标志 -->
	<result column="isenabled" property="isenabled" jdbcType="TINYINT"/>
	<!-- 访问量 -->
	<result column="acount" property="acount" jdbcType="INTEGER"/>
	<!-- 老师评价2 -->
	<result column="comment2" property="comment2" jdbcType="VARCHAR"/>
	<!-- 老师评价1 -->
	<result column="comment1" property="comment1" jdbcType="VARCHAR"/>
	<!-- 海报分享图片 -->
	<result column="posterImg" property="posterImg" jdbcType="VARCHAR"/>
	<!-- 成长档案ID -->
	<result column="groId" property="groId" jdbcType="BIGINT"/>
	<!-- 海报类型 -->
	<result column="ptype" property="ptype" jdbcType="INTEGER"/>
	<!-- 学生ID -->
	<result column="studentId" property="studentId" jdbcType="BIGINT"/>

  </resultMap>
  <sql id="Base_Column_List" >
 	id,createTime,isenabled,acount,comment2,comment1,posterImg,groId,ptype,studentId
   <!-- id, name, age, phone-->
  </sql>
  
  <select id="get" resultMap="BaseResultMap" parameterType="java.lang.Long">
   	select 
   	 <include refid="Base_Column_List" />
    from GL_Poster
    where id = #{id,jdbcType=INTEGER}
  </select>

  <select id="getByPars" resultMap="BaseResultMap">
   	select 
   	 <include refid="Base_Column_List" />
    from GL_Poster where isenabled=1
	  <if test="studentId != null" >
		  and studentId = #{studentId}
	  </if>
	  <if test="groId != null" >
		  and groId = #{groId}
	  </if>
	  <if test="ptype != null" >
		  and ptype = #{ptype}
	  </if>
  </select>
  
   <select id="getList" resultMap="BaseResultMap">
   	select 
   	 <include refid="Base_Column_List" />
    from GL_Poster where 1=1 
    <!-- 
     <if test="name != null" >
         and name like '%' || #{name,jdbcType=VARCHAR} || '%'
      </if>
       <if test="age != null" >
        and age = #{age}
      </if>
     -->
  </select>
  
  <select id="getListMap" resultType="java.util.HashMap">
   	 select 
   	 <include refid="Base_Column_List" />
     from GL_Poster where 1=1 
     <!-- 
   	 <if test="name != null" >
         and name like '%' || #{name,jdbcType=VARCHAR} || '%'
      </if>
       <if test="age != null" >
        and age = #{age}
      </if>
     -->
  </select>
  
  
  <select id="getListAll" resultMap="BaseResultMap">
   	select 
   	 <include refid="Base_Column_List" />
    from GL_Poster where 1=1 
  </select>
  
  
  <select id="getPageByPars" resultType="java.util.Map">
   	select 
   	 <include refid="Base_Column_List" />
    from GL_Poster where 1=1 
      <!-- 
   	  <if test="name != null" >
         and name like '%' || #{name,jdbcType=VARCHAR} || '%'
      </if>
       <if test="age != null" >
        and age = #{age}
      </if>
     -->
      
      <if test="rightCondition != null" >
		  ${rightCondition}
	  </if>
	  
       order by id desc 
        <if test="offset!=null and pageSize!=null">  
	        limit #{offset},#{pageSize}
	    </if>
  </select>
  
  <!-- 获取总记录数 -->
  <select id="getTotals" resultType="java.lang.Long">
   	select count(1) as totalCount from GL_Poster where 1=1 
  </select>
  
   <!-- 根据参数获取总记录数 -->
  <select id="getTotalsByPars" resultType="java.lang.Long" parameterType="java.util.Map">
   	select count(1) as totalCount from GL_Poster where 1=1 
   	 <!-- 
     <if test="name != null" >
         and name like '%' || #{name,jdbcType=VARCHAR} || '%'
      </if>
       <if test="age != null" >
        and age = #{age}
      </if>
     -->
  </select>

	<!-- 根据学生ID获取其最新海报ID -->
	<select id="getMaxIdByStudentId"  resultType="java.lang.Long">
   	select max(id) as newId from gl_poster
   	 where isenabled=1 and studentId=#{studentId} order by id desc
  </select>

  
  <!-- 获取最大ID -->
  <select id="getMaxID"  resultType="java.lang.Long">
   	select max(id) as maxId from GL_Poster where 1=1 
  </select>
  
  <insert id="insert" useGeneratedKeys="true" keyProperty="id" parameterType="com.cmw.entity.PosterEntity" >
      insert into GL_Poster (createTime,isenabled,acount,comment2,comment1,posterImg,groId,ptype,studentId)
    values (#{createTime,jdbcType=TIMESTAMP},#{isenabled,jdbcType=TINYINT},#{acount,jdbcType=INTEGER},#{comment2,jdbcType=VARCHAR},#{comment1,jdbcType=VARCHAR},#{posterImg,jdbcType=VARCHAR},#{groId,jdbcType=BIGINT},#{ptype,jdbcType=INTEGER},#{studentId,jdbcType=BIGINT})
  </insert>
  
  <insert id="batchInsert" parameterType="List" useGeneratedKeys="true" keyProperty="id">
	 insert into GL_Poster (createTime,isenabled,acount,comment2,comment1,posterImg,groId,ptype,studentId) values
	  <foreach item="item" collection="list" separator=",">
	    (#{createTime,jdbcType=TIMESTAMP},#{isenabled,jdbcType=TINYINT},#{acount,jdbcType=INTEGER},#{comment2,jdbcType=VARCHAR},#{comment1,jdbcType=VARCHAR},#{posterImg,jdbcType=VARCHAR},#{groId,jdbcType=BIGINT},#{ptype,jdbcType=INTEGER},#{studentId,jdbcType=BIGINT})
	  </foreach>
  </insert>
  
   <update id="update" parameterType="com.cmw.entity.PosterEntity" >
    update GL_Poster
    <set>
    			<!-- 创建日期 -->
		<if test="createTime != null" >
		  createTime = #{createTime,jdbcType=TIMESTAMP},
		</if>
		<!-- 可用标志 -->
		<if test="isenabled != null" >
		  isenabled = #{isenabled,jdbcType=TINYINT},
		</if>
		<!-- 访问量 -->
		<if test="acount != null" >
		  acount = #{acount,jdbcType=INTEGER},
		</if>
		<!-- 老师评价2 -->
		<if test="comment2 != null" >
		  comment2 = #{comment2,jdbcType=VARCHAR},
		</if>
		<!-- 老师评价1 -->
		<if test="comment1 != null" >
		  comment1 = #{comment1,jdbcType=VARCHAR},
		</if>
		<!-- 海报分享图片 -->
		<if test="posterImg != null" >
		  posterImg = #{posterImg,jdbcType=VARCHAR},
		</if>
		<!-- 成长档案ID -->
		<if test="groId != null" >
		  groId = #{groId,jdbcType=BIGINT},
		</if>
		<!-- 海报类型 -->
		<if test="ptype != null" >
		  ptype = #{ptype,jdbcType=INTEGER},
		</if>
		<!-- 学生ID -->
		<if test="studentId != null" >
		  studentId = #{studentId,jdbcType=BIGINT},
		</if>

    </set>
    where id = #{id,jdbcType=INTEGER}
  </update>
  
   <update id="updateByPars" parameterType="map">
    update GL_Poster
    <set>
     			<!-- 创建日期 -->
		<if test="createTime != null" >
		  createTime = #{createTime,jdbcType=TIMESTAMP},
		</if>
		<!-- 可用标志 -->
		<if test="isenabled != null" >
		  isenabled = #{isenabled,jdbcType=TINYINT},
		</if>
		<!-- 访问量 -->
		<if test="acount != null" >
		  acount = #{acount,jdbcType=INTEGER},
		</if>
		<!-- 老师评价2 -->
		<if test="comment2 != null" >
		  comment2 = #{comment2,jdbcType=VARCHAR},
		</if>
		<!-- 老师评价1 -->
		<if test="comment1 != null" >
		  comment1 = #{comment1,jdbcType=VARCHAR},
		</if>
		<!-- 海报分享图片 -->
		<if test="posterImg != null" >
		  posterImg = #{posterImg,jdbcType=VARCHAR},
		</if>
		<!-- 成长档案ID -->
		<if test="groId != null" >
		  groId = #{groId,jdbcType=BIGINT},
		</if>
		<!-- 海报类型 -->
		<if test="ptype != null" >
		  ptype = #{ptype,jdbcType=INTEGER},
		</if>
		<!-- 学生ID -->
		<if test="studentId != null" >
		  studentId = #{studentId,jdbcType=BIGINT},
		</if>

    </set>
    where 1=1 
     <!-- where 条件参数必须加上 par_+wherePars参数key -->
     <!-- 
      <if test="par_id != null" >
        and id = #{par_id}
      </if>
       
     <if test="par_name != null" >
         and name like '%' || #{par_name,jdbcType=VARCHAR} || '%'
      </if>
       <if test="par_phone != null" >
        and phone = '${par_phone}'
      </if>
      -->
  </update>
  
  
  <update id="batchUpdate"  parameterType="java.util.List">  
      <foreach collection="list" item="item" index="index" open="" close="" separator=";">  
		update GL_Poster
		<set>
		<!-- 创建日期 -->
		<if test="createTime != null" >
		  createTime = #{createTime,jdbcType=TIMESTAMP},
		</if>
		<!-- 可用标志 -->
		<if test="isenabled != null" >
		  isenabled = #{isenabled,jdbcType=TINYINT},
		</if>
		<!-- 访问量 -->
		<if test="acount != null" >
		  acount = #{acount,jdbcType=INTEGER},
		</if>
		<!-- 老师评价2 -->
		<if test="comment2 != null" >
		  comment2 = #{comment2,jdbcType=VARCHAR},
		</if>
		<!-- 老师评价1 -->
		<if test="comment1 != null" >
		  comment1 = #{comment1,jdbcType=VARCHAR},
		</if>
		<!-- 海报分享图片 -->
		<if test="posterImg != null" >
		  posterImg = #{posterImg,jdbcType=VARCHAR},
		</if>
		<!-- 成长档案ID -->
		<if test="groId != null" >
		  groId = #{groId,jdbcType=BIGINT},
		</if>
		<!-- 海报类型 -->
		<if test="ptype != null" >
		  ptype = #{ptype,jdbcType=INTEGER},
		</if>
		<!-- 学生ID -->
		<if test="studentId != null" >
		  studentId = #{studentId,jdbcType=BIGINT},
		</if>

		    </set>
		    where id = #{item.id,jdbcType=INTEGER}
     </foreach>  
  </update>  
  
  <delete id="delete" parameterType="java.lang.Long" >
    delete from GL_Poster
    where id = #{id,jdbcType=INTEGER}
  </delete>
  
  <!-- 根据指定的参数，删除实体 -->
  <delete id="deleteByPars" parameterType="map" >
    delete from GL_Poster
     where 1=1 
     
      <if test="id != null" >
        and id = #{id,jdbcType=INTEGER}
      </if>
       
     <if test="name != null" >
        and name like '%' || #{name,jdbcType=VARCHAR} || '%'
      </if>
       <if test="phone != null" >
        and phone = #{name,jdbcType=VARCHAR}
      </if>
  </delete>
  
   <delete id="deleteByIds" >
    delete from GL_Poster
    where id in (${ids})
  </delete>
  
  <!-- 删除所有数据 -->
  <delete id="deleteAll" >
    delete from GL_Poster
  </delete>
  
  <!-- 根据ID禁用或启用数据-->
  <update id="enabled">
    update GL_Poster
    <set>
        isenabled = #{isenabled,jdbcType=INTEGER}
    </set>
    where id=#{id,jdbcType=INTEGER}
  </update>
  
   <!-- 根据ID禁用或启用数据-->
  <update id="enabledByPars" parameterType="map">
    update GL_Poster
    <set>
        isenabled = #{isenabled,jdbcType=INTEGER}
    </set>
     where 1=1 
    
      <if test="id != null" >
        and id = #{id,jdbcType=INTEGER}
      </if>
       
     <if test="name != null" >
         and name like '%' || #{name,jdbcType=VARCHAR} || '%'
      </if>
       <if test="phone != null" >
         and phone = #{name,jdbcType=VARCHAR}
      </if>
     
  </update>
  
   <!-- 根据多个ID禁用或启用数据-->
  <update id="enabledByIds">
    update GL_Poster
    <set>
        isenabled = #{isenabled,jdbcType=INTEGER}
    </set>
    where id in (${ids})
  </update>
  
</mapper>
