<?xml version="1.0" encoding="UTF-8" ?>
<!DOCTYPE mapper PUBLIC "-//mybatis.org//DTD Mapper 3.0//EN" "http://mybatis.org/dtd/mybatis-3-mapper.dtd" >
<mapper namespace="com.cmw.dao.PosterImgDao" >
  <resultMap id="BaseResultMap" type="com.cmw.entity.PosterImgEntity" >
  	<id column="id" property="id" jdbcType="BIGINT" />
	<!-- 创建日期 -->
	<result column="createTime" property="createTime" jdbcType="TIMESTAMP"/>
	<!-- 可用标志 -->
	<result column="isenabled" property="isenabled" jdbcType="TINYINT"/>
	<!-- 图片上传日期 -->
	<result column="upldate" property="upldate" jdbcType="VARCHAR"/>
	<!-- 图片地址 -->
	<result column="imgPath" property="imgPath" jdbcType="VARCHAR"/>
	<!-- 是否封面图片 -->
	<result column="pflag" property="pflag" jdbcType="TINYINT"/>
	<!-- 海报ID -->
	<result column="posterId" property="posterId" jdbcType="BIGINT"/>

  </resultMap>
  <sql id="Base_Column_List" >
 	id,createTime,isenabled,upldate,imgPath,pflag,posterId
   <!-- id, name, age, phone-->
  </sql>
  
  <select id="get" resultMap="BaseResultMap" parameterType="java.lang.Long">
   	select 
   	 <include refid="Base_Column_List" />
    from GL_PosterImg
    where id = #{id,jdbcType=INTEGER}
  </select>

  <select id="getByPars" resultMap="BaseResultMap">
   	select 
   	 <include refid="Base_Column_List" />
    from GL_PosterImg where isenabled=1
      <if test="posterId != null" >
          and posterId = #{posterId}
      </if>
      <if test="pflag != null" >
          and pflag = #{pflag}
      </if>
  </select>
  
   <select id="getList" resultMap="BaseResultMap">
   	select 
   	 <include refid="Base_Column_List" />
    from GL_PosterImg where isenabled=1
       <if test="posterId != null" >
        and posterId = #{posterId}
      </if>
       order by pflag desc, id asc
  </select>
  
  <select id="getListMap" resultType="java.util.HashMap">
   	 select 
   	 <include refid="Base_Column_List" />
     from GL_PosterImg where 1=1 
     <!-- 
   	 <if test="name != null" >
         and name like '%' || #{name,jdbcType=VARCHAR} || '%'
      </if>
       <if test="age != null" >
        and age = #{age}
      </if>
     -->
  </select>
  
  
  <select id="getListAll" resultMap="BaseResultMap">
   	select 
   	 <include refid="Base_Column_List" />
    from GL_PosterImg where 1=1 
  </select>
  
  
  <select id="getPageByPars" resultType="java.util.Map">
   	select 
   	 <include refid="Base_Column_List" />
    from GL_PosterImg where 1=1 
      <!-- 
   	  <if test="name != null" >
         and name like '%' || #{name,jdbcType=VARCHAR} || '%'
      </if>
       <if test="age != null" >
        and age = #{age}
      </if>
     -->
      
      <if test="rightCondition != null" >
		  ${rightCondition}
	  </if>
	  
       order by id desc 
        <if test="offset!=null and pageSize!=null">  
	        limit #{offset},#{pageSize}
	    </if>
  </select>
  
  <!-- 获取总记录数 -->
  <select id="getTotals" resultType="java.lang.Long">
   	select count(1) as totalCount from GL_PosterImg where 1=1 
  </select>
  
   <!-- 根据参数获取总记录数 -->
  <select id="getTotalsByPars" resultType="java.lang.Long" parameterType="java.util.Map">
   	select count(1) as totalCount from GL_PosterImg where 1=1 
   	 <!-- 
     <if test="name != null" >
         and name like '%' || #{name,jdbcType=VARCHAR} || '%'
      </if>
       <if test="age != null" >
        and age = #{age}
      </if>
     -->
  </select>
  
  
  <!-- 获取最大ID -->
  <select id="getMaxID"  resultType="java.lang.Long">
   	select max(id) as maxId from GL_PosterImg where 1=1 
  </select>
  
  <insert id="insert" useGeneratedKeys="true" keyProperty="id" parameterType="com.cmw.entity.PosterImgEntity" >
      insert into GL_PosterImg (createTime,isenabled,upldate,imgPath,pflag,posterId)
    values (#{createTime,jdbcType=TIMESTAMP},#{isenabled,jdbcType=TINYINT},#{upldate,jdbcType=VARCHAR},#{imgPath,jdbcType=VARCHAR},#{pflag,jdbcType=TINYINT},#{posterId,jdbcType=BIGINT})
  </insert>
  
  <insert id="batchInsert" parameterType="List" useGeneratedKeys="true" keyProperty="id">
	 insert into GL_PosterImg (createTime,isenabled,update,imgPath,pflag,posterId) values
	  <foreach item="item" collection="list" separator=",">
	    (#{createTime,jdbcType=TIMESTAMP},#{isenabled,jdbcType=TINYINT},#{upldate,jdbcType=VARCHAR},#{imgPath,jdbcType=VARCHAR},#{pflag,jdbcType=TINYINT},#{posterId,jdbcType=BIGINT})
	  </foreach>
  </insert>
  
   <update id="update" parameterType="com.cmw.entity.PosterImgEntity" >
    update GL_PosterImg
    <set>
        <!-- 创建日期 -->
		<if test="createTime != null" >
		  createTime = #{createTime,jdbcType=TIMESTAMP},
		</if>
		<!-- 可用标志 -->
		<if test="isenabled != null" >
		  isenabled = #{isenabled,jdbcType=TINYINT},
		</if>
		<!-- 图片上传日期 -->
		<if test="upldate != null" >
            upldate = #{upldate,jdbcType=VARCHAR},
		</if>
		<!-- 图片地址 -->
		<if test="imgPath != null" >
		  imgPath = #{imgPath,jdbcType=VARCHAR},
		</if>
		<!-- 是否封面图片 -->
		<if test="pflag != null" >
		  pflag = #{pflag,jdbcType=TINYINT},
		</if>
		<!-- 海报ID -->
		<if test="posterId != null" >
		  posterId = #{posterId,jdbcType=BIGINT},
		</if>

    </set>
    where id = #{id,jdbcType=INTEGER}
  </update>
  
   <update id="updateByPars" parameterType="map">
    update GL_PosterImg
    <set>
        <!-- 创建日期 -->
		<if test="createTime != null" >
		  createTime = #{createTime,jdbcType=TIMESTAMP},
		</if>
		<!-- 可用标志 -->
		<if test="isenabled != null" >
		  isenabled = #{isenabled,jdbcType=TINYINT},
		</if>
		<!-- 图片上传日期 -->
		<if test="upldate != null" >
		  upldate = #{upldate,jdbcType=VARCHAR},
		</if>
		<!-- 图片地址 -->
		<if test="imgPath != null" >
		  imgPath = #{imgPath,jdbcType=VARCHAR},
		</if>
		<!-- 是否封面图片 -->
		<if test="pflag != null" >
		  pflag = #{pflag,jdbcType=TINYINT},
		</if>
		<!-- 海报ID -->
		<if test="posterId != null" >
		  posterId = #{posterId,jdbcType=BIGINT},
		</if>

    </set>
    where 1=1 
     <!-- where 条件参数必须加上 par_+wherePars参数key -->
     <!-- 
      <if test="par_id != null" >
        and id = #{par_id}
      </if>
       
     <if test="par_name != null" >
         and name like '%' || #{par_name,jdbcType=VARCHAR} || '%'
      </if>
       <if test="par_phone != null" >
        and phone = '${par_phone}'
      </if>
      -->
  </update>
  
  
  <update id="batchUpdate"  parameterType="java.util.List">  
      <foreach collection="list" item="item" index="index" open="" close="" separator=";">  
            update GL_PosterImg   
            <set>  
            			<!-- 创建日期 -->
		<if test="createTime != null" >
		  createTime = #{createTime,jdbcType=DATE},
		</if>
		<!-- 可用标志 -->
		<if test="isenabled != null" >
		  isenabled = #{isenabled,jdbcType=TINYINT},
		</if>
		<!-- 图片上传日期 -->
		<if test="update != null" >
		  update = #{update,jdbcType=DATE},
		</if>
		<!-- 图片地址 -->
		<if test="imgPath != null" >
		  imgPath = #{imgPath,jdbcType=VARCHAR},
		</if>
		<!-- 是否封面图片 -->
		<if test="pflag != null" >
		  pflag = #{pflag,jdbcType=TINYINT},
		</if>
		<!-- 海报ID -->
		<if test="posterId != null" >
		  posterId = #{posterId,jdbcType=BIGINT},
		</if>

		    </set>
		    where id = #{item.id,jdbcType=INTEGER}
     </foreach>  
  </update>  
  
  <delete id="delete" parameterType="java.lang.Long" >
    delete from GL_PosterImg
    where id = #{id,jdbcType=INTEGER}
  </delete>
  
  <!-- 根据指定的参数，删除实体 -->
  <delete id="deleteByPars" parameterType="map" >
    delete from GL_PosterImg
     where 1=1 
     
      <if test="id != null" >
        and id = #{id,jdbcType=INTEGER}
      </if>

      <if test="posterId != null" >
        and posterId = #{posterId,jdbcType=VARCHAR}
      </if>
  </delete>
  
   <delete id="deleteByIds" >
    delete from GL_PosterImg
    where id in (${ids})
  </delete>
  
  <!-- 删除所有数据 -->
  <delete id="deleteAll" >
    delete from GL_PosterImg
  </delete>
  
  <!-- 根据ID禁用或启用数据-->
  <update id="enabled">
    update GL_PosterImg
    <set>
        isenabled = #{isenabled,jdbcType=INTEGER}
    </set>
    where id=#{id,jdbcType=INTEGER}
  </update>
  
   <!-- 根据ID禁用或启用数据-->
  <update id="enabledByPars" parameterType="map">
    update GL_PosterImg
    <set>
        isenabled = #{isenabled,jdbcType=INTEGER}
    </set>
     where 1=1 
    
      <if test="id != null" >
        and id = #{id,jdbcType=INTEGER}
      </if>
       
     <if test="name != null" >
         and name like '%' || #{name,jdbcType=VARCHAR} || '%'
      </if>
       <if test="phone != null" >
         and phone = #{name,jdbcType=VARCHAR}
      </if>
     
  </update>
  
   <!-- 根据多个ID禁用或启用数据-->
  <update id="enabledByIds">
    update GL_PosterImg
    <set>
        isenabled = #{isenabled,jdbcType=INTEGER}
    </set>
    where id in (${ids})
  </update>
  
</mapper>
