<?xml version="1.0" encoding="UTF-8" ?>
<!DOCTYPE mapper PUBLIC "-//mybatis.org//DTD Mapper 3.0//EN" "http://mybatis.org/dtd/mybatis-3-mapper.dtd" >
<mapper namespace="com.cmw.dao.SchoolDao">
    <resultMap id="BaseResultMap" type="com.cmw.entity.SchoolEntity">
        <id column="id" property="id" jdbcType="BIGINT"/>
        <!-- 校区图片附件ID -->
        <result column="attachId" property="attachId" jdbcType="BIGINT"/>
        <!-- 学校介绍 -->
        <result column="intro" property="intro" jdbcType="VARCHAR"/>
        <!-- 联系电话 -->
        <result column="tel" property="tel" jdbcType="VARCHAR"/>
        <!-- 联系人 -->
        <result column="contacts" property="contacts" jdbcType="VARCHAR"/>
        <!-- 坐标 -->
        <result column="coordinate" property="coordinate" jdbcType="VARCHAR"/>
        <!-- 校区图片 -->
        <result column="imgPath" property="imgPath" jdbcType="VARCHAR"/>
        <!-- 详细地址 -->
        <result column="address" property="address" jdbcType="VARCHAR"/>
        <!-- 区 -->
        <result column="areaId" property="areaId" jdbcType="BIGINT"/>
        <!-- 市 -->
        <result column="cityId" property="cityId" jdbcType="BIGINT"/>
        <!-- 省 -->
        <result column="provinceId" property="provinceId" jdbcType="BIGINT"/>
        <!-- 名称 -->
        <result column="sname" property="sname" jdbcType="VARCHAR"/>
        <!-- 校区编号 -->
        <result column="code" property="code" jdbcType="VARCHAR"/>
        <!-- 创建人 -->
        <result column="creator" property="creator" jdbcType="BIGINT"/>
        <!-- 创建时间 -->
        <result column="createTime" property="createTime" jdbcType="TIMESTAMP"/>
        <!-- 创建机构 -->
        <result column="orgid" property="orgid" jdbcType="BIGINT"/>
        <!-- 创建部门 -->
        <result column="deptId" property="deptId" jdbcType="BIGINT"/>
        <!-- 可用标识 -->
        <result column="isenabled" property="isenabled" jdbcType="TINYINT"/>
        <!-- 修改日期 -->
        <result column="modifytime" property="modifytime" jdbcType="TIMESTAMP"/>
        <!-- 修改人 -->
        <result column="modifier" property="modifier" jdbcType="BIGINT"/>
        <!-- 备注 -->
        <result column="remark" property="remark" jdbcType="VARCHAR"/>
    </resultMap>
    <sql id="Base_Column_List">
        id,attachId,intro,tel,contacts,coordinate,imgPath,address,areaId,cityId,provinceId,sname,code,creator,createTime,orgid,deptId,isenabled,modifytime,modifier,remark
        <!-- id, name, age, phone-->
    </sql>

    <select id="get" resultMap="BaseResultMap" parameterType="java.lang.Long">
        select
        <include refid="Base_Column_List"/>
        from GL_School
        where id = #{id,jdbcType=INTEGER}
    </select>

    <select id="getByPars" resultMap="BaseResultMap">
        select
        <include refid="Base_Column_List"/>
        from GL_School where 1=1
        <!--
            <if test="name != null" >
              and name like '%' || #{name,jdbcType=VARCHAR} || '%'
           </if>
            <if test="age != null" >
             and age = #{age}
           </if>
          -->
    </select>

    <select id="getList" resultMap="BaseResultMap">
        select
        <include refid="Base_Column_List"/>
        from GL_School where 1=1
        <!--
         <if test="name != null" >
             and name like '%' || #{name,jdbcType=VARCHAR} || '%'
          </if>
           <if test="age != null" >
            and age = #{age}
          </if>
         -->
    </select>

    <select id="getListMap" resultType="java.util.HashMap">
        select id,sname,imgPath,intro from GL_School where isenabled=1
        <if test="sname != null">
            and sname like CONCAT('%',#{sname},'%')
        </if>

    </select>


    <select id="getListAll" resultMap="BaseResultMap">
        select
        <include refid="Base_Column_List"/>
        from GL_School where 1=1
    </select>


    <select id="getPageByPars" resultMap="BaseResultMap">
        select id,sname,imgPath,intro from GL_School as A where isenabled=1
        <if test="sname != null">
            and sname like CONCAT('%',#{sname},'%')
        </if>
        order by id desc
        <if test="offset!=null and pageSize!=null">
            limit #{offset},#{pageSize}
        </if>
    </select>

    <!-- 获取总记录数 -->
    <select id="getTotals" resultType="java.lang.Long">
   	select count(1) as totalCount from GL_School where 1=1 
  </select>

    <!-- 根据参数获取总记录数 -->
    <select id="getTotalsByPars" resultType="java.lang.Long" parameterType="java.util.Map">
        select count(1) as totalCount from GL_School as A where isenabled=1
        <if test="sname != null">
            and sname like CONCAT('%',#{sname},'%')
        </if>
    </select>


    <!-- 获取最大ID -->
    <select id="getMaxID" resultType="java.lang.Long">
   	select max(id) as maxId from GL_School where 1=1 
  </select>

    <insert id="insert" useGeneratedKeys="true" keyProperty="id" parameterType="com.cmw.entity.SchoolEntity">
        insert into GL_School
        (attachId,intro,tel,contacts,coordinate,imgPath,address,areaId,cityId,provinceId,sname,code,creator,createTime,orgid,deptId,isenabled,remark)
        values
        (#{attachId,jdbcType=BIGINT},#{intro,jdbcType=VARCHAR},#{tel,jdbcType=VARCHAR},#{contacts,jdbcType=VARCHAR},#{coordinate,jdbcType=VARCHAR},#{imgPath,jdbcType=VARCHAR},#{address,jdbcType=VARCHAR},#{areaId,jdbcType=BIGINT},#{cityId,jdbcType=BIGINT},#{provinceId,jdbcType=BIGINT},#{sname,jdbcType=VARCHAR},#{code,jdbcType=VARCHAR},#{creator,jdbcType=BIGINT},#{createTime,jdbcType=TIMESTAMP},#{orgid,jdbcType=BIGINT},#{deptId,jdbcType=BIGINT},#{isenabled,jdbcType=TINYINT},#{remark,jdbcType=VARCHAR})
        <!--
        insert into student (name, age, phone)
        values (#{name,jdbcType=VARCHAR}, #{age,jdbcType=INTEGER}, #{phone,jdbcType=VARCHAR})
        -->
    </insert>

    <insert id="batchInsert" parameterType="List" useGeneratedKeys="true" keyProperty="id">
        insert into GL_School
        (attachId,intro,tel,contacts,coordinate,imgPath,address,areaId,cityId,provinceId,sname,code,creator,createTime,orgid,deptId,isenabled,remark)
        values
        <foreach item="item" collection="list" separator=",">
            (#{attachId,jdbcType=BIGINT},#{intro,jdbcType=VARCHAR},#{tel,jdbcType=VARCHAR},#{contacts,jdbcType=VARCHAR},#{coordinate,jdbcType=VARCHAR},#{imgPath,jdbcType=VARCHAR},#{address,jdbcType=VARCHAR},#{areaId,jdbcType=BIGINT},#{cityId,jdbcType=BIGINT},#{provinceId,jdbcType=BIGINT},#{sname,jdbcType=VARCHAR},#{code,jdbcType=VARCHAR},#{creator,jdbcType=BIGINT},#{createTime,jdbcType=TIMESTAMP},#{orgid,jdbcType=BIGINT},#{deptId,jdbcType=BIGINT},#{isenabled,jdbcType=TINYINT},#{remark,jdbcType=VARCHAR})
        </foreach>
        <!--
          insert into GL_School (name, age, phone) values
          <foreach item="item" collection="list" separator=",">
            (#{item.name}, #{item.age}, #{item.phone})
          </foreach>
          -->
    </insert>

    <update id="update" parameterType="com.cmw.entity.SchoolEntity">
        update GL_School
        <set>
            <!-- 校区图片附件ID -->
            <if test="attachId != null">
                attachId = #{attachId,jdbcType=BIGINT},
            </if>
            <!-- 学校介绍 -->
            <if test="intro != null">
                intro = #{intro,jdbcType=VARCHAR},
            </if>
            <!-- 联系电话 -->
            <if test="tel != null">
                tel = #{tel,jdbcType=VARCHAR},
            </if>
            <!-- 联系人 -->
            <if test="contacts != null">
                contacts = #{contacts,jdbcType=VARCHAR},
            </if>
            <!-- 坐标 -->
            <if test="coordinate != null">
                coordinate = #{coordinate,jdbcType=VARCHAR},
            </if>
            <!-- 校区图片 -->
            <if test="imgPath != null">
                imgPath = #{imgPath,jdbcType=VARCHAR},
            </if>
            <!-- 详细地址 -->
            <if test="address != null">
                address = #{address,jdbcType=VARCHAR},
            </if>
            <!-- 区 -->
            <if test="areaId != null">
                areaId = #{areaId,jdbcType=BIGINT},
            </if>
            <!-- 市 -->
            <if test="cityId != null">
                cityId = #{cityId,jdbcType=BIGINT},
            </if>
            <!-- 省 -->
            <if test="provinceId != null">
                provinceId = #{provinceId,jdbcType=BIGINT},
            </if>
            <!-- 名称 -->
            <if test="sname != null">
                sname = #{sname,jdbcType=VARCHAR},
            </if>
            <!-- 校区编号 -->
            <if test="code != null">
                code = #{code,jdbcType=VARCHAR},
            </if>
            <!-- 可用标识 -->
            <if test="isenabled != null">
                isenabled = #{isenabled,jdbcType=TINYINT},
            </if>
            <!-- 修改日期 -->
            <if test="modifytime != null">
                modifytime = #{modifytime,jdbcType=TIMESTAMP},
            </if>
            <!-- 修改人 -->
            <if test="modifier != null">
                modifier = #{modifier,jdbcType=BIGINT},
            </if>
            <!-- 备注 -->
            <if test="remark != null">
                remark = #{remark,jdbcType=VARCHAR},
            </if>

            <!--
              <if test="name != null" >
                name = #{name,jdbcType=VARCHAR},
              </if>
               <if test="age != null" >
                age = #{age,jdbcType=INTEGER},
              </if>
               <if test="phone != null" >
                phone = #{phone,jdbcType=VARCHAR},
              </if>
              -->
        </set>
        where id = #{id,jdbcType=INTEGER}
    </update>

    <update id="updateByPars" parameterType="map">
        update GL_School
        <set>
            <!-- 校区图片附件ID -->
            <if test="attachId != null">
                attachId = #{attachId,jdbcType=BIGINT},
            </if>
            <!-- 学校介绍 -->
            <if test="intro != null">
                intro = #{intro,jdbcType=VARCHAR},
            </if>
            <!-- 联系电话 -->
            <if test="tel != null">
                tel = #{tel,jdbcType=VARCHAR},
            </if>
            <!-- 联系人 -->
            <if test="contacts != null">
                contacts = #{contacts,jdbcType=VARCHAR},
            </if>
            <!-- 坐标 -->
            <if test="coordinate != null">
                coordinate = #{coordinate,jdbcType=VARCHAR},
            </if>
            <!-- 校区图片 -->
            <if test="imgPath != null">
                imgPath = #{imgPath,jdbcType=VARCHAR},
            </if>
            <!-- 详细地址 -->
            <if test="address != null">
                address = #{address,jdbcType=VARCHAR},
            </if>
            <!-- 区 -->
            <if test="areaId != null">
                areaId = #{areaId,jdbcType=BIGINT},
            </if>
            <!-- 市 -->
            <if test="cityId != null">
                cityId = #{cityId,jdbcType=BIGINT},
            </if>
            <!-- 省 -->
            <if test="provinceId != null">
                provinceId = #{provinceId,jdbcType=BIGINT},
            </if>
            <!-- 名称 -->
            <if test="sname != null">
                sname = #{sname,jdbcType=VARCHAR},
            </if>
            <!-- 校区编号 -->
            <if test="code != null">
                code = #{code,jdbcType=VARCHAR},
            </if>
            <!-- 可用标识 -->
            <if test="isenabled != null">
                isenabled = #{isenabled,jdbcType=TINYINT},
            </if>
            <!-- 修改日期 -->
            <if test="modifytime != null">
                modifytime = #{modifytime,jdbcType=TIMESTAMP},
            </if>
            <!-- 修改人 -->
            <if test="modifier != null">
                modifier = #{modifier,jdbcType=BIGINT},
            </if>
            <!-- 备注 -->
            <if test="remark != null">
                remark = #{remark,jdbcType=VARCHAR},
            </if>
        </set>
        <!--
        where 元素的作用是会在写入 where 元素的地方输出一个 where，另外一个好处是你不需要考虑 where 元素里面的条件输出是什么样子的，MyBatis 会智能的帮处理，
        如果所有的条件都不满足那么 MyBatis 就会查出所有的记录，如果输出后是 and 开头的，MyBatis 会把第一个and忽略，当然如果是 or 开头的，MyBatis 也会把它忽略；
        -->
        <where>
            <!-- where 条件参数必须加上 par_+wherePars参数key where 关键字的好处理是 -->
            <if test="par_ids != null" >
                isenabled=1 and  id not in (${par_ids})
            </if>
        </where>
    </update>


    <update id="batchUpdate" parameterType="java.util.List">
        <foreach collection="list" item="item" index="index" open="" close="" separator=";">
            update GL_School
            <set>
                <!-- 校区图片附件ID -->
                <if test="attachId != null">
                    attachId = #{attachId,jdbcType=BIGINT},
                </if>
                <!-- 学校介绍 -->
                <if test="intro != null">
                    intro = #{intro,jdbcType=VARCHAR},
                </if>
                <!-- 联系电话 -->
                <if test="tel != null">
                    tel = #{tel,jdbcType=VARCHAR},
                </if>
                <!-- 联系人 -->
                <if test="contacts != null">
                    contacts = #{contacts,jdbcType=VARCHAR},
                </if>
                <!-- 坐标 -->
                <if test="coordinate != null">
                    coordinate = #{coordinate,jdbcType=VARCHAR},
                </if>
                <!-- 校区图片 -->
                <if test="imgPath != null">
                    imgPath = #{imgPath,jdbcType=VARCHAR},
                </if>
                <!-- 详细地址 -->
                <if test="address != null">
                    address = #{address,jdbcType=VARCHAR},
                </if>
                <!-- 区 -->
                <if test="areaId != null">
                    areaId = #{areaId,jdbcType=BIGINT},
                </if>
                <!-- 市 -->
                <if test="cityId != null">
                    cityId = #{cityId,jdbcType=BIGINT},
                </if>
                <!-- 省 -->
                <if test="provinceId != null">
                    provinceId = #{provinceId,jdbcType=BIGINT},
                </if>
                <!-- 名称 -->
                <if test="sname != null">
                    sname = #{sname,jdbcType=VARCHAR},
                </if>
                <!-- 校区编号 -->
                <if test="code != null">
                    code = #{code,jdbcType=VARCHAR},
                </if>
                <!-- 可用标识 -->
                <if test="isenabled != null">
                    isenabled = #{isenabled,jdbcType=TINYINT},
                </if>
                <!-- 修改日期 -->
                <if test="modifytime != null">
                    modifytime = #{modifytime,jdbcType=TIMESTAMP},
                </if>
                <!-- 修改人 -->
                <if test="modifier != null">
                    modifier = #{modifier,jdbcType=BIGINT},
                </if>
                <!-- 备注 -->
                <if test="remark != null">
                    remark = #{remark,jdbcType=VARCHAR},
                </if>

            </set>
            where id = #{item.id,jdbcType=INTEGER}
        </foreach>
    </update>

    <delete id="delete" parameterType="java.lang.Long">
    delete from GL_School
    where id = #{id,jdbcType=INTEGER}
  </delete>

    <!-- 根据指定的参数，删除实体 -->
    <delete id="deleteByPars" parameterType="map">
        delete from GL_School
        where 1=1

        <if test="id != null">
            and id = #{id,jdbcType=INTEGER}
        </if>

        <if test="name != null">
            and name like '%' || #{name,jdbcType=VARCHAR} || '%'
        </if>
        <if test="phone != null">
            and phone = #{name,jdbcType=VARCHAR}
        </if>
    </delete>

    <delete id="deleteByIds">
    delete from GL_School
    where id in (${ids})
  </delete>

    <!-- 删除所有数据 -->
    <delete id="deleteAll">
    delete from GL_School
  </delete>

    <!-- 根据ID禁用或启用数据-->
    <update id="enabled">
        update GL_School
        <set>
            isenabled = #{isenabled,jdbcType=INTEGER}
        </set>
        where id=#{id,jdbcType=INTEGER}
    </update>

    <!-- 根据ID禁用或启用数据-->
    <update id="enabledByPars" parameterType="map">
        update GL_School
        <set>
            isenabled = #{isenabled,jdbcType=INTEGER}
        </set>
        where 1=1

        <if test="id != null">
            and id = #{id,jdbcType=INTEGER}
        </if>

        <if test="name != null">
            and name like '%' || #{name,jdbcType=VARCHAR} || '%'
        </if>
        <if test="phone != null">
            and phone = #{name,jdbcType=VARCHAR}
        </if>

    </update>

    <!-- 根据多个ID禁用或启用数据-->
    <update id="enabledByIds">
        update GL_School
        <set>
            isenabled = #{isenabled,jdbcType=INTEGER}
        </set>
        where id in (${ids})
    </update>
    
    <!--
        获取学校下拉框
        @Author 肖家添
        @Date 2019/7/15 16:48
    -->
    <select id="getSchoolBySelect" resultType="java.util.Map" parameterType="java.util.Map">
        select gcl.id as `key`, gcl.id as `value`, gcl.sname as title
        from gl_school gcl
        where gcl.isenabled = 1
        order by createTime desc
    </select>

</mapper>
