<?xml version="1.0" encoding="UTF-8" ?>
<!DOCTYPE mapper PUBLIC "-//mybatis.org//DTD Mapper 3.0//EN" "http://mybatis.org/dtd/mybatis-3-mapper.dtd" >
<mapper namespace="com.cmw.dao.StudentDetailDao" >
  <resultMap id="BaseResultMap" type="com.cmw.entity.StudentDetailEntity" >
  	<id column="id" property="id" jdbcType="BIGINT" />
	<!-- 学员头像附件ID -->
	<result column="attachId" property="attachId" jdbcType="BIGINT"/>
	<!-- 跟进记录ID -->
	<result column="fuppId" property="fuppId" jdbcType="BIGINT"/>
	<!-- 跟进人ID -->
	<result column="tracerId" property="tracerId" jdbcType="BIGINT"/>
	<!-- 当前报读班级 -->
	<result column="classId" property="classId" jdbcType="BIGINT"/>
	<!-- 学员ID -->
	<result column="studentId" property="studentId" jdbcType="BIGINT"/>
	  <!-- 报名ID -->
	  <result column="enrollId" property="enrollId" jdbcType="BIGINT"/>
	<!-- 创建人 -->
	<result column="creator" property="creator" jdbcType="BIGINT"/>
	<!-- 创建时间 -->
	<result column="createTime" property="createTime" jdbcType="TIMESTAMP"/>
	<!-- 创建机构 -->
	<result column="orgid" property="orgid" jdbcType="BIGINT"/>
	<!-- 创建部门 -->
	<result column="deptId" property="deptId" jdbcType="BIGINT"/>
	<!-- 可用标识 -->
	<result column="isenabled" property="isenabled" jdbcType="TINYINT"/>
	<!-- 修改日期 -->
	<result column="modifytime" property="modifytime" jdbcType="TIMESTAMP"/>
	<!-- 修改人 -->
	<result column="modifier" property="modifier" jdbcType="BIGINT"/>
	<!-- 备注 -->
	<result column="remark" property="remark" jdbcType="VARCHAR"/>
	  <!-- 备注 -->
	  <result column="policyNo" property="policyNo" jdbcType="VARCHAR"/>
	  <!-- 来源ID -->
	  <result column="sourceId" property="sourceId" jdbcType="BIGINT"/>
  </resultMap>
  <sql id="Base_Column_List" >
 	id,attachId,fuppId,tracerId,classId,studentId,creator,createTime,
 	orgid,deptId,isenabled,modifytime,modifier,remark,policyNo,enrollId,sourceId

  </sql>
  
  <select id="get" resultMap="BaseResultMap" parameterType="java.lang.Long">
   	select 
   	 <include refid="Base_Column_List" />
    from GL_StudentDetail
    where id = #{id,jdbcType=INTEGER}
  </select>

  <select id="getByPars" resultMap="BaseResultMap">
   	select 
   	 <include refid="Base_Column_List" />
    from GL_StudentDetail where isenabled=1
	  <if test="studentId != null" >
	   and studentId = #{studentId}
	 </if>
  </select>
  
   <select id="getList" resultMap="BaseResultMap">
   	select 
   	 <include refid="Base_Column_List" />
    from GL_StudentDetail where 1=1 
    <!-- 
     <if test="name != null" >
         and name like '%' || #{name,jdbcType=VARCHAR} || '%'
      </if>
       <if test="age != null" >
        and age = #{age}
      </if>
     -->
  </select>
  
  <select id="getListMap" resultType="java.util.HashMap">
   	 select 
   	 <include refid="Base_Column_List" />
     from GL_StudentDetail where 1=1 
     <!-- 
   	 <if test="name != null" >
         and name like '%' || #{name,jdbcType=VARCHAR} || '%'
      </if>
       <if test="age != null" >
        and age = #{age}
      </if>
     -->
  </select>
  
  
  <select id="getListAll" resultMap="BaseResultMap">
   	select 
   	 <include refid="Base_Column_List" />
    from GL_StudentDetail where 1=1 
  </select>
  
  
  <select id="getPageByPars" resultMap="BaseResultMap">
   	select 
   	 <include refid="Base_Column_List" />
    from GL_StudentDetail where 1=1 
      <!-- 
   	  <if test="name != null" >
         and name like '%' || #{name,jdbcType=VARCHAR} || '%'
      </if>
       <if test="age != null" >
        and age = #{age}
      </if>
     -->
       order by id desc 
        <if test="offset!=null and pageSize!=null">  
	        limit #{offset},#{pageSize}
	    </if>
  </select>
  
  <!-- 获取总记录数 -->
  <select id="getTotals" resultType="java.lang.Long">
   	select count(1) as totalCount from GL_StudentDetail where 1=1 
  </select>
  
   <!-- 根据参数获取总记录数 -->
  <select id="getTotalsByPars" resultType="java.lang.Long" parameterType="java.util.Map">
   	select count(1) as totalCount from GL_StudentDetail where 1=1 
   	 <!-- 
     <if test="name != null" >
         and name like '%' || #{name,jdbcType=VARCHAR} || '%'
      </if>
       <if test="age != null" >
        and age = #{age}
      </if>
     -->
  </select>
  
  
  <!-- 获取最大ID -->
  <select id="getMaxID"  resultType="java.lang.Long">
   	select max(id) as maxId from GL_StudentDetail where 1=1 
  </select>
  
  <insert id="insert" useGeneratedKeys="true" keyProperty="id" parameterType="com.cmw.entity.StudentDetailEntity" >
      insert into GL_StudentDetail (attachId,fuppId,tracerId,classId,studentId,
      creator,createTime,orgid,deptId,isenabled,remark,policyNo,sourceId)
    values (#{attachId,jdbcType=BIGINT},#{fuppId,jdbcType=BIGINT},#{tracerId,jdbcType=BIGINT},#{classId,jdbcType=BIGINT},
    #{studentId,jdbcType=BIGINT},#{creator,jdbcType=BIGINT},
    #{createTime,jdbcType=TIMESTAMP},#{orgid,jdbcType=BIGINT},
    #{deptId,jdbcType=BIGINT},#{isenabled,jdbcType=TINYINT},
    #{remark,jdbcType=VARCHAR}, #{policyNo,jdbcType=VARCHAR},
     #{sourceId,jdbcType=BIGINT})
  </insert>
  
  <insert id="batchInsert" parameterType="List" useGeneratedKeys="true" keyProperty="id">
	 insert into GL_StudentDetail (attachId,fuppId,tracerId,classId,studentId,
	  creator,createTime,orgid,deptId,isenabled,remark,policyNo,sourceId) values
	  <foreach item="item" collection="list" separator=",">
	    (#{attachId,jdbcType=BIGINT},#{fuppId,jdbcType=BIGINT},
		  #{tracerId,jdbcType=BIGINT},#{classId,jdbcType=BIGINT},
		  #{studentId,jdbcType=BIGINT},#{creator,jdbcType=BIGINT},
		  #{createTime,jdbcType=TIMESTAMP},#{orgid,jdbcType=BIGINT},
		  #{deptId,jdbcType=BIGINT},#{isenabled,jdbcType=TINYINT},
		  #{remark,jdbcType=VARCHAR},#{policyNo,jdbcType=VARCHAR},
		  #{sourceId,jdbcType=BIGINT})
	  </foreach>
  </insert>
  
   <update id="update" parameterType="com.cmw.entity.StudentDetailEntity" >
    update GL_StudentDetail
    <set>
		<!-- 报名ID -->
		<if test="enrollId != null" >
			enrollId = #{enrollId,jdbcType=BIGINT},
		</if>
		<!-- 学员头像附件ID -->
		<if test="attachId != null" >
		  attachId = #{attachId,jdbcType=BIGINT},
		</if>
		<!-- 跟进记录ID -->
		<if test="fuppId != null" >
		  fuppId = #{fuppId,jdbcType=BIGINT},
		</if>
		<!-- 跟进人ID -->
		<if test="tracerId != null" >
		  tracerId = #{tracerId,jdbcType=BIGINT},
		</if>
		<!-- 当前报读班级 -->
		classId = #{classId,jdbcType=BIGINT},

		<!-- 学员ID -->
		<if test="studentId != null" >
		  studentId = #{studentId,jdbcType=BIGINT},
		</if>
		<!-- 可用标识 -->
		<if test="isenabled != null" >
		  isenabled = #{isenabled,jdbcType=TINYINT},
		</if>
		<!-- 修改日期 -->
		<if test="modifytime != null" >
		  modifytime = #{modifytime,jdbcType=TIMESTAMP},
		</if>
		<!-- 修改人 -->
		<if test="modifier != null" >
		  modifier = #{modifier,jdbcType=BIGINT},
		</if>
		<!-- 备注 -->
		<if test="remark != null" >
		  remark = #{remark,jdbcType=VARCHAR},
		</if>
		<!-- 保险单号 -->
		<if test="policyNo != null" >
			policyNo = #{policyNo,jdbcType=VARCHAR},
		</if>

		<!-- 来源ID -->
		<if test="sourceId != null" >
			sourceId = #{sourceId,jdbcType=BIGINT},
		</if>

    </set>
    where id = #{id,jdbcType=INTEGER}
  </update>
  
   <update id="updateByPars" parameterType="map">
    update GL_StudentDetail
    <set>
     			<!-- 学员头像附件ID -->
		<if test="attachId != null" >
		  attachId = #{attachId,jdbcType=BIGINT},
		</if>
		<!-- 跟进记录ID -->
		<if test="fuppId != null" >
		  fuppId = #{fuppId,jdbcType=BIGINT},
		</if>
		<!-- 跟进人ID -->
		<if test="tracerId != null" >
		  tracerId = #{tracerId,jdbcType=BIGINT},
		</if>
		<!-- 当前报读班级 -->
		<if test="classId != null" >
		  classId = #{classId,jdbcType=BIGINT},
		</if>
		<!-- 学员ID -->
		<if test="studentId != null" >
		  studentId = #{studentId,jdbcType=BIGINT},
		</if>
		<!-- 可用标识 -->
		<if test="isenabled != null" >
		  isenabled = #{isenabled,jdbcType=TINYINT},
		</if>
		<!-- 修改日期 -->
		<if test="modifytime != null" >
		  modifytime = #{modifytime,jdbcType=TIMESTAMP},
		</if>
		<!-- 修改人 -->
		<if test="modifier != null" >
		  modifier = #{modifier,jdbcType=BIGINT},
		</if>
		<!-- 备注 -->
		<if test="remark != null" >
		  remark = #{remark,jdbcType=VARCHAR},
		</if>
		<!-- 保险单号 -->
		<if test="policyNo != null" >
			policyNo = #{policyNo,jdbcType=VARCHAR},
		</if>

		<!-- 来源ID -->
		<if test="sourceId != null" >
			sourceId = #{sourceId,jdbcType=BIGINT},
		</if>

    </set>
    where 1=1 
     <!-- where 条件参数必须加上 par_+wherePars参数key -->
     <!-- 
      <if test="par_id != null" >
        and id = #{par_id}
      </if>

     <if test="par_name != null" >
         and name like '%' || #{par_name,jdbcType=VARCHAR} || '%'
      </if>
       <if test="par_phone != null" >
        and phone = '${par_phone}'
      </if>
      -->
  </update>
  
  
  <update id="batchUpdate"  parameterType="java.util.List">  
      <foreach collection="list" item="item" index="index" open="" close="" separator=";">  
            update GL_StudentDetail   
            <set>  
            			<!-- 学员头像附件ID -->
		<if test="attachId != null" >
		  attachId = #{attachId,jdbcType=BIGINT},
		</if>
		<!-- 跟进记录ID -->
		<if test="fuppId != null" >
		  fuppId = #{fuppId,jdbcType=BIGINT},
		</if>
		<!-- 跟进人ID -->
		<if test="tracerId != null" >
		  tracerId = #{tracerId,jdbcType=BIGINT},
		</if>
		<!-- 当前报读班级 -->
		<if test="classId != null" >
		  classId = #{classId,jdbcType=BIGINT},
		</if>
		<!-- 学员ID -->
		<if test="studentId != null" >
		  studentId = #{studentId,jdbcType=BIGINT},
		</if>
		<!-- 可用标识 -->
		<if test="isenabled != null" >
		  isenabled = #{isenabled,jdbcType=TINYINT},
		</if>
		<!-- 修改日期 -->
		<if test="modifytime != null" >
		  modifytime = #{modifytime,jdbcType=TIMESTAMP},
		</if>
		<!-- 修改人 -->
		<if test="modifier != null" >
		  modifier = #{modifier,jdbcType=BIGINT},
		</if>
		<!-- 备注 -->
		<if test="remark != null" >
		  remark = #{remark,jdbcType=VARCHAR},
		</if>
		<!-- 保险单号 -->
		<if test="policyNo != null" >
			policyNo = #{policyNo,jdbcType=VARCHAR},
		</if>

		<!-- 来源ID -->
		<if test="sourceId != null" >
			sourceId = #{sourceId,jdbcType=BIGINT},
		</if>
	</set>
	where id = #{item.id,jdbcType=INTEGER}
     </foreach>  
  </update>  
  
  <delete id="delete" parameterType="java.lang.Long" >
    delete from GL_StudentDetail
    where id = #{id,jdbcType=INTEGER}
  </delete>
  
  <!-- 根据指定的参数，删除实体 -->
  <delete id="deleteByPars" parameterType="map" >
    delete from GL_StudentDetail
     where 1=1 
     
      <if test="id != null" >
        and id = #{id,jdbcType=INTEGER}
      </if>
       
     <if test="name != null" >
        and name like '%' || #{name,jdbcType=VARCHAR} || '%'
      </if>
       <if test="phone != null" >
        and phone = #{name,jdbcType=VARCHAR}
      </if>
  </delete>
  
   <delete id="deleteByIds" >
    delete from GL_StudentDetail
    where id in (${ids})
  </delete>
  
  <!-- 删除所有数据 -->
  <delete id="deleteAll" >
    delete from GL_StudentDetail
  </delete>
  
  <!-- 根据ID禁用或启用数据-->
  <update id="enabled">
    update GL_StudentDetail
    <set>
        isenabled = #{isenabled,jdbcType=INTEGER}
    </set>
    where id=#{id,jdbcType=INTEGER}
  </update>
  
   <!-- 根据ID禁用或启用数据-->
  <update id="enabledByPars" parameterType="map">
    update GL_StudentDetail
    <set>
        isenabled = #{isenabled,jdbcType=INTEGER}
    </set>
     where 1=1 
    
      <if test="id != null" >
        and id = #{id,jdbcType=INTEGER}
      </if>
       
     <if test="name != null" >
         and name like '%' || #{name,jdbcType=VARCHAR} || '%'
      </if>
       <if test="phone != null" >
         and phone = #{name,jdbcType=VARCHAR}
      </if>
     
  </update>
  
   <!-- 根据多个ID禁用或启用数据-->
  <update id="enabledByIds">
    update GL_StudentDetail
    <set>
        isenabled = #{isenabled,jdbcType=INTEGER}
    </set>
    where id in (${ids})
  </update>
  
</mapper>
