<?xml version="1.0" encoding="UTF-8" ?>
<!DOCTYPE mapper PUBLIC "-//mybatis.org//DTD Mapper 3.0//EN" "http://mybatis.org/dtd/mybatis-3-mapper.dtd" >
<mapper namespace="com.cmw.dao.StudentDao">
    <resultMap id="BaseResultMap" type="com.cmw.entity.StudentEntity">
        <id column="id" property="id" jdbcType="BIGINT"/>
        <!-- 会员ID -->
        <result column="memberId" property="memberId" jdbcType="BIGINT"/>
        <!-- 姓名 -->
        <result column="sname" property="sname" jdbcType="VARCHAR"/>
        <!-- 性别 -->
        <result column="sex" property="sex" jdbcType="TINYINT"/>
        <!-- 手机 -->
        <result column="phone" property="phone" jdbcType="VARCHAR"/>
        <!-- 出生日期 -->
        <result column="bdate" property="bdate" jdbcType="TIMESTAMP"/>
        <!-- 学员头像 -->
        <result column="imgPath" property="imgPath" jdbcType="VARCHAR"/>
        <!-- 是否正式学员 -->
        <result column="formal" property="formal" jdbcType="TINYINT"/>
        <!-- 学生来源 -->
        <result column="source" property="source" jdbcType="BIGINT"/>
        <!-- 所属学校 -->
        <result column="school" property="school" jdbcType="VARCHAR"/>
        <!-- 学员年级 -->
        <result column="grade" property="grade" jdbcType="BIGINT"/>
        <!-- 家庭住址 -->
        <result column="address" property="address" jdbcType="VARCHAR"/>
        <!-- 家庭住址 -->
        <result column="xstatus" property="xstatus" jdbcType="INTEGER"/>
        <!-- 创建人 -->
        <result column="creator" property="creator" jdbcType="BIGINT"/>
        <!-- 创建时间 -->
        <result column="createTime" property="createTime" jdbcType="TIMESTAMP"/>
        <!-- 创建机构 -->
        <result column="orgid" property="orgid" jdbcType="BIGINT"/>
        <!-- 创建部门 -->
        <result column="deptId" property="deptId" jdbcType="BIGINT"/>
        <!-- 可用标识 -->
        <result column="isenabled" property="isenabled" jdbcType="TINYINT"/>
        <!-- 修改日期 -->
        <result column="modifytime" property="modifytime" jdbcType="TIMESTAMP"/>
        <!-- 修改人 -->
        <result column="modifier" property="modifier" jdbcType="BIGINT"/>
        <!-- 备注 -->
        <result column="remark" property="remark" jdbcType="VARCHAR"/>

    </resultMap>

    <!-- 默认图片路径 -->
    <sql id="DefaultImagePath">
        'https://jiaolianxiaochengxu.oss-cn-hangzhou.aliyuncs.com/jiaolianjia/stu_default.jpg'
    </sql>

    <!--
        处理图片为空查询出默认图片
        @Author 肖家添
        @Date 2019/6/6 10:44
    -->
    <sql id="ImagePathHandler">
        if(imgPath is null or imgPath = '' or imgPath = '0', <include refid="DefaultImagePath"/>, imgPath) as imgPath
    </sql>

    <sql id="Base_Column_List">
        id,memberId,sname,sex,phone,bdate,formal,source,school,grade,address,xstatus,creator,createTime,orgid,deptId,isenabled,modifytime,modifier,remark,
        <include refid="ImagePathHandler"/>
    </sql>

    <!-- 当新增或修改时判断指定的信息是否存在 -->
    <select id="getSamePhoneStudents"  resultMap="BaseResultMap">
        select
        <include refid="Base_Column_List"/>
        from GL_Student where phone in (
        select phone from ( select count(1) as tcount,phone
         from gl_student where isenabled=1 group by phone ) as A where tcount>1
        )
    </select>

    <!-- 当新增或修改时判断指定的信息是否存在 -->
    <select id="exist" resultType="java.lang.Integer">
        select count(1) from GL_Student where isenabled=1
        <if test="sname != null">
            and sname = #{sname,jdbcType=VARCHAR}
        </if>
        <if test="phone != null">
            and phone = #{phone,jdbcType=VARCHAR}
        </if>

        <!-- 修改时，要排除自身去检查是否与其它用户的帐号或手机号存在冲突 -->
        <if test="id != null">
            and id != #{id,jdbcType=BIGINT}
        </if>
    </select>

    <select id="get" resultMap="BaseResultMap" parameterType="java.lang.Long">
        select
        <include refid="Base_Column_List"/>
        from GL_Student
        where id = #{id,jdbcType=INTEGER}
    </select>


    <select id="getBySource" resultMap="BaseResultMap">
        select
        <include refid="Base_Column_List"/>
        from GL_Student where isenabled = 1 and source=#{source}
         and id in (
         select studentId from GL_StudentDetail where  sourceId = #{sourceId}
        ) and phone=#{phone}

    </select>

    <select id="getByPars" resultMap="BaseResultMap">
        select
        <include refid="Base_Column_List"/>
        from GL_Student where isenabled = 1

        <!-- 会员编号 -->
        <if test="memberId != null">
            and memberId = #{memberId}
        </if>

        <!-- 数据状态 -->
        <if test="isenabled != null">
            and isenabled = #{isenabled}
        </if>

    </select>

    <select id="getList" resultMap="BaseResultMap">
        select
        <include refid="Base_Column_List"/>
        from GL_Student where 1=1
        <!--
         <if test="name != null" >
             and name like '%' || #{name,jdbcType=VARCHAR} || '%'
          </if>
           <if test="age != null" >
            and age = #{age}
          </if>
         -->
    </select>


    <select id="getListMapByClassId" resultType="java.util.HashMap">
		select id,sname,phone,sex from gl_student as A where A.isenabled=1
		 and A.id in (
		 select DISTINCT studentId from gl_classchoose where classId=#{classId}
		)

	</select>
    <select id="getListMap" resultType="java.util.HashMap">
        SELECT DISTINCT A.id,A.sname,A.phone, (YEAR (CURDATE()) - YEAR (A.bdate)) AS age, A.xstatus,
        ifNull(A.imgPath,'https://jiaolianxiaochengxu.oss-cn-hangzhou.aliyuncs.com/jiaolianjia/stu_default.jpg') AS imgPath,
        ifnull(	IF (D.tcount &lt; 0, 0, D.tcount),	0) AS zhours,ifnull(D.endDate, '---') AS endDate,DATE_FORMAT(A.bdate, '%Y-%m-%d') AS bdate,
        A.sex,A.school,A.grade,A.source FROM	gl_student AS A
        LEFT JOIN (select DISTINCT studentId from gl_classchoose where isenabled=1 and xstatus != 3) AS B ON B.studentId = A.id
        LEFT JOIN gl_enroll AS C ON  C.studentId=A.id
        LEFT JOIN gl_course AS E ON E.id = C.courseId
        LEFT JOIN (
        SELECT sum(hours + ghours - uhours - thours - stockUhours) AS tcount,max(endDate) as endDate,studentId
        FROM gl_enroll WHERE isenabled = 1 AND xstatus = 1 GROUP BY studentId
        ) AS D ON (D.studentId = A.id)
        where A.isenabled=1
        <if test="sname != null and sname != ''">
            and A.sname like CONCAT('%',#{sname},'%')
        </if>
        <choose>
            <when test="bussType eq 1">
                and A.xstatus != 4
            </when>
            <!-- 教练端 班级管理 &lt;&lt; 添加学生须展示的是正式学员 -->
            <when test="bussType eq 2">
                and A.xstatus >= 4
            </when>
            <otherwise>
                <if test="xstatus != null">
                    and A.xstatus = #{xstatus}
                </if>
            </otherwise>
        </choose>

        <if test="id != null">
            and A.id = #{id}
        </if>

        <if test="classId != null">
            AND (
              C.courseId=(select courseId from gl_class where id=#{classId})
               or
              A.id in (select studentId from gl_taste where classId=#{classId})
            )
        </if>

        <if test="schoolId != null">
            and (
            c.sid = #{schoolId}
            or
            A.deptId = #{schoolId}
            ) or A.creator
        </if>

        <!-- 权限过滤SQL -->
        <if test="rightCondition != null">
            ${rightCondition}
        </if>


        order by A.id desc
    </select>


    <select id="getListAll" resultMap="BaseResultMap">
        select
        <include refid="Base_Column_List"/>
        from GL_Student where 1=1
    </select>


    <select id="getPageByPars" resultType="java.util.Map">
        select A.id,A.sname,A.phone,A.sex,A.bdate,A.createTime, A.grade,A.source,A.xstatus,
        D.cname as courseName,C.courseId,E.tname as coach, F.tname as master,G.createTime as enrollDate,H.totalZhours
        from gl_student as A
        inner join gl_studentdetail as B on A.id=B.studentId
        left join gl_class as C on B.classId=C.id
        left join gl_teacher as E on C.coach=E.id
        left join gl_teacher as F on C.master=F.id
        left join gl_enroll as G on (B.enrollId = G.id and G.isenabled = 1)
        left join gl_course AS D on (G.courseId = D.id and D.isenabled = 1)
        left join (
          select sum(hours+ghours-uhours-thours-stockUhours) as totalZhours,studentId
         from gl_enroll where isenabled=1 and xstatus=1 group by studentId
         )  as H on H.studentId=A.id
        where A.isenabled=1
        <if test="sname != null">
            and (A.sname like CONCAT('%',#{sname},'%') or A.phone like CONCAT('%',#{sname},'%'))
        </if>
        <if test="sex != null">
            and A.sex = #{sex}
        </if>

        <if test="bdate_start != null">
            and A.bdate &gt;= #{bdate_start}
        </if>
        <if test="bdate_end != null">
            and A.bdate &lt; #{bdate_end}
        </if>

        <if test="createTime_start != null">
            and A.createTime &gt;= #{createTime_start}
        </if>
        <if test="createTime_end != null">
            and A.createTime &lt; #{createTime_end}
        </if>

        <if test="source != null">
            and A.source = #{source}
        </if>

        <if test="xstatus != null">
            and A.xstatus = #{xstatus}
        </if>

        <if test="rightCondition != null">
            ${rightCondition}
        </if>
        order by A.id desc
        <if test="notLimit == null and offset != null and pageSize != null">
            limit #{offset},#{pageSize}
        </if>
    </select>

    <!-- 获取总记录数 -->
    <select id="getTotals" resultType="java.lang.Long">
   	select count(1) as totalCount from GL_Student where 1=1 
  </select>

    <!-- 根据参数获取总记录数 -->
    <select id="getTotalsByPars" resultType="java.lang.Long" parameterType="java.util.Map">
        select count(1) as totalCount
        from gl_student as A inner join gl_studentdetail as B on A.id=B.studentId
        left join gl_class as C on B.classId=C.id left join gl_course AS D on C.courseId=D.id
        left join gl_teacher as E on C.coach=E.id left join gl_teacher as F on C.master=F.id
        left join gl_enroll as G on B.enrollId=G.id
        where A.isenabled=1
        <if test="sname != null">
            and (A.sname like CONCAT('%',#{sname},'%') or A.phone like CONCAT('%',#{sname},'%'))
        </if>
        <if test="sex != null">
            and A.sex = #{sex}
        </if>

        <if test="bdate_start != null">
            and A.bdate &gt;= #{bdate_start}
        </if>
        <if test="bdate_end != null">
            and A.bdate &lt; #{bdate_end}
        </if>

        <if test="createTime_start != null">
            and A.createTime &gt;= #{createTime_start}
        </if>
        <if test="createTime_end != null">
            and A.createTime &lt; #{createTime_end}
        </if>

        <if test="source != null">
            and A.source = #{source}
        </if>

        <if test="xstatus != null">
            and A.xstatus = #{xstatus}
        </if>

        <if test="rightCondition != null">
            ${rightCondition}
        </if>
    </select>


    <!-- 获取最大ID -->
    <select id="getMaxID" resultType="java.lang.Long">
   	select max(id) as maxId from GL_Student where 1=1 
  </select>

    <insert id="insert" useGeneratedKeys="true" keyProperty="id" parameterType="com.cmw.entity.StudentEntity">
      insert into GL_Student (
	  memberId,sname,sex,phone,bdate,
	  imgPath,formal,source,school,grade,
	  address,xstatus,creator,createTime,orgid,
	  deptId,isenabled,remark)
    values (#{memberId,jdbcType=BIGINT},#{sname,jdbcType=VARCHAR},
	  #{sex,jdbcType=TINYINT},#{phone,jdbcType=VARCHAR},
	  #{bdate,jdbcType=DATE},#{imgPath,jdbcType=VARCHAR},
	  #{formal,jdbcType=TINYINT},#{source,jdbcType=BIGINT},
	  #{school,jdbcType=VARCHAR},#{grade,jdbcType=BIGINT},#{address,jdbcType=VARCHAR},
	  #{xstatus,jdbcType=INTEGER},#{creator,jdbcType=BIGINT},#{createTime,jdbcType=TIMESTAMP},#{orgid,jdbcType=BIGINT},#{deptId,jdbcType=BIGINT},#{isenabled,jdbcType=TINYINT},#{remark,jdbcType=VARCHAR})
  </insert>

    <insert id="batchInsert" parameterType="List" useGeneratedKeys="true" keyProperty="id">
        insert into GL_Student (memberId,sname,sex,phone,bdate,imgPath,formal,source,
        school,grade,address,xstatus,creator,createTime,orgid,deptId,isenabled,remark) values
        <foreach item="item" collection="list" separator=",">
            (#{memberId,jdbcType=BIGINT},#{sname,jdbcType=VARCHAR},#{sex,jdbcType=TINYINT},#{phone,jdbcType=VARCHAR},#{bdate,jdbcType=DATE},#{imgPath,jdbcType=VARCHAR},
            #{formal,jdbcType=TINYINT},#{source,jdbcType=BIGINT},#{school,jdbcType=VARCHAR},#{grade,jdbcType=BIGINT},
            #{address,jdbcType=VARCHAR},#{xstatus,jdbcType=INTEGER},#{creator,jdbcType=BIGINT},#{createTime,jdbcType=TIMESTAMP},#{orgid,jdbcType=BIGINT},#{deptId,jdbcType=BIGINT},#{isenabled,jdbcType=TINYINT},#{remark,jdbcType=VARCHAR})
        </foreach>

    </insert>

    <update id="update" parameterType="com.cmw.entity.StudentEntity">
        update GL_Student
        <set>
            <!-- 状态D -->
            <if test="xstatus != null">
                xstatus = #{xstatus,jdbcType=BIGINT},
            </if>
            <!-- 会员ID -->
            <if test="memberId != null">
                memberId = #{memberId,jdbcType=BIGINT},
            </if>
            <!-- 姓名 -->
            <if test="sname != null">
                sname = #{sname,jdbcType=VARCHAR},
            </if>
            <!-- 性别 -->
            <if test="sex != null">
                sex = #{sex,jdbcType=TINYINT},
            </if>
            <!-- 手机 -->
            <if test="phone != null">
                phone = #{phone,jdbcType=VARCHAR},
            </if>
            <!-- 出生日期 -->
            <if test="bdate != null">
                bdate = #{bdate,jdbcType=DATE},
            </if>
            <!-- 学员头像 -->
            <if test="imgPath != null">
                imgPath = #{imgPath,jdbcType=VARCHAR},
            </if>
            <!-- 是否正式学员 -->
            <if test="formal != null">
                formal = #{formal,jdbcType=TINYINT},
            </if>
            <!-- 学生来源 -->
            <if test="source != null">
                source = #{source,jdbcType=BIGINT},
            </if>
            <!-- 所属学校 -->
            <if test="school != null">
                school = #{school,jdbcType=VARCHAR},
            </if>
            <!-- 学员年级 -->
            <if test="grade != null">
                grade = #{grade,jdbcType=BIGINT},
            </if>
            <!-- 家庭住址 -->
            <if test="address != null">
                address = #{address,jdbcType=VARCHAR},
            </if>
            <!-- 状态 -->
            <if test="xstatus != null">
                address = #{xstatus,jdbcType=INTEGER},
            </if>
            <!-- 可用标识 -->
            <if test="isenabled != null">
                isenabled = #{isenabled,jdbcType=TINYINT},
            </if>
            <!-- 修改日期 -->
            <if test="modifytime != null">
                modifytime = #{modifytime,jdbcType=TIMESTAMP},
            </if>
            <!-- 修改人 -->
            <if test="modifier != null">
                modifier = #{modifier,jdbcType=BIGINT},
            </if>
            <!-- 备注 -->
            <if test="remark != null">
                remark = #{remark,jdbcType=VARCHAR},
            </if>
        </set>
        where id = #{id,jdbcType=INTEGER}
    </update>

    <update id="updateByPars" parameterType="map">
        update GL_Student
        <set>
            <!-- 会员ID -->
            <if test="memberId != null">
                memberId = #{memberId,jdbcType=BIGINT},
            </if>
            <!-- 姓名 -->
            <if test="sname != null">
                sname = #{sname,jdbcType=VARCHAR},
            </if>
            <!-- 性别 -->
            <if test="sex != null">
                sex = #{sex,jdbcType=TINYINT},
            </if>
            <!-- 手机 -->
            <if test="phone != null">
                phone = #{phone,jdbcType=VARCHAR},
            </if>
            <!-- 出生日期 -->
            <if test="bdate != null">
                bdate = #{bdate,jdbcType=DATE},
            </if>
            <!-- 学员头像 -->
            <if test="imgPath != null">
                imgPath = #{imgPath,jdbcType=VARCHAR},
            </if>
            <!-- 是否正式学员 -->
            <if test="formal != null">
                formal = #{formal,jdbcType=TINYINT},
            </if>
            <!-- 学生来源 -->
            <if test="source != null">
                source = #{source,jdbcType=BIGINT},
            </if>
            <!-- 所属学校 -->
            <if test="school != null">
                school = #{school,jdbcType=VARCHAR},
            </if>
            <!-- 学员年级 -->
            <if test="grade != null">
                grade = #{grade,jdbcType=BIGINT},
            </if>
            <!-- 家庭住址 -->
            <if test="address != null">
                address = #{address,jdbcType=VARCHAR},
            </if>
            <!-- 状态 -->
            <if test="xstatus != null">
                address = #{xstatus,jdbcType=INTEGER},
            </if>
            <!-- 可用标识 -->
            <if test="isenabled != null">
                isenabled = #{isenabled,jdbcType=TINYINT},
            </if>
            <!-- 修改日期 -->
            <if test="modifytime != null">
                modifytime = #{modifytime,jdbcType=TIMESTAMP},
            </if>
            <!-- 修改人 -->
            <if test="modifier != null">
                modifier = #{modifier,jdbcType=BIGINT},
            </if>
            <!-- 备注 -->
            <if test="remark != null">
                remark = #{remark,jdbcType=VARCHAR},
            </if>
        </set>
        where 1=1
        <!-- where 条件参数必须加上 par_+wherePars参数key -->
        <!--
         <if test="par_id != null" >
           and id = #{par_id}
         </if>

        <if test="par_name != null" >
            and name like '%' || #{par_name,jdbcType=VARCHAR} || '%'
         </if>
          <if test="par_phone != null" >
           and phone = '${par_phone}'
         </if>
         -->
    </update>


    <update id="batchUpdate" parameterType="java.util.List">
        <foreach collection="list" item="item" index="index" open="" close="" separator=";">
            update GL_Student
            <set>
                <!-- 会员ID -->
                <if test="memberId != null">
                    memberId = #{memberId,jdbcType=BIGINT},
                </if>
                <!-- 姓名 -->
                <if test="sname != null">
                    sname = #{sname,jdbcType=VARCHAR},
                </if>
                <!-- 性别 -->
                <if test="sex != null">
                    sex = #{sex,jdbcType=TINYINT},
                </if>
                <!-- 手机 -->
                <if test="phone != null">
                    phone = #{phone,jdbcType=VARCHAR},
                </if>
                <!-- 出生日期 -->
                <if test="bdate != null">
                    bdate = #{bdate,jdbcType=DATE},
                </if>
                <!-- 学员头像 -->
                <if test="imgPath != null">
                    imgPath = #{imgPath,jdbcType=VARCHAR},
                </if>
                <!-- 是否正式学员 -->
                <if test="formal != null">
                    formal = #{formal,jdbcType=TINYINT},
                </if>
                <!-- 学生来源 -->
                <if test="source != null">
                    source = #{source,jdbcType=BIGINT},
                </if>
                <!-- 所属学校 -->
                <if test="school != null">
                    school = #{school,jdbcType=VARCHAR},
                </if>
                <!-- 学员年级 -->
                <if test="grade != null">
                    grade = #{grade,jdbcType=BIGINT},
                </if>
                <!-- 家庭住址 -->
                <if test="address != null">
                    address = #{address,jdbcType=VARCHAR},
                </if>
                <!-- 状态 -->
                <if test="xstatus != null">
                    address = #{xstatus,jdbcType=INTEGER},
                </if>
                <!-- 可用标识 -->
                <if test="isenabled != null">
                    isenabled = #{isenabled,jdbcType=TINYINT},
                </if>
                <!-- 修改日期 -->
                <if test="modifytime != null">
                    modifytime = #{modifytime,jdbcType=TIMESTAMP},
                </if>
                <!-- 修改人 -->
                <if test="modifier != null">
                    modifier = #{modifier,jdbcType=BIGINT},
                </if>
                <!-- 备注 -->
                <if test="remark != null">
                    remark = #{remark,jdbcType=VARCHAR},
                </if>
            </set>
            where id = #{item.id,jdbcType=INTEGER}
        </foreach>
    </update>

    <delete id="delete" parameterType="java.lang.Long">
    delete from GL_Student
    where id = #{id,jdbcType=INTEGER}
  </delete>

    <!-- 根据指定的参数，删除实体 -->
    <delete id="deleteByPars" parameterType="map">
        delete from GL_Student
        where 1=1

        <if test="id != null">
            and id = #{id,jdbcType=INTEGER}
        </if>

        <if test="name != null">
            and name like '%' || #{name,jdbcType=VARCHAR} || '%'
        </if>
        <if test="phone != null">
            and phone = #{name,jdbcType=VARCHAR}
        </if>
    </delete>

    <delete id="deleteByIds">
    delete from GL_Student
    where id in (${ids})
  </delete>

    <!-- 删除所有数据 -->
    <delete id="deleteAll">
    delete from GL_Student
  </delete>

    <!-- 根据ID禁用或启用数据-->
    <update id="enabled">
        update GL_Student
        <set>
            isenabled = #{isenabled,jdbcType=INTEGER}
        </set>
        where id=#{id,jdbcType=INTEGER}
    </update>

    <!-- 根据ID禁用或启用数据-->
    <update id="enabledByPars" parameterType="map">
        update GL_Student
        <set>
            isenabled = #{isenabled,jdbcType=INTEGER}
        </set>
        where 1=1

        <if test="id != null">
            and id = #{id,jdbcType=INTEGER}
        </if>

    </update>

    <!-- 根据多个ID禁用或启用数据-->
    <update id="enabledByIds">
        update GL_Student
        <set>
            isenabled = #{isenabled,jdbcType=INTEGER}
        </set>
        where id in (${ids})
    </update>

</mapper>
