<?xml version="1.0" encoding="UTF-8" ?>
<!DOCTYPE mapper PUBLIC "-//mybatis.org//DTD Mapper 3.0//EN" "http://mybatis.org/dtd/mybatis-3-mapper.dtd" >
<mapper namespace="com.cmw.dao.TeacherDao">
    <resultMap id="BaseResultMap" type="com.cmw.entity.TeacherEntity">
        <id column="id" property="id" jdbcType="BIGINT"/>
        <!-- 所属校区ID -->
        <result column="schoolId" property="schoolId" jdbcType="BIGINT"/>
        <!-- 老师头像附件ID -->
        <result column="attachId" property="attachId" jdbcType="BIGINT"/>
        <!-- 教师介绍 -->
        <result column="intro" property="intro" jdbcType="VARCHAR"/>
        <!-- 教师角色  由原来的 TINYINT 改为了 VARCHAR-->
        <result column="ttype" property="ttype" jdbcType="VARCHAR"/>
        <!-- 工作性质 -->
        <result column="nature" property="nature" jdbcType="TINYINT"/>
        <!-- 在职状态 -->
        <result column="xstatus" property="xstatus" jdbcType="TINYINT"/>
        <!-- 老师头像 -->
        <result column="imgPath" property="imgPath" jdbcType="VARCHAR"/>
        <!-- 出生日期 -->
        <result column="bdate" property="bdate" jdbcType="DATE"/>
        <!-- 手机 -->
        <result column="phone" property="phone" jdbcType="VARCHAR"/>
        <!-- 性别 -->
        <result column="sex" property="sex" jdbcType="TINYINT"/>
        <!-- 姓名 -->
        <result column="tname" property="tname" jdbcType="VARCHAR"/>
        <!-- 创建人 -->
        <result column="creator" property="creator" jdbcType="BIGINT"/>
        <!-- 创建时间 -->
        <result column="createTime" property="createTime" jdbcType="TIMESTAMP"/>
        <!-- 创建机构 -->
        <result column="orgid" property="orgid" jdbcType="BIGINT"/>
        <!-- 创建部门 -->
        <result column="deptId" property="deptId" jdbcType="BIGINT"/>
        <!-- 可用标识 -->
        <result column="isenabled" property="isenabled" jdbcType="TINYINT"/>
        <!-- 修改日期 -->
        <result column="modifytime" property="modifytime" jdbcType="TIMESTAMP"/>
        <!-- 修改人 -->
        <result column="modifier" property="modifier" jdbcType="BIGINT"/>
        <!-- 备注 -->
        <result column="remark" property="remark" jdbcType="VARCHAR"/>
        <!-- 精彩瞬间照片 -->
        <result column="wonderful" property="wonderful" jdbcType="VARCHAR"/>
    </resultMap>

    <!-- 默认图片路径 -->
    <sql id="DefaultImagePath">
        'https://lailicai.oss-cn-beijing.aliyuncs.com/sprots_files/2019/6/c875eddfd4ca41be9aa97dfed9ac7f70.jpg'
    </sql>

    <!--
        处理图片为空查询出默认图片
        @Author 肖家添
        @Date 2019/6/6 10:44
    -->
    <sql id="ImagePathHandler">
        if(imgPath is null or imgPath = '' or imgPath = '0', <include refid="DefaultImagePath"/>, imgPath) as imgPath
    </sql>

    <sql id="Base_Column_List">
 	    id,attachId,schoolId,intro,ttype,nature,xstatus,bdate,phone,sex,tname,creator,createTime,orgid,deptId,isenabled,modifytime,modifier,remark,wonderful,
 	    <include refid="ImagePathHandler"/>
  </sql>

    <select id="getIds" resultType="java.util.List">
        select id from gl_teacher
        where isenabled = 1
        <if test="schoolId != null">
            and schoolId = #{schoolId}
        </if>
    </select>

    <select id="get" resultMap="BaseResultMap" parameterType="java.lang.Long">
        select
        <include refid="Base_Column_List"/>
        from GL_Teacher
        where id = #{id,jdbcType=INTEGER}
    </select>

    <!-- 当新增或修改时判断指定的信息是否存在 -->
    <select id="exist" resultType="java.lang.Integer">
        select count(1) from GL_Teacher where isenabled=1
        <if test="phone != null">
            and phone = #{phone,jdbcType=VARCHAR}
        </if>

        <!-- 修改时，要排除自身去检查是否与其它用户的帐号或手机号存在冲突 -->
        <if test="id != null">
            and id != #{id,jdbcType=BIGINT}
        </if>
    </select>

    <select id="getByPars" resultMap="BaseResultMap">
        select
        <include refid="Base_Column_List"/>
        from GL_Teacher where isenabled=1
        <if test="schoolId != null">
            and schoolId = #{schoolId}
        </if>
        <if test="ttype != null">
            and ttype = #{ttype}
        </if>

        <!--
            模糊查询 + 精确查询
            @Author 肖家添
            @Date 2019/6/24 14:23
        -->
        <if test="phone != null">
            <if test="notFuzzySearch == null">
                and phone like '%' #{phone} '%'
            </if>
            <if test="notFuzzySearch != null">
                and phone = #{phone}
            </if>
        </if>

    </select>

    <select id="getTeacherMap" resultType="java.util.HashMap">
        select A.id as teacherId,A.phone,A.tname,B.userId
        from gl_teacher as A left join ts_user as B on (A.id=B.inempId and B.utype in (2,4,5))
        where A.isenabled=1
        <if test="teacherId != null">
            and A.id = #{teacherId}
        </if>
        <if test="schoolId != null">
            and A.schoolId = #{schoolId}
        </if>
        <if test="ttype != null">
            and A.ttype = #{ttype}
        </if>
        limit 1
    </select>


    <select id="getTeacheByUserId" resultType="string">
		select tname from gl_teacher
		 where id = (select inempId from ts_user where userId = #{userId} and utype in (2,4,5))
	</select>

    <select id="getList" resultMap="BaseResultMap">
        select
        <include refid="Base_Column_List"/>
        from GL_Teacher where 1=1
        <!--
         <if test="name != null" >
             and name like '%' || #{name,jdbcType=VARCHAR} || '%'
          </if>
           <if test="age != null" >
            and age = #{age}
          </if>
         -->
    </select>

    <select id="getListMap" resultType="java.util.HashMap">
        select A.id,A.tname as name,A.phone,A.sex, ifnull(B.sname,'未选择校区') as sname,ifNull(A.imgPath, <include refid="DefaultImagePath"/>) as imgPath from gl_teacher as A left join gl_school as B on
        A.schoolId=B.id
        where A.isenabled=1
        <if test="userId != null">
            and (A.schoolId=(
            select schoolId from gl_teacher where id = (select inempId from ts_user where userId=#{userId})
            ) or A.creator=#{userId})
        </if>
        <!-- 班主任或教练 -->
        <if test="ttype != null">
            and A.ttype in (${ttype})
        </if>
        <if test="tname != null">
            and A.tname like CONCAT('%',#{tname},'%')
        </if>

        <!-- 根据老师ID同时获取班主任和教练 -->
        <if test="teacherIds != null">
            and A.id in (${teacherIds})
        </if>

    </select>


    <select id="getListAll" resultMap="BaseResultMap">
        select
        <include refid="Base_Column_List"/>
        from GL_Teacher where 1=1
    </select>


    <select id="getPageByPars" resultType="java.util.HashMap">
        select A.id,A.tname,A.sex,A.phone,A.bdate,A.nature,
        ifnull(B.sname,'未选择校区') as schoolName,A.xstatus,A.ttype,A.intro,A.createTime
        from gl_teacher as A left join gl_school as B on A.schoolId=B.id
        where 1=1
        <if test="tname != null">
            and (A.tname like CONCAT('%',#{tname},'%') or A.phone like CONCAT('%',#{tname},'%'))
        </if>
        <if test="sex != null">
            and A.sex = #{sex}
        </if>

        <if test="bdate_start != null">
            and A.bdate &gt;= #{bdate_start}
        </if>
        <if test="bdate_end != null">
            and A.bdate &lt;= #{bdate_end}
        </if>

        <if test="createTime_start != null">
            and A.createTime &gt;= #{createTime_start}
        </if>
        <if test="createTime_end != null">
            and A.createTime &lt; #{createTime_end}
        </if>

        <if test="nature != null">
            and A.nature = #{nature}
        </if>

        <if test="xstatus != null">
            and A.xstatus = #{xstatus}
        </if>

        <if test="ttype != null">
            and A.ttype = #{ttype}
        </if>

        <if test="rightCondition != null">
            ${rightCondition}
        </if>
        and A.isenabled=1
        order by A.id desc

        <if test="notLimit == nul and offset!=null and pageSize!=null">
            limit #{offset}, #{pageSize}
        </if>
    </select>

    <!-- 获取总记录数 -->
    <select id="getTotals" resultType="java.lang.Long">
   	select count(1) as totalCount from GL_Teacher where 1=1 
  </select>

    <!-- 根据参数获取总记录数 -->
    <select id="getTotalsByPars" resultType="java.lang.Long" parameterType="java.util.Map">
        select count(1) as totalCount
        from gl_teacher as A left join gl_school as B on A.schoolId=B.id
        where A.isenabled=1
        <if test="tname != null">
            and (A.tname like CONCAT('%',#{tname},'%') or A.phone like CONCAT('%',#{tname},'%'))
        </if>
        <if test="sex != null">
            and A.sex = #{sex}
        </if>

        <if test="bdate_start != null">
            and A.bdate &gt;= #{bdate_start}
        </if>
        <if test="bdate_end != null">
            and A.bdate &lt;= #{bdate_end}
        </if>

        <if test="createTime_start != null">
            and A.createTime &gt;= #{createTime_start}
        </if>
        <if test="createTime_end != null">
            and A.createTime &lt; #{createTime_end}
        </if>

        <if test="nature != null">
            and A.nature = #{nature}
        </if>

        <if test="xstatus != null">
            and A.xstatus = #{xstatus}
        </if>

        <if test="ttype != null">
            and A.ttype = #{ttype}
        </if>

        <if test="rightCondition != null">
            ${rightCondition}
        </if>

    </select>


    <!-- 获取最大ID -->
    <select id="getMaxID" resultType="java.lang.Long">
   	select max(id) as maxId from GL_Teacher where 1=1 
  </select>

    <insert id="insert" useGeneratedKeys="true" keyProperty="id" parameterType="com.cmw.entity.TeacherEntity">
      insert into GL_Teacher (attachId,schoolId,intro,
      ttype,nature,xstatus,imgPath,bdate,phone,sex,tname,creator,createTime,orgid,deptId,isenabled,remark,wonderful)
    values (#{attachId,jdbcType=BIGINT},#{schoolId,jdbcType=BIGINT},#{intro,jdbcType=VARCHAR},
    #{ttype,jdbcType=TINYINT},#{nature,jdbcType=TINYINT},#{xstatus,jdbcType=TINYINT},#{imgPath,jdbcType=VARCHAR},
    #{bdate,jdbcType=DATE},#{phone,jdbcType=VARCHAR},#{sex,jdbcType=TINYINT},#{tname,jdbcType=VARCHAR},
    #{creator,jdbcType=BIGINT},#{createTime,jdbcType=TIMESTAMP},#{orgid,jdbcType=BIGINT},#{deptId,jdbcType=BIGINT},
    #{isenabled,jdbcType=TINYINT},#{remark,jdbcType=VARCHAR},#{wonderful,jdbcType=VARCHAR})

  </insert>

    <insert id="batchInsert" parameterType="List" useGeneratedKeys="true" keyProperty="id">
        insert into GL_Teacher
        (attachId,intro,ttype,nature,xstatus,imgPath,bdate,phone,sex,tname,creator,createTime,orgid,deptId,isenabled,remark)
        values
        <foreach item="item" collection="list" separator=",">
            (#{attachId,jdbcType=BIGINT},#{schoolId,jdbcType=BIGINT},#{intro,jdbcType=VARCHAR},#{ttype,jdbcType=TINYINT},#{nature,jdbcType=TINYINT},#{xstatus,jdbcType=TINYINT},#{imgPath,jdbcType=VARCHAR},#{bdate,jdbcType=DATE},#{phone,jdbcType=VARCHAR},#{sex,jdbcType=TINYINT},#{tname,jdbcType=VARCHAR},#{creator,jdbcType=BIGINT},#{createTime,jdbcType=TIMESTAMP},#{orgid,jdbcType=BIGINT},#{deptId,jdbcType=BIGINT},#{isenabled,jdbcType=TINYINT},#{remark,jdbcType=VARCHAR})
        </foreach>

    </insert>

    <update id="update" parameterType="com.cmw.entity.TeacherEntity">
        update GL_Teacher
        <set>
            <!-- 老师头像附件ID -->
            <if test="attachId != null">
                attachId = #{attachId,jdbcType=BIGINT},
            </if>
            <!-- 所属校区ID -->
            <if test="schoolId != null">
                schoolId = #{schoolId,jdbcType=BIGINT},
            </if>
            <!-- 教师介绍 -->
            <if test="intro != null">
                intro = #{intro,jdbcType=VARCHAR},
            </if>
            <!-- 教师角色 -->
            <if test="ttype != null">
                ttype = #{ttype,jdbcType=VARCHAR},
            </if>
            <!-- 工作性质 -->
            <if test="nature != null">
                nature = #{nature,jdbcType=TINYINT},
            </if>
            <!-- 在职状态 -->
            <if test="xstatus != null">
                xstatus = #{xstatus,jdbcType=TINYINT},
            </if>
            <!-- 老师头像 -->
            <if test="imgPath != null">
                imgPath = #{imgPath,jdbcType=VARCHAR},
            </if>
            <!-- 出生日期 -->
            <if test="bdate != null">
                bdate = #{bdate,jdbcType=DATE},
            </if>
            <!-- 手机 -->
            <if test="phone != null">
                phone = #{phone,jdbcType=VARCHAR},
            </if>
            <!-- 性别 -->
            <if test="sex != null">
                sex = #{sex,jdbcType=TINYINT},
            </if>
            <!-- 姓名 -->
            <if test="tname != null">
                tname = #{tname,jdbcType=VARCHAR},
            </if>
            <!-- 可用标识 -->
            <if test="isenabled != null">
                isenabled = #{isenabled,jdbcType=TINYINT},
            </if>
            <!-- 修改日期 -->
            <if test="modifytime != null">
                modifytime = #{modifytime,jdbcType=TIMESTAMP},
            </if>
            <!-- 修改人 -->
            <if test="modifier != null">
                modifier = #{modifier,jdbcType=BIGINT},
            </if>
            <!-- 备注 -->
            <if test="remark != null">
                remark = #{remark,jdbcType=VARCHAR},
            </if>
            <!-- 精彩瞬间照片 -->
            <if test="wonderful != null">
                wonderful = #{wonderful,jdbcType=VARCHAR},
            </if>
        </set>
        where id = #{id,jdbcType=INTEGER}
    </update>

    <update id="updateByPars" parameterType="map">
        update GL_Teacher
        <set>
            <!-- 所属校区ID -->
            <if test="schoolId != null">
                attachId = #{schoolId,jdbcType=BIGINT},
            </if>
            <!-- 老师头像附件ID -->
            <if test="attachId != null">
                attachId = #{attachId,jdbcType=BIGINT},
            </if>
            <!-- 教师介绍 -->
            <if test="intro != null">
                intro = #{intro,jdbcType=VARCHAR},
            </if>
            <!-- 教师角色 -->
            <if test="ttype != null">
                ttype = #{ttype,jdbcType=VARCHAR},
            </if>
            <!-- 工作性质 -->
            <if test="nature != null">
                nature = #{nature,jdbcType=TINYINT},
            </if>
            <!-- 在职状态 -->
            <if test="xstatus != null">
                xstatus = #{xstatus,jdbcType=TINYINT},
            </if>
            <!-- 老师头像 -->
            <if test="imgPath != null">
                imgPath = #{imgPath,jdbcType=VARCHAR},
            </if>
            <!-- 出生日期 -->
            <if test="bdate != null">
                bdate = #{bdate,jdbcType=DATE},
            </if>
            <!-- 手机 -->
            <if test="phone != null">
                phone = #{phone,jdbcType=VARCHAR},
            </if>
            <!-- 性别 -->
            <if test="sex != null">
                sex = #{sex,jdbcType=TINYINT},
            </if>
            <!-- 姓名 -->
            <if test="tname != null">
                tname = #{tname,jdbcType=VARCHAR},
            </if>
            <!-- 可用标识 -->
            <if test="isenabled != null">
                isenabled = #{isenabled,jdbcType=TINYINT},
            </if>
            <!-- 修改日期 -->
            <if test="modifytime != null">
                modifytime = #{modifytime,jdbcType=TIMESTAMP},
            </if>
            <!-- 修改人 -->
            <if test="modifier != null">
                modifier = #{modifier,jdbcType=BIGINT},
            </if>
            <!-- 备注 -->
            <if test="remark != null">
                remark = #{remark,jdbcType=VARCHAR},
            </if>
            <!-- 精彩瞬间照片 -->
            <if test="wonderful != null">
                wonderful = #{wonderful,jdbcType=VARCHAR},
            </if>

        </set>
        where 1=1
        <!-- where 条件参数必须加上 par_+wherePars参数key -->

        <if test="par_id != null">
            and id = #{par_id}
        </if>
    </update>


    <update id="batchUpdate" parameterType="java.util.List">
        <foreach collection="list" item="item" index="index" open="" close="" separator=";">
            update GL_Teacher
            <set>
                <!-- 所属校区ID -->
                <if test="schoolId != null">
                    attachId = #{schoolId,jdbcType=BIGINT},
                </if>
                <!-- 老师头像附件ID -->
                <if test="attachId != null">
                    attachId = #{attachId,jdbcType=BIGINT},
                </if>
                <!-- 教师介绍 -->
                <if test="intro != null">
                    intro = #{intro,jdbcType=VARCHAR},
                </if>
                <!-- 教师角色 -->
                <if test="ttype != null">
                    ttype = #{ttype,jdbcType=TINYINT},
                </if>
                <!-- 工作性质 -->
                <if test="nature != null">
                    nature = #{nature,jdbcType=TINYINT},
                </if>
                <!-- 在职状态 -->
                <if test="xstatus != null">
                    xstatus = #{xstatus,jdbcType=TINYINT},
                </if>
                <!-- 老师头像 -->
                <if test="imgPath != null">
                    imgPath = #{imgPath,jdbcType=VARCHAR},
                </if>
                <!-- 出生日期 -->
                <if test="bdate != null">
                    bdate = #{bdate,jdbcType=DATE},
                </if>
                <!-- 手机 -->
                <if test="phone != null">
                    phone = #{phone,jdbcType=VARCHAR},
                </if>
                <!-- 性别 -->
                <if test="sex != null">
                    sex = #{sex,jdbcType=TINYINT},
                </if>
                <!-- 姓名 -->
                <if test="tname != null">
                    tname = #{tname,jdbcType=VARCHAR},
                </if>
                <!-- 可用标识 -->
                <if test="isenabled != null">
                    isenabled = #{isenabled,jdbcType=TINYINT},
                </if>
                <!-- 修改日期 -->
                <if test="modifytime != null">
                    modifytime = #{modifytime,jdbcType=TIMESTAMP},
                </if>
                <!-- 修改人 -->
                <if test="modifier != null">
                    modifier = #{modifier,jdbcType=BIGINT},
                </if>
                <!-- 备注 -->
                <if test="remark != null">
                    remark = #{remark,jdbcType=VARCHAR},
                </if>
            </set>
            where id = #{item.id,jdbcType=INTEGER}
        </foreach>
    </update>

    <delete id="delete" parameterType="java.lang.Long">
    delete from GL_Teacher
    where id = #{id,jdbcType=INTEGER}
  </delete>

    <!-- 根据指定的参数，删除实体 -->
    <delete id="deleteByPars" parameterType="map">
        delete from GL_Teacher
        where 1=1

        <if test="id != null">
            and id = #{id,jdbcType=INTEGER}
        </if>

        <if test="name != null">
            and name like '%' || #{name,jdbcType=VARCHAR} || '%'
        </if>
        <if test="phone != null">
            and phone = #{name,jdbcType=VARCHAR}
        </if>
    </delete>

    <delete id="deleteByIds">
    delete from GL_Teacher
    where id in (${ids})
  </delete>

    <!-- 删除所有数据 -->
    <delete id="deleteAll">
    delete from GL_Teacher
  </delete>

    <!-- 根据ID禁用或启用数据-->
    <update id="enabled">
        update GL_Teacher
        <set>
            isenabled = #{isenabled,jdbcType=INTEGER}
        </set>
        where id=#{id,jdbcType=INTEGER}
    </update>

    <!-- 根据ID禁用或启用数据-->
    <update id="enabledByPars" parameterType="map">
        update GL_Teacher
        <set>
            isenabled = #{isenabled,jdbcType=INTEGER}
        </set>
        where 1=1

        <if test="id != null">
            and id = #{id,jdbcType=INTEGER}
        </if>

    </update>

    <!-- 根据多个ID禁用或启用数据-->
    <update id="enabledByIds">
        update GL_Teacher
        <set>
            isenabled = #{isenabled,jdbcType=INTEGER}
        </set>
        where id in (${ids})
    </update>

    <!--
        获取教师 ==> 下拉框
        @Author 肖家添
        @Date 2019/6/4 16:38
    -->
    <select id="getTeacherForSelect" resultType="java.util.Map" parameterType="java.util.Map">
        select *
        from gl_teacher as A
        where isenabled = 1
        <if test="teacherId != null and teacherId != ''">
            and id = #{teacherId}
        </if>
    </select>

</mapper>
