<?xml version="1.0" encoding="UTF-8" ?>
<!DOCTYPE mapper PUBLIC "-//mybatis.org//DTD Mapper 3.0//EN" "http://mybatis.org/dtd/mybatis-3-mapper.dtd" >
<mapper namespace="com.cmw.dao.TempPlanDao">
    <resultMap id="BaseResultMap" type="com.cmw.entity.TempPlanEntity">
        <id column="id" property="id" jdbcType="BIGINT"/>
        <!-- 应到人数 -->
        <result column="xcount" property="xcount" jdbcType="INTEGER"/>

        <!-- 实到人数 -->
        <result column="ycount" property="ycount" jdbcType="INTEGER"/>
        <!-- 状态 -->
        <result column="xstatus" property="xstatus" jdbcType="INTEGER"/>
        <!-- 班主任ID -->
        <result column="master" property="master" jdbcType="BIGINT"/>
        <!-- 教练ID -->
        <result column="coach" property="coach" jdbcType="BIGINT"/>

        <!-- 旧教练 -->
        <result column="oldCoach" property="oldCoach" jdbcType="BIGINT"/>

        <!-- 下课开始时间 -->
        <result column="endTime" property="endTime" jdbcType="TIMESTAMP"/>
        <!-- 上课开始时间 -->
        <result column="startTime" property="startTime" jdbcType="TIMESTAMP"/>
        <!-- 课次类型 -->
        <result column="ctype" property="ctype" jdbcType="INTEGER"/>
        <!-- 班级ID -->
        <result column="classId" property="classId" jdbcType="BIGINT"/>
        <!-- 创建人 -->
        <result column="creator" property="creator" jdbcType="BIGINT"/>
        <!-- 创建时间 -->
        <result column="createTime" property="createTime" jdbcType="TIMESTAMP"/>
        <!-- 创建机构 -->
        <result column="orgid" property="orgid" jdbcType="BIGINT"/>
        <!-- 创建部门 -->
        <result column="deptId" property="deptId" jdbcType="BIGINT"/>
        <!-- 可用标识 -->
        <result column="isenabled" property="isenabled" jdbcType="TINYINT"/>
        <!-- 修改日期 -->
        <result column="modifytime" property="modifytime" jdbcType="TIMESTAMP"/>
        <!-- 修改人 -->
        <result column="modifier" property="modifier" jdbcType="BIGINT"/>
        <!-- 备注 -->
        <result column="remark" property="remark" jdbcType="VARCHAR"/>

        <!-- 排课ID -->
        <result column="sid" property="sid" jdbcType="BIGINT"/>

    </resultMap>
    <sql id="Base_Column_List">
 	id,xstatus,master,coach,endTime,startTime,ctype,classId,creator,createTime,orgid,deptId,
 	isenabled,modifytime,modifier,remark,
	  xcount,ycount,sid
  </sql>

    <!-- 	获取没有生成上课记录或少生成上课记录的数据 -->
    <select id="getNoClassGoPlanIds" resultType="java.util.HashMap">
        select id from (
        select A.id,A.classId,A.xcount,(select count(1) from gl_classgo where isenabled=1 and planId=A.id) as tcount from gl_tempplan AS A where isenabled=1
        ) as X where (tcount=0 or xcount-tcount>0)
    </select>

    <select id="get" resultMap="BaseResultMap" parameterType="java.lang.Long">
        select
        <include refid="Base_Column_List"/>
        from GL_TempPlan
        where id = #{id,jdbcType=INTEGER}
    </select>

    <select id="getByPars" resultMap="BaseResultMap">
        select
        <include refid="Base_Column_List"/>
        from GL_TempPlan where 1=1
        <!--
            <if test="name != null" >
              and name like '%' || #{name,jdbcType=VARCHAR} || '%'
           </if>
            <if test="age != null" >
             and age = #{age}
           </if>
          -->
    </select>

    <select id="getList" resultMap="BaseResultMap">
        select
        <include refid="Base_Column_List"/>
        from GL_TempPlan where 1=1
        <!--
         <if test="name != null" >
             and name like '%' || #{name,jdbcType=VARCHAR} || '%'
          </if>
           <if test="age != null" >
            and age = #{age}
          </if>
         -->
    </select>


    <!-- 	PC端/微信端（上课记录）教师详情 根据老师ID找上课记录 -->
    <select id="getListMapByTeacherId" resultType="java.util.HashMap">
	  select A.id,A.classId,B.cname as className,C.cname as courseName,D.tname as coachName, E.tname as masterName,
	  CONCAT(DATE_FORMAT(A.startTime,'%Y-%m-%d %H:%i'),' - ',DATE_FORMAT(A.endTime,'%H:%i')) as betweenTime,
	  A.xcount,A.ycount,A.xstatus
	  from gl_tempplan as A inner JOIN gl_class as B on A.classId=B.id
		 inner join gl_course as C on B.courseId=C.id
		 left join gl_teacher as D on B.coach=D.id
		 left join gl_teacher as E on B.master=E.id
		where A.isenabled=1 and A.xstatus in (1,2)
        <if test="classId != null">
            and A.classId=#{classId}
        </if>

        <if test="teacherIds != null">
            AND (B.coach in (${teacherIds})  or  B.`master` in (${teacherIds}))
        </if>

        <if test="id != null">
            AND A.id = #{id}
        </if>
			order by A.id desc
	</select>


    <select id="getListMapByClassId" resultType="java.util.HashMap">
	  select A.id,A.classId,C.cname as courseName,D.tname as coachName, E.tname as masterName,
	  CONCAT(DATE_FORMAT(A.startTime,'%Y-%m-%d %H:%i'),' - ',DATE_FORMAT(A.endTime,'%H:%i')) as betweenTime,
	  A.xcount,A.ycount,A.xstatus
	  from gl_tempplan as A inner JOIN gl_class as B on A.classId=B.id
		 inner join gl_course as C on B.courseId=C.id
		 left join gl_teacher as D on B.coach=D.id
		 left join gl_teacher as E on B.master=E.id
		where A.isenabled=1 and A.xstatus in (1,2)
			and A.classId=#{classId}
			order by A.id desc
	</select>

    <!--
        获取课次详情
        @Author 肖家添
        @Date 2019/5/17 10:57
    -->
    <select id="getTempPlanDetail" resultType="java.util.HashMap">
        <if test="tempPlanId != null">
            select gcs.cname as className, gce.cname as courseName,
            date_format(gtn.startTime, '%Y-%m-%d %H:%i:%s') as startTime,
            date_format(gtn.endTime, '%Y-%m-%d %H:%i:%s') as endTime,
            (
                select tname from gl_teacher where id = gtn.master and ttype = 1 limit 1
            ) as master,
            (
                select tname from gl_teacher where id = gtn.coach and ttype = 2 limit 1
            ) as coach,
            gce.describes
            from gl_course gce
            inner join gl_class gcs on gcs.courseId = gce.id
            inner join gl_tempplan gtn on gtn.classId = gcs.id
            where gtn.id = #{tempPlanId}
        </if>
    </select>

    <!--
        获取课程表中的课程
        @Author 肖家添
        @Date 2019/6/4 18:21
    -->
    <select id="getTempPlanByClassScheduleCard" parameterType="java.util.Map" resultType="java.util.Map">
        select gce.cname as courseName, CONCAT(gtr_01.tname, '(教)') as coachName, CONCAT(gtr_02.tname, '(班)') as masterName
        from gl_tempplan gtn
        inner join gl_class gcs on gcs.id = gtn.classId
        inner join gl_course gce on gce.id = gcs.courseId
        left join gl_teacher gtr_01 on gtr_01.id = gtn.coach
        left join gl_teacher gtr_02 on gtr_02.id = gtn.`master`
        where gcs.isenabled = 1
        and gce.isenabled = 1
        and gtn.isenabled = 1
        <if test="startTime != null and startTime != '' and startTime_timeFormat != null">
            and date_format(gtn.startTime, #{startTime_timeFormat}) = date_format(#{startTime}, #{startTime_timeFormat})
        </if>
        <if test="courseId != null and courseId != ''">
            and gce.id = #{courseId}
        </if>
        <if test="teacherId != null and teacherId != ''">
            and (gtn.coach = #{teacherId} or gtn.master = #{teacherId})
        </if>
    </select>

    <select id="getListMap" resultType="java.util.HashMap">
        select A.id,A.startTime,A.endTime,CONCAT(A.startTime,' - ',DATE_FORMAT(A.endTime,'%H:%i')) as setime,
        B.cname as classsName,A.classId,A.xstatus,
        C.tname as coachName, D.tname as masterName,B.address,E.cname as courseName, E.id as courseId,
        ifnull((select count(1) from gl_classgo where isenabled=1 and planId=A.id), 0) AS scount,
        A.coach,
        (case DATE_FORMAT(A.startTime,'%w')
        when 1 then '周一'
        when 2 then '周二'
        when 3 then '周三'
        when 4 then '周四'
        when 5 then '周五'
        when 6 then '周六'
        else '周天' end) as wday,
        DATE_FORMAT(A.startTime,'%m-%d') as simpleCreateTime,
        CONCAT(DATE_FORMAT(A.startTime,'%H:%i'),' - ',DATE_FORMAT(A.endTime,'%H:%i')) as betweenTime,
        F.id as coursePlanId
        from gl_tempplan as A left join gl_class as B on A.classId=B.id
        left join gl_teacher as C on A.coach=C.id
        left join gl_teacher as D on A.master=D.id
        left join gl_course as E on B.courseId=E.id
        left join gl_coursePlan as F on (F.isenabled=1 and F.formType=2 and F.formId=A.id)
        where A.isenabled=1
        <!-- 日期查询 -->
        <if test="startTime != null">
            and DATE_FORMAT(A.startTime,'%Y-%m-%d') = DATE_FORMAT(#{startTime},'%Y-%m-%d')
        </if>

        <!-- 状态 -->
        <if test="xstatus != null">
            and A.xstatus = #{xstatus}
        </if>

        <!-- 已开课的所有课程 -->
        <if test="xtag != null and xtag == 'finish'">
            and A.xstatus != 0
        </if>

        <!-- 班级名称 -->
        <if test="className != null">
            and B.cname like CONCAT('%',#{className},'%')
        </if>


        <!-- 当前用户班主任ID -->
        <if test="masterId != null">
            and  A.master=#{masterId}
        </if>

        <!-- 当前用户教练ID -->
        <if test="coachId != null">
            and  A.coach=#{coachId}
        </if>

        <!-- 当前用户 -->
        <if test="userId != null">
            and
            (
              A.coach=(select inempId from ts_user where userId=#{userId})
              or
              A.master=(select inempId from ts_user where userId=#{userId})
            )
        </if>

        <!-- 当前用户是校长时，用学校ID查询 -->
        <if test="schoolId != null">
           and C.schoolId=#{schoolId} or D.schoolId=#{schoolId}
        </if>

        <if test="right_userId != null and right_teacherId != null and right_teacherSchoolId != null">
            and
            (
                <!-- 学校ID -->
                <if test="schoolId != null">
                    C.schoolId=#{schoolId} or D.schoolId=#{schoolId} or
                </if>
                (
                    B.`master` in (
                        select distinct gtr.id
                        from gl_teacher gtr
                        inner join ts_user tur on ( tur.inempId = gtr.id and tur.isenabled = 1 )
                        where gtr.isenabled = 1
                        and (gtr.creator = #{right_userId} or gtr.schoolId = #{right_teacherSchoolId})
                    )
                    or
                    B.`master` = #{right_teacherId}
                )
                or
                (
                    B.`coach` in (
                        select distinct gtr.id
                        from gl_teacher gtr
                        inner join ts_user tur on ( tur.inempId = gtr.id and tur.isenabled = 1 )
                        where gtr.isenabled = 1
                        and (gtr.creator = #{right_userId} or gtr.schoolId = #{right_teacherSchoolId})
                    )
                    or
                    B.`coach` = #{right_teacherId}
                )
            )
        </if>

        <choose>
            <when test="xtag != null and xtag == 'finish'">
                order by A.startTime desc,id desc
            </when>
            <otherwise>
                order by A.id
            </otherwise>
        </choose>

    </select>


    <select id="getListAll" resultMap="BaseResultMap">
        select
        <include refid="Base_Column_List"/>
        from GL_TempPlan where 1=1
    </select>


    <select id="getPageByPars" resultType="java.util.Map">
        select
        <include refid="Base_Column_List"/>
        from GL_TempPlan where 1=1
        <!--
           <if test="name != null" >
           and name like '%' || #{name,jdbcType=VARCHAR} || '%'
        </if>
         <if test="age != null" >
          and age = #{age}
        </if>
       -->

        <if test="rightCondition != null">
            ${rightCondition}
        </if>

        order by id desc
        <if test="offset!=null and pageSize!=null">
            limit #{offset},#{pageSize}
        </if>
    </select>

    <select id="getLastDate" resultType="java.util.Date">
  		select max(endTime) as endTime from gl_tempplan where classId=#{classId} order by endTime desc
  </select>

    <!-- 获取最大ID -->
    <select id="exist" resultType="java.lang.Long">
		select count(1) as tcount from gl_tempplan
		where isenabled = 1
		and DATE_FORMAT(startTime, '%Y-%m-%d') = DATE_FORMAT(#{startTime}, '%Y-%m-%d')
		and endTime &lt;= #{endTime}
		and xstatus = 0
		and classId = #{classId}
  </select>


    <!-- 排课设置删除时，检查是否有已经开始上过的课程 -->
    <select id="getFinshCount" resultType="java.lang.Long">
   	select count(1) as totalCount from GL_TempPlan
   	where isenabled=1 and xstatus != 0 and sid = #{sid}
  </select>

    <!-- 获取总记录数 -->
    <select id="getTotals" resultType="java.lang.Long">
   	select count(1) as totalCount from GL_TempPlan
   	where isenabled=1 and xstatus = #{xstatus} and classId = #{classId}
  </select>

    <!-- 根据参数获取总记录数 -->
    <select id="getTotalsByPars" resultType="java.lang.Long" parameterType="java.util.Map">
   	select count(1) as totalCount from GL_TempPlan
	  where xstatus = #{xstatus} and classId = #{classId}
  </select>


    <!-- 获取最大ID -->
    <select id="getMaxID" resultType="java.lang.Long">
   	select max(id) as maxId from GL_TempPlan where 1=1
  </select>

    <insert id="insert" useGeneratedKeys="true" keyProperty="id" parameterType="com.cmw.entity.TempPlanEntity">
      insert into GL_TempPlan (xstatus,master,coach,endTime,startTime,
      ctype,classId,sid,creator,createTime,orgid,
      deptId,isenabled,remark,xcount,ycount,oldCoach)
    values (#{xstatus,jdbcType=INTEGER},#{master,jdbcType=BIGINT},#{coach,jdbcType=BIGINT},
    #{endTime,jdbcType=TIMESTAMP},#{startTime,jdbcType=TIMESTAMP},#{ctype,jdbcType=INTEGER},
    #{classId,jdbcType=BIGINT},#{sid,jdbcType=BIGINT},#{creator,jdbcType=BIGINT},
    #{createTime,jdbcType=TIMESTAMP},#{orgid,jdbcType=BIGINT},#{deptId,jdbcType=BIGINT},
    #{isenabled,jdbcType=TINYINT},#{remark,jdbcType=VARCHAR},
    #{xcount,jdbcType=INTEGER},#{ycount,jdbcType=INTEGER},
   #{oldCoach} )
  </insert>

    <insert id="batchInsert" parameterType="List" useGeneratedKeys="true" keyProperty="id">
        insert into GL_TempPlan
        (xstatus,master,coach,endTime,startTime,ctype,classId,creator,createTime,orgid,deptId,isenabled,remark,oldCoach) values
        <foreach item="item" collection="list" separator=",">
            (#{xstatus,jdbcType=INTEGER},#{master,jdbcType=BIGINT},#{coach,jdbcType=BIGINT},
            #{endTime,jdbcType=TIMESTAMP},#{startTime,jdbcType=TIMESTAMP},#{ctype,jdbcType=INTEGER},
            #{classId,jdbcType=BIGINT},#{creator,jdbcType=BIGINT},#{createTime,jdbcType=TIMESTAMP},
            #{orgid,jdbcType=BIGINT},#{deptId,jdbcType=BIGINT},#{isenabled,jdbcType=TINYINT},#{remark,jdbcType=VARCHAR},
            #{xcount,jdbcType=INTEGER},#{ycount,jdbcType=INTEGER},
            #{oldCoach} )
        </foreach>
    </insert>

    <update id="update" parameterType="com.cmw.entity.TempPlanEntity">
        update GL_TempPlan
        <set>

            <!-- 应到人数 -->
            <if test="xcount != null">
                xcount = #{xcount,jdbcType=INTEGER},
            </if>

            <!-- 实到人数 -->
            <if test="ycount != null">
                ycount = #{ycount,jdbcType=INTEGER},
            </if>
            <!-- 状态 -->
            <if test="xstatus != null">
                xstatus = #{xstatus,jdbcType=INTEGER},
            </if>
            <!-- 班主任ID -->
            <if test="master != null">
                master = #{master,jdbcType=BIGINT},
            </if>
            <!-- 教练ID -->
            <if test="coach != null">
                coach = #{coach,jdbcType=BIGINT},
            </if>
            <!-- 旧教练 -->
            <if test="oldCoach != null">
                oldCoach = #{oldCoach,jdbcType=BIGINT},
            </if>
            <!-- 下课开始时间 -->
            <if test="endTime != null">
                endTime = #{endTime,jdbcType=TIMESTAMP},
            </if>
            <!-- 上课开始时间 -->
            <if test="startTime != null">
                startTime = #{startTime,jdbcType=TIMESTAMP},
            </if>
            <!-- 课次类型 -->
            <if test="ctype != null">
                ctype = #{ctype,jdbcType=INTEGER},
            </if>
            <!-- 班级ID -->
            <if test="classId != null">
                classId = #{classId,jdbcType=BIGINT},
            </if>
            <!-- 可用标识 -->
            <if test="isenabled != null">
                isenabled = #{isenabled,jdbcType=TINYINT},
            </if>
            <!-- 修改日期 -->
            <if test="modifytime != null">
                modifytime = #{modifytime,jdbcType=TIMESTAMP},
            </if>
            <!-- 修改人 -->
            <if test="modifier != null">
                modifier = #{modifier,jdbcType=BIGINT},
            </if>
            <!-- 备注 -->
            <if test="remark != null">
                remark = #{remark,jdbcType=VARCHAR},
            </if>

        </set>
        where id = #{id,jdbcType=INTEGER}
    </update>

    <update id="updateByPars" parameterType="map">
        update GL_TempPlan
        <set>
            <!-- 应到人数 -->
            <if test="xcount != null">
                xcount = #{xcount,jdbcType=INTEGER},
            </if>

            <!-- 实到人数 -->
            <if test="ycount != null">
                ycount = #{ycount,jdbcType=INTEGER},
            </if>
            <!-- 状态 -->
            <if test="xstatus != null">
                xstatus = #{xstatus,jdbcType=INTEGER},
            </if>
            <!-- 班主任ID -->
            <if test="master != null">
                master = #{master,jdbcType=BIGINT},
            </if>
            <!-- 教练ID -->
            <if test="coach != null">
                coach = #{coach,jdbcType=BIGINT},
            </if>
            <!-- 旧教练 -->
            <if test="oldCoach != null">
                oldCoach = #{oldCoach,jdbcType=BIGINT},
            </if>
            <!-- 下课开始时间 -->
            <if test="endTime != null">
                endTime = #{endTime,jdbcType=TIMESTAMP},
            </if>
            <!-- 上课开始时间 -->
            <if test="startTime != null">
                startTime = #{startTime,jdbcType=TIMESTAMP},
            </if>
            <!-- 课次类型 -->
            <if test="ctype != null">
                ctype = #{ctype,jdbcType=INTEGER},
            </if>
            <!-- 班级ID -->
            <if test="classId != null">
                classId = #{classId,jdbcType=BIGINT},
            </if>
            <!-- 可用标识 -->
            <if test="isenabled != null">
                isenabled = #{isenabled,jdbcType=TINYINT},
            </if>
            <!-- 修改日期 -->
            <if test="modifytime != null">
                modifytime = #{modifytime,jdbcType=TIMESTAMP},
            </if>
            <!-- 修改人 -->
            <if test="modifier != null">
                modifier = #{modifier,jdbcType=BIGINT},
            </if>
            <!-- 备注 -->
            <if test="remark != null">
                remark = #{remark,jdbcType=VARCHAR},
            </if>

        </set>
        where 1=1
        <!-- where 条件参数必须加上 par_+wherePars参数key -->
        <!--
         <if test="par_id != null" >
           and id = #{par_id}
         </if>

        <if test="par_name != null" >
            and name like '%' || #{par_name,jdbcType=VARCHAR} || '%'
         </if>
          <if test="par_phone != null" >
           and phone = '${par_phone}'
         </if>
         -->
    </update>


    <update id="batchUpdate" parameterType="java.util.List">
        <foreach collection="list" item="item" index="index" open="" close="" separator=";">
            update GL_TempPlan
            <set>
                <!-- 应到人数 -->
                <if test="xcount != null">
                    xcount = #{xcount,jdbcType=INTEGER},
                </if>

                <!-- 实到人数 -->
                <if test="ycount != null">
                    ycount = #{ycount,jdbcType=INTEGER},
                </if>
                <!-- 状态 -->
                <if test="xstatus != null">
                    xstatus = #{xstatus,jdbcType=INTEGER},
                </if>
                <!-- 班主任ID -->
                <if test="master != null">
                    master = #{master,jdbcType=BIGINT},
                </if>
                <!-- 教练ID -->
                <if test="coach != null">
                    coach = #{coach,jdbcType=BIGINT},
                </if>
                <!-- 下课开始时间 -->
                <if test="endTime != null">
                    endTime = #{endTime,jdbcType=TIMESTAMP},
                </if>
                <!-- 上课开始时间 -->
                <if test="startTime != null">
                    startTime = #{startTime,jdbcType=TIMESTAMP},
                </if>
                <!-- 课次类型 -->
                <if test="ctype != null">
                    ctype = #{ctype,jdbcType=INTEGER},
                </if>
                <!-- 班级ID -->
                <if test="classId != null">
                    classId = #{classId,jdbcType=BIGINT},
                </if>
                <!-- 可用标识 -->
                <if test="isenabled != null">
                    isenabled = #{isenabled,jdbcType=TINYINT},
                </if>
                <!-- 修改日期 -->
                <if test="modifytime != null">
                    modifytime = #{modifytime,jdbcType=TIMESTAMP},
                </if>
                <!-- 修改人 -->
                <if test="modifier != null">
                    modifier = #{modifier,jdbcType=BIGINT},
                </if>
                <!-- 备注 -->
                <if test="remark != null">
                    remark = #{remark,jdbcType=VARCHAR},
                </if>

            </set>
            where id = #{item.id,jdbcType=INTEGER}
        </foreach>
    </update>

    <delete id="delete" parameterType="java.lang.Long">
    delete from GL_TempPlan
    where id = #{id,jdbcType=INTEGER}
  </delete>

    <!-- 根据指定的参数，删除实体 -->
    <delete id="deleteByPars" parameterType="map">
        delete from GL_TempPlan
        where 1=1

        <if test="id != null">
            and id = #{id,jdbcType=INTEGER}
        </if>

        <if test="name != null">
            and name like '%' || #{name,jdbcType=VARCHAR} || '%'
        </if>
        <if test="phone != null">
            and phone = #{name,jdbcType=VARCHAR}
        </if>
    </delete>

    <delete id="deleteByIds">
    delete from GL_TempPlan
    where id in (${ids})
  </delete>

    <!-- 删除所有数据 -->
    <delete id="deleteAll">
    delete from GL_TempPlan
  </delete>

    <!-- 根据ID禁用或启用数据-->
    <update id="enabled">
        update GL_TempPlan
        <set>
            isenabled = #{isenabled,jdbcType=INTEGER}
        </set>
        where id=#{id,jdbcType=INTEGER}
    </update>


    <select id="getDellIds" resultType="java.util.HashMap">
        select id from GL_TempPlan where isenabled != -1
        <if test="sid != null">
            and sid = #{sid,jdbcType=INTEGER}
        </if>
        <choose>
            <when test='typeDel == "0"'>  <!-- 删除当前时间以后的所有未上课的记录 -->
              and xstatus = 0 and startTime > #{currTime}
            </when>
            <when test='typeDel == "1"'>  <!-- 删除所有未上课的记录 -->
                and xstatus = 0
            </when>
        </choose>

    </select>

    <!-- 根据ID禁用或启用数据-->
    <update id="enabledByPars" parameterType="map">
        update GL_TempPlan
        <set>
            isenabled = #{isenabled,jdbcType=INTEGER}
        </set>
        where 1=1

        <if test="id != null">
            and id = #{id,jdbcType=INTEGER}
        </if>

        <if test="ids != null">
            and id in (${ids})
        </if>
    </update>

    <!-- 根据多个ID禁用或启用数据-->
    <update id="enabledByIds">
        update GL_TempPlan
        <set>
            isenabled = #{isenabled,jdbcType=INTEGER}
        </set>
        where id in (${ids})
    </update>

</mapper>
