<?xml version="1.0" encoding="UTF-8" ?>
<!DOCTYPE mapper PUBLIC "-//mybatis.org//DTD Mapper 3.0//EN" "http://mybatis.org/dtd/mybatis-3-mapper.dtd" >
<mapper namespace="com.cmw.dao.TransWaterDao" >
  <resultMap id="BaseResultMap" type="com.cmw.entity.TransWaterEntity" >
  	<id column="id" property="id" jdbcType="BIGINT" />
	<!-- 备注 -->
	<result column="remark" property="remark" jdbcType="VARCHAR"/>
	<!-- IP -->
	<result column="ip" property="ip" jdbcType="VARCHAR"/>
	<!-- 支付来源 -->
	<result column="psource" property="psource" jdbcType="INTEGER"/>
	<!-- 订单状态 -->
	<result column="xstatus" property="xstatus" jdbcType="INTEGER"/>
	<!-- 支付人 -->
	<result column="payer" property="payer" jdbcType="BIGINT"/>
	<!-- 交易日期 -->
	<result column="transDate" property="transDate" jdbcType="DATE"/>
	<!-- 报名ID -->
	<result column="enrollId" property="enrollId" jdbcType="BIGINT"/>

  </resultMap>
  <sql id="Base_Column_List" >
 	id,remark,ip,psource,xstatus,payer,transDate,enrollId
   <!-- id, name, age, phone-->
  </sql>
  
  <select id="get" resultMap="BaseResultMap" parameterType="java.lang.Long">
   	select 
   	 <include refid="Base_Column_List" />
    from GL_TransWater
    where id = #{id,jdbcType=INTEGER}
  </select>

  <select id="getByPars" resultMap="BaseResultMap">
   	select 
   	 <include refid="Base_Column_List" />
    from GL_TransWater where 1=1
      <!--
          <if test="name != null" >
            and name like '%' || #{name,jdbcType=VARCHAR} || '%'
         </if>
          <if test="age != null" >
           and age = #{age}
         </if>
        -->
  </select>
  
   <select id="getList" resultMap="BaseResultMap">
   	select 
   	 <include refid="Base_Column_List" />
    from GL_TransWater where 1=1 
    <!-- 
     <if test="name != null" >
         and name like '%' || #{name,jdbcType=VARCHAR} || '%'
      </if>
       <if test="age != null" >
        and age = #{age}
      </if>
     -->
  </select>
  
  <select id="getListMap" resultType="java.util.HashMap">
   	 select 
   	 <include refid="Base_Column_List" />
     from GL_TransWater where 1=1 
     <!-- 
   	 <if test="name != null" >
         and name like '%' || #{name,jdbcType=VARCHAR} || '%'
      </if>
       <if test="age != null" >
        and age = #{age}
      </if>
     -->
  </select>
  
  
  <select id="getListAll" resultMap="BaseResultMap">
   	select 
   	 <include refid="Base_Column_List" />
    from GL_TransWater where 1=1 
  </select>
  
  
  <select id="getPageByPars" resultMap="BaseResultMap">
   	select 
   	 <include refid="Base_Column_List" />
    from GL_TransWater where 1=1 
      <!-- 
   	  <if test="name != null" >
         and name like '%' || #{name,jdbcType=VARCHAR} || '%'
      </if>
       <if test="age != null" >
        and age = #{age}
      </if>
     -->
       order by id desc 
        <if test="offset!=null and pageSize!=null">  
	        limit #{offset},#{pageSize}
	    </if>
  </select>
  
  <!-- 获取总记录数 -->
  <select id="getTotals" resultType="java.lang.Long">
   	select count(1) as totalCount from GL_TransWater where 1=1 
  </select>
  
   <!-- 根据参数获取总记录数 -->
  <select id="getTotalsByPars" resultType="java.lang.Long" parameterType="java.util.Map">
   	select count(1) as totalCount from GL_TransWater where 1=1 
   	 <!-- 
     <if test="name != null" >
         and name like '%' || #{name,jdbcType=VARCHAR} || '%'
      </if>
       <if test="age != null" >
        and age = #{age}
      </if>
     -->
  </select>
  
  
  <!-- 获取最大ID -->
  <select id="getMaxID"  resultType="java.lang.Long">
   	select max(id) as maxId from GL_TransWater where 1=1 
  </select>
  
  <insert id="insert" useGeneratedKeys="true" keyProperty="id" parameterType="com.cmw.entity.TransWaterEntity" >
      insert into GL_TransWater (remark,ip,psource,xstatus,payer,transDate,enrollId)
    values (#{remark,jdbcType=VARCHAR},#{ip,jdbcType=VARCHAR},#{psource,jdbcType=INTEGER},#{xstatus,jdbcType=INTEGER},#{payer,jdbcType=BIGINT},#{transDate,jdbcType=DATE},#{enrollId,jdbcType=BIGINT})
    <!--
    insert into student (name, age, phone)
    values (#{name,jdbcType=VARCHAR}, #{age,jdbcType=INTEGER}, #{phone,jdbcType=VARCHAR})
    -->
  </insert>
  
  <insert id="batchInsert" parameterType="List" useGeneratedKeys="true" keyProperty="id">
	 insert into GL_TransWater (remark,ip,psource,xstatus,payer,transDate,enrollId) values
	  <foreach item="item" collection="list" separator=",">
	    (#{remark,jdbcType=VARCHAR},#{ip,jdbcType=VARCHAR},#{psource,jdbcType=INTEGER},#{xstatus,jdbcType=INTEGER},#{payer,jdbcType=BIGINT},#{transDate,jdbcType=DATE},#{enrollId,jdbcType=BIGINT})
	  </foreach>
	<!--
	  insert into GL_TransWater (name, age, phone) values
	  <foreach item="item" collection="list" separator=",">
	    (#{item.name}, #{item.age}, #{item.phone})
	  </foreach>
	  -->
  </insert>
  
   <update id="update" parameterType="com.cmw.entity.TransWaterEntity" >
    update GL_TransWater
    <set>
    			<!-- 备注 -->
		<if test="remark != null" >
		  remark = #{remark,jdbcType=VARCHAR},
		</if>
		<!-- IP -->
		<if test="ip != null" >
		  ip = #{ip,jdbcType=VARCHAR},
		</if>
		<!-- 支付来源 -->
		<if test="psource != null" >
		  psource = #{psource,jdbcType=INTEGER},
		</if>
		<!-- 订单状态 -->
		<if test="xstatus != null" >
		  xstatus = #{xstatus,jdbcType=INTEGER},
		</if>
		<!-- 支付人 -->
		<if test="payer != null" >
		  payer = #{payer,jdbcType=BIGINT},
		</if>
		<!-- 交易日期 -->
		<if test="transDate != null" >
		  transDate = #{transDate,jdbcType=DATE},
		</if>
		<!-- 报名ID -->
		<if test="enrollId != null" >
		  enrollId = #{enrollId,jdbcType=BIGINT},
		</if>

    <!--
      <if test="name != null" >
        name = #{name,jdbcType=VARCHAR},
      </if>
       <if test="age != null" >
        age = #{age,jdbcType=INTEGER},
      </if>
       <if test="phone != null" >
        phone = #{phone,jdbcType=VARCHAR},
      </if>
      -->
    </set>
    where id = #{id,jdbcType=INTEGER}
  </update>
  
   <update id="updateByPars" parameterType="map">
    update GL_TransWater
    <set>
     			<!-- 备注 -->
		<if test="remark != null" >
		  remark = #{remark,jdbcType=VARCHAR},
		</if>
		<!-- IP -->
		<if test="ip != null" >
		  ip = #{ip,jdbcType=VARCHAR},
		</if>
		<!-- 支付来源 -->
		<if test="psource != null" >
		  psource = #{psource,jdbcType=INTEGER},
		</if>
		<!-- 订单状态 -->
		<if test="xstatus != null" >
		  xstatus = #{xstatus,jdbcType=INTEGER},
		</if>
		<!-- 支付人 -->
		<if test="payer != null" >
		  payer = #{payer,jdbcType=BIGINT},
		</if>
		<!-- 交易日期 -->
		<if test="transDate != null" >
		  transDate = #{transDate,jdbcType=DATE},
		</if>
		<!-- 报名ID -->
		<if test="enrollId != null" >
		  enrollId = #{enrollId,jdbcType=BIGINT},
		</if>

    <!--
      <if test="name != null" >
        name = #{name,jdbcType=VARCHAR},
      </if>
       <if test="age != null" >
        age = #{age,jdbcType=INTEGER},
      </if>
       <if test="phone != null" >
        phone = #{phone,jdbcType=VARCHAR},
      </if>
      -->
    </set>
    where 1=1 
     <!-- where 条件参数必须加上 par_+wherePars参数key -->
     <!-- 
      <if test="par_id != null" >
        and id = #{par_id}
      </if>
       
     <if test="par_name != null" >
         and name like '%' || #{par_name,jdbcType=VARCHAR} || '%'
      </if>
       <if test="par_phone != null" >
        and phone = '${par_phone}'
      </if>
      -->
  </update>
  
  
  <update id="batchUpdate"  parameterType="java.util.List">  
      <foreach collection="list" item="item" index="index" open="" close="" separator=";">  
            update GL_TransWater   
            <set>  
            			<!-- 备注 -->
		<if test="remark != null" >
		  remark = #{remark,jdbcType=VARCHAR},
		</if>
		<!-- IP -->
		<if test="ip != null" >
		  ip = #{ip,jdbcType=VARCHAR},
		</if>
		<!-- 支付来源 -->
		<if test="psource != null" >
		  psource = #{psource,jdbcType=INTEGER},
		</if>
		<!-- 订单状态 -->
		<if test="xstatus != null" >
		  xstatus = #{xstatus,jdbcType=INTEGER},
		</if>
		<!-- 支付人 -->
		<if test="payer != null" >
		  payer = #{payer,jdbcType=BIGINT},
		</if>
		<!-- 交易日期 -->
		<if test="transDate != null" >
		  transDate = #{transDate,jdbcType=DATE},
		</if>
		<!-- 报名ID -->
		<if test="enrollId != null" >
		  enrollId = #{enrollId,jdbcType=BIGINT},
		</if>

			    <!--
			      <if test="name != null" >
			        name = #{name,jdbcType=VARCHAR},
			      </if>
			       <if test="age != null" >
			        age = #{age,jdbcType=INTEGER},
			      </if>
			       <if test="phone != null" >
			        phone = #{phone,jdbcType=VARCHAR},
			      </if>
			      -->
		    </set>
		    where id = #{item.id,jdbcType=INTEGER}
     </foreach>  
  </update>  
  
  <delete id="delete" parameterType="java.lang.Long" >
    delete from GL_TransWater
    where id = #{id,jdbcType=INTEGER}
  </delete>
  
  <!-- 根据指定的参数，删除实体 -->
  <delete id="deleteByPars" parameterType="map" >
    delete from GL_TransWater
     where 1=1 
     
      <if test="id != null" >
        and id = #{id,jdbcType=INTEGER}
      </if>
       
     <if test="name != null" >
        and name like '%' || #{name,jdbcType=VARCHAR} || '%'
      </if>
       <if test="phone != null" >
        and phone = #{name,jdbcType=VARCHAR}
      </if>
  </delete>
  
   <delete id="deleteByIds" >
    delete from GL_TransWater
    where id in (${ids})
  </delete>
  
  <!-- 删除所有数据 -->
  <delete id="deleteAll" >
    delete from GL_TransWater
  </delete>
  
  <!-- 根据ID禁用或启用数据-->
  <update id="enabled">
    update GL_TransWater
    <set>
        isenabled = #{isenabled,jdbcType=INTEGER}
    </set>
    where id=#{id,jdbcType=INTEGER}
  </update>
  
   <!-- 根据ID禁用或启用数据-->
  <update id="enabledByPars" parameterType="map">
    update GL_TransWater
    <set>
        isenabled = #{isenabled,jdbcType=INTEGER}
    </set>
     where 1=1 
    
      <if test="id != null" >
        and id = #{id,jdbcType=INTEGER}
      </if>
       
     <if test="name != null" >
         and name like '%' || #{name,jdbcType=VARCHAR} || '%'
      </if>
       <if test="phone != null" >
         and phone = #{name,jdbcType=VARCHAR}
      </if>
     
  </update>
  
   <!-- 根据多个ID禁用或启用数据-->
  <update id="enabledByIds">
    update GL_TransWater
    <set>
        isenabled = #{isenabled,jdbcType=INTEGER}
    </set>
    where id in (${ids})
  </update>
  
</mapper>
