<?xml version="1.0" encoding="UTF-8" ?>
<!DOCTYPE mapper PUBLIC "-//mybatis.org//DTD Mapper 3.0//EN" "http://mybatis.org/dtd/mybatis-3-mapper.dtd" >
<mapper namespace="com.cmw.dao.WxHomeDao">

    <!--***** 校长首页  CODE START *******-->
    <!-- 首页 本月收入 上月收入  -->
    <select id="getIncomeByMonth" resultType="java.lang.Double" parameterType="java.util.Map">
	select round(sum(A.payPrice),2) as t_payPrice from gl_order as A
	where A.isenabled=1 and A.xstatus=1
	and (DATE_FORMAT(A.payDate,'%Y-%m')  =DATE_FORMAT(#{currDate},'%Y-%m'))
	 and A.deptId = #{indeptId}
	</select>

    <!-- 首页 待跟进人数  (本周)  -->
    <select id="getXCountByWeek" resultType="java.lang.Integer" parameterType="java.util.Map">
        SELECT count(1) as t_count
        FROM gl_student as A
        WHERE A.isenabled=1 and A.xstatus=0
        and A.createTime &gt;= #{monday} and A.createTime &lt; #{tomorrow}
	    and
	    (
	        A.deptId = #{indeptId}
	        or
	        (
	            A.creator in (
	                select userId from ts_user where isenabled=1 and creator = #{userId}
                ) or A.creator = #{userId}
	        )
	    )
	</select>

    <!-- 首页 跟进中人数  (本周) -->
    <select id="getYCountByWeek" resultType="java.lang.Integer" parameterType="java.util.Map">
        SELECT count(1) as t_count
        FROM gl_student as A left join (
            select max(createTime) as createTime,studentId
            from gl_followup where isenabled=1 and xstatus=1 group by studentId
	    ) as B on A.id=B.studentId
	    WHERE A.isenabled=1 and A.xstatus=1
	    and B.createTime &gt;= #{monday} and B.createTime &lt; #{tomorrow}
	    and
        (
            A.deptId = #{indeptId}
            or
            (
                A.creator in (
                    select userId from ts_user where isenabled=1 and creator = #{userId}
                ) or A.creator = #{userId}
            )
        )
	</select>

    <!-- 首页 体验人数 (本周) -->
    <select id="getTasteCountByWeek" resultType="java.lang.Integer" parameterType="java.util.Map">
        select count(1) as t_count
        from gl_taste as B
        where B.isenabled=1
        and B.createTime &gt;= #{monday} and B.createTime &lt; #{tomorrow}
		and
        (
            B.deptId = #{indeptId}
            or
            (
                B.studentId in (
                    select id from gl_student gst where
                    (
                        gst.creator in
                        (
                            select userId from ts_user where isenabled=1 and creator = #{userId}
                        )
                        or gst.creator = #{userId}
                    )
                )
            )
        )
	</select>

    <!-- 首页 缴费人数 (本周) -->
    <select id="getBuyCountByWeek" resultType="java.lang.Integer" parameterType="java.util.Map">
        select count(DISTINCT studentId) as t_count from gl_enroll as B where isenabled=1 and xstatus=1
        and B.createTime &gt;= #{monday} and B.createTime &lt; #{tomorrow}
        and B.deptId = #{indeptId}
	</select>

    <!-- 首页本周课消金额 (本周)   -->
    <select id="getUseCountByWeek" resultType="java.lang.Integer" parameterType="java.util.Map">
        select round(sum(price),2) as useAmount from (
        <choose>
            <when test="utype == 5">    <!-- 普通用户、班主任、销售 -->
                select DISTINCT A.id,B.price from gl_classgo as A INNER JOIN gl_enroll as B on (A.studentId=B.studentId
                and A.courseId=B.courseId)
                where A.isenabled=1 and A.cupHours != 2 and A.xstatus &gt; 0 and AND A.goTime  &gt;= #{monday} AND A.goTime &lt; #{tomorrow} and B.creator=#{creator}
            </when>
            <when test="utype == 4">    <!-- 教练 -->
                select DISTINCT A.id,B.price from gl_classgo as A INNER JOIN gl_enroll as B on (A.studentId=B.studentId
                and A.courseId=B.courseId)
                inner join gl_class as C on C.id=A.classId
                where A.isenabled=1 and A.cupHours != 2 and A.xstatus &gt; 0 aAND A.goTime  &gt;= #{monday} AND A.goTime &lt; #{tomorrow} and C.coach=#{inempId}
            </when>
            <when test="utype == 2">    <!-- 校长 -->
                select DISTINCT A.id,B.price from gl_classgo as A INNER JOIN gl_enroll as B on (A.studentId=B.studentId
                and A.courseId=B.courseId)
                where A.isenabled=1 and A.cupHours != 2 and A.xstatus &gt; 0
                AND A.goTime  &gt;= #{monday} AND A.goTime &lt; #{tomorrow} and B.deptId=#{deptId}
            </when>
            <otherwise><!-- 超级管理员或区域管理员 -->
                select DISTINCT A.id,B.price from gl_classgo as A INNER JOIN gl_enroll as B on (A.studentId=B.studentId
                and A.courseId=B.courseId)
                where A.isenabled=1 and A.cupHours != 2 and A.xstatus &gt; 0
                AND A.goTime  &gt;= #{monday} AND A.goTime &lt; #{tomorrow}
            </otherwise>
        </choose>
        <if test="schoolId != null">  <!-- 指定校区 -->
            AND B.deptId = #{schoolId}
        </if>
        ) as A
	</select>

    <!-- 首页 本周上课人次 -->
    <select id="getStudyCountByWeek" resultType="java.lang.Integer" parameterType="java.util.Map">
        select count(1) as t_count
        from gl_classgo as A
        inner join gl_class as B on (A.classId=B.id and B.isenabled = 1)
        where A.isenabled = 1
        and A.goTime &gt;= #{monday} and A.goTime &lt; #{tomorrow}

        <!-- and B.deptId = #{indeptId} -->

        <!-- 校长 -->
        <if test="userType == 2">
            and (B.sid = #{indeptId})
        </if>
    </select>

    <!-- 首页 本周上课老师 -->
    <select id="getSpTeacherCountByWeek" resultType="java.lang.Integer" parameterType="java.util.Map">
        select count(DISTINCT(coach)) as t_count
        from gl_classgo as A
        inner join gl_class as B on (A.classId=B.id and B.isenabled = 1)
        where A.isenabled=1
        and A.goTime &gt;= #{monday} and A.goTime &lt; #{tomorrow}

        <!-- and B.deptId = #{indeptId} -->

        <!-- 校长 -->
        <if test="userType == 2">
            and (B.sid = #{indeptId})
        </if>
    </select>

    <!-- 首页 本周课次安排 -->
    <select id="getTplanCountByWeek" resultType="java.lang.Integer" parameterType="java.util.Map">
	    select count(1) as t_count
        from gl_tempplan as A
        inner join gl_class as B on (A.classId=B.id and B.isenabled = 1)
	    where A.isenabled=1
	    and A.startTime &gt;= #{monday} and A.startTime &lt; #{tomorrow}

		<!-- and B.deptId = #{indeptId} -->

        <!-- 校长 -->
        <if test="userType == 2">
            and (B.sid = #{indeptId})
        </if>
	</select>

    <!-- 首页 本周已上课人数 -->
    <select id="getFinishStudyByWeek" resultType="java.lang.Integer" parameterType="java.util.Map">
	select count(1) as t_count from
	gl_classgo as A  inner join gl_class as B on (A.classId=B.id and B.isenabled = 1)
	where A.isenabled=1 and A.xstatus in (1,2)
	and A.goTime &gt;= #{monday} and A.goTime &lt; #{tomorrow}

	<!-- and B.deptId = #{indeptId} -->

        <!-- 校长 -->
        <if test="userType == 2">
            and (B.sid = #{indeptId})
        </if>
	</select>


    <!-- 首页 本周续签订单数  首页 本周复购率 = 本周续签 / 本周下单-->
    <select id="getRepeatOrderByWeek" resultType="java.lang.Integer" parameterType="java.util.Map">
		select count(1) as t_count  from gl_order A
		where A.isenabled=1 and A.xstatus=1 and A.otype in (1,2)
		and A.createTime &gt;= #{monday} and A.createTime &lt; #{tomorrow}
		 and A.deptId = #{indeptId}
	</select>


    <!-- 首页 本周下订单数 首页 本周复购率 = 本周续签 / 本周下单-->
    <select id="getOrderByWeek" resultType="java.lang.Integer" parameterType="java.util.Map">
		select count(1) as t_count  from gl_order A
		where A.isenabled=1 and A.xstatus=1
		 and A.createTime &gt;= #{monday} and A.createTime &lt; #{tomorrow}
 		 and A.deptId = #{indeptId}
	</select>

    <!--  首页满班率 -->
    <select id="getFullClassByWeek" resultType="java.lang.Integer" parameterType="java.util.Map">
		select (sum(ifnull(ycount,0))/sum(ifnull(xcount,0))) * 100 as prcent from gl_tempplan as A
	where A.isenabled=1 and A.xstatus != 0
	 and A.createTime &gt;= #{monday} and A.createTime &lt; #{tomorrow}
	and A.deptId = #{indeptId}
	</select>

    <!-- 校长首页  CODE END -->

    <!--***** 班主任/销售 首页  CODE START *******-->
    <!--  首页 本月业绩 [销售] -->
    <select id="getSaleByMonth" resultType="java.lang.Double" parameterType="java.util.Map">
	SELECT round(sum(A.payPrice),2) as t_payPrice
	FROM gl_order as A WHERE A.isenabled=1 and A.xstatus=1
	and  DATE_FORMAT(A.payDate, '%Y%m' ) = DATE_FORMAT( CURDATE() , '%Y%m' )
	and A.creator=#{userId}
	</select>

    <!--   首页 本月成单 [销售] -->
    <select id="getSaleCountByMonth" resultType="java.lang.Integer" parameterType="java.util.Map">
	SELECT count(1) as t_count
	FROM gl_order as A WHERE A.isenabled=1 and A.xstatus=1
	and  DATE_FORMAT(A.payDate, '%Y%m' ) = DATE_FORMAT( CURDATE() , '%Y%m' )
	and A.creator=#{userId}
	</select>

    <!--   首页 待跟进学员 [销售] -->
    <select id="getUnStudentCount" resultType="java.lang.Integer" parameterType="java.util.Map">
	select count(1) as t_count from gl_student
	where isenabled=1 and xstatus=0  and creator = #{userId}
	</select>

    <!--    首页 跟进中学员 [销售] -->
    <select id="getDoingStudentCount" resultType="java.lang.Integer" parameterType="java.util.Map">
	select count(1) as t_count from gl_student
	where isenabled=1 and xstatus=1  and creator = #{userId}
	</select>


    <!-- 首页 即将过期学员 [销售] (剩余课时数大于 0 且 小于等3课时)-->
    <select id="getExpireStudentCount" resultType="java.lang.Integer" parameterType="java.util.Map">
	select count(1) as t_count from (
	select sum(A.hours+A.ghours-A.uhours-A.thours) as zhours, A.studentId,A.creator
	from gl_enroll as A
	where A.isenabled=1 and A.xstatus=1 and A.creator = #{userId} GROUP BY A.studentId
	) as X where  X.zhours &lt;=  3
	</select>

    <!-- 首页 潜在学员列表 [销售]  -->
    <select id="getLatentStudents" resultType="java.util.HashMap">
		select A.id,A.sname,A.phone,
		 ifNull(A.imgPath,'https://jiaolianxiaochengxu.oss-cn-hangzhou.aliyuncs.com/jiaolianjia/stu_default.jpg') AS imgPath,
	(case A.xstatus when 0 then '未跟进' when 1 then '跟进中 ' when 2 then '预约体验'  else '已体验' end ) as xstatusName,
	(case A.xstatus when 0 then '未跟进' when 1 then '跟进中 ' when 3 then CONCAT('试听课程：',F.cname)  else '未知状态' end ) as remark
	from gl_student as A inner join gl_studentdetail as B on A.id=B.studentId
	left join gl_followup as C on B.fuppId=C.id
	left join gl_taste as D on B.tasteId=D.id
	left join gl_class as E ON D.classId=E.id
	left join gl_course as F on E.courseId=F.id
	where A.isenabled=1 and A.xstatus in (0,1,2,3)
	  and A.creator = #{userId}
	  order by A.id desc limit 3
	</select>


    <!-- 首页 即将过期学员列表 [销售] (剩余课时数小于3课时) -->
    <select id="getExpireStudents" resultType="java.util.HashMap">
	select A.id,A.imgPath,A.sname,A.phone,DATE_FORMAT(C.endDate,'%Y-%m-%d') as endDate
	from gl_student as A INNER JOIN gl_studentdetail as B on A.id=B.studentId
	left  JOIN gl_enroll as C on B.enrollId=C.id
	where A.isenabled=1 and A.id in (
	select DISTINCT studentId from (
	select SUM(A.hours+A.ghours-A.uhours-A.thours) as zhours, A.studentId,A.creator
	from gl_enroll as A
	where A.isenabled=1 and A.xstatus=1 and A.creator = #{userId} GROUP BY A.studentId
	) as X where X.zhours &lt;= 3
	)
	</select>

    <!-- 班主任/销售 首页  CODE END -->
    <!-- 管理员 PC首页 CODE START -->
    <!-- 总招生人数 -->
    <select id="getTotalEnrollmentForPc" resultType="java.lang.Integer" parameterType="java.util.Map">
        SELECT COUNT(a.id) AS totalEnrollment
        FROM gl_student AS a
        LEFT JOIN gl_studentdetail AS b ON a.id = b.studentId
        LEFT JOIN gl_class AS c ON b.classId = c.id
        WHERE a.isenabled = 1
        AND a.xstatus IN ( 4, 5 )
        <if test="schoolId != null">
            AND c.sid = #{schoolId}
        </if>
        <if test="deptId != null">
            and (a.deptId = #{deptId} or c.sid = #{deptId})
        </if>
        <if test="creator != null">
            AND a.creator = #{creator}
        </if>
    </select>

    <!-- 当前有效学员 -->
    <select id="getNowEffStuCountForPc" resultType="java.lang.Integer" parameterType="java.util.Map">
        SELECT count(1) as nowEffStuCount FROM gl_student as A
        WHERE A.isenabled=1 and A.xstatus in (4,5) and EXISTS(
        SELECT DISTINCT studentId FROM gl_classgo as B WHERE B.isenabled=1 and B.studentId=A.id)
        <!-- 通过校区查询时，取创建部门是这个校区 或者 分配班级分到这个校区的学生 -->
        <if test="schoolId != null">
            AND (A.deptId = #{schoolId})
        </if>
        <!-- 校长角色 -->
        <if test="deptId != null">
            AND (A.deptId = #{deptId})
        </if>
        <!-- 班主任角色 -->
        <if test="creator != null">
            AND A.creator = #{creator}
        </if>
        <!-- 教练 -->
        <if test="inempId != null">
            AND A.id in (
            select distinct A.studentId from gl_classgo as A inner join gl_tempPlan as B on A.planId=B.id
             where A.isenabled=1 and B.coach=#{inempId}
            )
        </if>
    </select>

    <!-- 今年报名学员 -->
    <select id="getThisYearEnrStuCountForPc" resultType="java.lang.Integer" parameterType="java.util.Map">
        SELECT COUNT(b.studentId) AS thisYearEnrStuCount
        FROM (SELECT DISTINCT a.studentId
        FROM gl_enroll AS a
        LEFT JOIN gl_studentdetail AS b ON a.studentId = b.studentId
        LEFT JOIN gl_class AS c ON b.classId = c.id
        WHERE a.isenabled = 1
        AND a.xstatus = 1
        AND YEAR(DATE_FORMAT(a.createTime,'%Y-%m-%d')) = YEAR(NOW())
        <if test="schoolId != null">
            AND c.sid = #{schoolId}
        </if>
        <if test="deptId != null">
            and (a.deptId = #{deptId} or c.sid = #{deptId})
        </if>
        <if test="creator != null">
            AND a.creator = #{creator}
        </if>
        ) AS b
    </select>

    <!-- 剩余总课次 -->
    <select id="getRemTotalLessonForPc" resultType="java.lang.Integer" parameterType="java.util.Map">
        SELECT IFNULL(SUM(a.hours + a.ghours - a.uhours-a.thours), 0) AS remTotalLesson
        FROM gl_enroll AS a
        LEFT JOIN gl_studentdetail AS b ON a.studentId = b.studentId
        LEFT JOIN gl_class AS c ON b.classId = c.id
        WHERE a.isenabled = 1
        AND a.xstatus = 1
        <if test="schoolId != null">
            AND c.sid = #{schoolId}
        </if>
        <if test="deptId != null">
            and (a.deptId = #{deptId} or c.sid = #{deptId})
        </if>
        <if test="creator != null">
            AND a.creator = #{creator}
        </if>
    </select>

    <!-- 本月总收入 -->
    <select id="getThisMonthIncomeTotalForPc" resultType="java.lang.Double" parameterType="java.util.Map">
        SELECT
        IFNULL(ROUND(SUM(a.payPrice), 2), 0) AS thisMonthIncomeTotal
        FROM  gl_order AS a
        INNER JOIN gl_enroll AS b ON a.formId = b.id
        LEFT JOIN gl_student AS c ON c.id = b.studentId
        WHERE a.isenabled = 1 and B.isenabled=1 and C.isenabled=1
        AND a.xstatus = 1 and B.xstatus = 1
        AND DATE_FORMAT(a.payDate, '%Y-%m') = #{currMonth}
        <if test="schoolId != null">
            AND (B.deptId = #{schoolId} or C.deptId = #{schoolId})
        </if>
        <if test="deptId != null">
            AND (B.deptId = #{deptId} or C.deptId = #{deptId})
        </if>
        <if test="creator != null">
            AND C.creator = #{creator}
        </if>
    </select>

    <!-- 本月新签学员 -->
    <select id="getThisMonthNewEnrStuCountForPc" resultType="java.lang.Integer" parameterType="java.util.Map">
        SELECT COUNT(1) AS thisYearEnrStuCount
        FROM (SELECT DISTINCT (a.studentId) FROM  gl_enroll AS a
        INNER JOIN gl_student AS b ON b.id = a.studentId
        WHERE a.isenabled = 1 and b.isenabled = 1 and b.xstatus=4
        AND a.xstatus = 1 AND a.otype = 0
        AND DATE_FORMAT(a.createTime, '%Y-%m') = #{currMonth}
        <if test="schoolId != null">
            AND b.deptId = #{schoolId}
        </if>
        <if test="deptId != null">
            and (b.deptId = #{deptId} or a.deptId = #{deptId})
        </if>
        <if test="creator != null">
            AND a.creator = #{creator}
        </if>
        GROUP BY
        a.studentId
        ) AS b
    </select>

    <!-- 本月续费学员 -->
    <select id="getThisMonthAgainEnrStuCountForPc" resultType="java.lang.Integer" parameterType="java.util.Map">
        SELECT COUNT(b.studentId) AS thisYearEnrStuCount
        FROM (SELECT a.studentId
        FROM gl_enroll AS a
        LEFT JOIN gl_studentdetail AS b ON a.studentId = b.studentId
        LEFT JOIN gl_class AS c ON b.classId = c.id
        WHERE a.isenabled = 1  AND a.xstatus = 1  AND a.otype = 1
        AND DATE_FORMAT(a.createTime, '%Y-%m') = #{currMonth}
        <if test="schoolId != null">
            AND c.sid = #{schoolId}
        </if>
        <if test="deptId != null">
            and (a.deptId = #{deptId} or c.sid = #{deptId})
        </if>
        <if test="creator != null">
            AND a.creator = #{creator}
        </if>
        GROUP BY a.studentId) AS b
    </select>

    <!-- 本月课消金额 -->
    <select id="getUseCountByMonthForPc" resultType="java.lang.Double" parameterType="java.util.Map">
        select round(sum(price),2) as useAmount from (
        <choose>
            <when test="utype == 5">    <!-- 普通用户、班主任、销售 -->
                select DISTINCT A.id,B.price from gl_classgo as A INNER JOIN gl_enroll as B on (A.studentId=B.studentId
                and A.courseId=B.courseId)
                where A.isenabled=1 and A.cupHours != 2 and A.xstatus &gt; 0 and DATE_FORMAT(A.goTime, '%Y-%m') =
                #{currMonth} and B.creator=#{creator}
            </when>
            <when test="utype == 4">    <!-- 教练 -->
                select DISTINCT A.id,B.price from gl_classgo as A INNER JOIN gl_enroll as B on (A.studentId=B.studentId
                and A.courseId=B.courseId)
                inner join gl_class as C on C.id=A.classId
                where A.isenabled=1 and A.cupHours != 2 and A.xstatus &gt; 0 and DATE_FORMAT(A.goTime, '%Y-%m') =
                #{currMonth} and C.coach=#{inempId}
            </when>
            <when test="utype == 2">    <!-- 校长 -->
                select DISTINCT A.id,B.price from gl_classgo as A INNER JOIN gl_enroll as B on (A.studentId=B.studentId
                and A.courseId=B.courseId)
                where A.isenabled=1 and A.cupHours != 2 and A.xstatus &gt; 0 and DATE_FORMAT(A.goTime, '%Y-%m') =
                #{currMonth} and B.deptId=#{deptId}
            </when>
            <otherwise><!-- 超级管理员或区域管理员 -->
                select DISTINCT A.id,B.price from gl_classgo as A INNER JOIN gl_enroll as B on (A.studentId=B.studentId
                and A.courseId=B.courseId)
                where A.isenabled=1 and A.cupHours != 2 and A.xstatus &gt; 0 and DATE_FORMAT(A.goTime, '%Y-%m') =
                #{currMonth}
            </otherwise>
        </choose>
        <if test="schoolId != null">  <!-- 指定校区 -->
            AND B.deptId = #{schoolId}
        </if>
        ) as A
    </select>

    <!-- 本月授课课时 -->
    <select id="getThisMonthDidTempCountForPc" resultType="java.lang.Integer" parameterType="java.util.Map">
        select count(1) as thisMonthDidTempCount
        from gl_classgo as A inner join gl_student as B on B.id=A.studentId inner join gl_class as C on C.id=A.classId
        where A.isenabled=1 and B.isenabled=1 and A.xstatus != 0 and A.cupHours !=2
        AND DATE_FORMAT(A.createTime, '%Y-%m') = #{currMonth}
        <if test="schoolId != null">
            AND (B.deptId = #{schoolId} or C.sid = #{schoolId})
        </if>
        <if test="deptId != null">
            and (B.deptId = #{deptId} or C.sid = #{deptId})
        </if>
        <if test="creator != null">
            AND B.creator = #{creator}
        </if>
        <if test="inempId != null"> <!-- 教练 -->
            AND C.coach = #{inempId}
        </if>
    </select>

    <!-- 本月课次安排 -->
    <select id="getThisMonthTempCountForPc" resultType="java.lang.Integer" parameterType="java.util.Map">
        SELECT COUNT(a.id) AS thisMonthTempCount
        FROM gl_tempplan AS a
        LEFT JOIN gl_class AS b ON a.classId = b.id
        WHERE a.isenabled = 1
        AND DATE_FORMAT(a.createTime,'%Y-%m') = #{currMonth}
      <choose>
        <when test="utype == 5">    <!-- 普通用户、班主任、销售 -->
            AND (b.master = (select inempId from ts_user where userId = #{creator}))
        </when>
        <when test="utype == 4">    <!-- 教练 -->
           AND  b.coach = #{inempId}
        </when>
        <when test="utype == 2">    <!-- 校长 -->
            AND b.sid = #{deptId}
        </when>
        <otherwise><!-- 超级管理员或区域管理员 -->

        </otherwise>
    </choose>

    <if test="schoolId != null">
        AND b.sid = #{schoolId}
    </if>

    </select>

    <!-- 机构收入 -->
    <select id="getInstIncomeListMapForPc" resultType="java.util.HashMap" parameterType="java.util.Map">
        SELECT DATE_FORMAT( a.payDate, #{format} ) AS payDate, SUM( a.payPrice ) AS payPrice
        FROM gl_order AS a
        INNER JOIN gl_enroll AS b ON a.formId = b.id
        LEFT JOIN gl_studentdetail AS c ON b.studentId = c.studentId
        LEFT JOIN gl_class AS d ON c.classId = d.id
        WHERE a.isenabled = 1
        AND a.xstatus = 1
        AND DATE_FORMAT(a.payDate, #{format} ) &gt;= #{lastPayDate}
        <if test="schoolId != null">
            AND d.sid = #{schoolId}
        </if>
        <if test="deptId != null">
            and (a.deptId = #{deptId} or d.sid = #{deptId})
        </if>
        <if test="creator != null">
            AND a.creator = #{creator}
        </if>
        GROUP BY DATE_FORMAT( a.payDate, #{format} )
    </select>

    <!-- 课消金额 -->
    <select id="getUseCountListMapForPc" resultType="java.util.HashMap" parameterType="java.util.Map">
        select round(sum(price),2) as useCount,useCountDate from (
        <choose>
            <when test="utype == 5">    <!-- 普通用户、班主任、销售 -->
                select DISTINCT A.id,B.price,DATE_FORMAT(A.goTime,'%Y-%m-%d') as useCountDate  from gl_classgo as A INNER JOIN gl_enroll as B on (A.studentId=B.studentId and A.courseId=B.courseId)
                where A.isenabled=1 and A.cupHours != 2 and A.xstatus &gt; 0 and A.goTime >= #{lastPayDate} and B.creator=#{creator}
            </when>
            <when test="utype == 4">    <!-- 教练 -->
                select DISTINCT A.id,B.price,DATE_FORMAT(A.goTime,'%Y-%m-%d') as useCountDate  from gl_classgo as A INNER JOIN gl_enroll as B on (A.studentId=B.studentId and A.courseId=B.courseId)  inner join gl_class as C on C.id=A.classId
                where A.isenabled=1 and A.cupHours != 2 and A.xstatus &gt; 0 and A.goTime >= #{lastPayDate} and C.coach=#{inempId}
            </when>
            <when test="utype == 2">    <!-- 校长 -->
                select DISTINCT A.id,B.price,DATE_FORMAT(A.goTime,'%Y-%m-%d') as useCountDate  from gl_classgo as A INNER JOIN gl_enroll as B on (A.studentId=B.studentId and A.courseId=B.courseId)
                where A.isenabled=1 and A.cupHours != 2 and A.xstatus &gt; 0 and A.goTime >= #{lastPayDate} and B.deptId=#{deptId}
            </when>
            <otherwise><!-- 超级管理员或区域管理员 -->
                select DISTINCT A.id,B.price,DATE_FORMAT(A.goTime,'%Y-%m-%d') as useCountDate  from gl_classgo as A INNER JOIN gl_enroll as B on (A.studentId=B.studentId and A.courseId=B.courseId)
                where A.isenabled=1 and A.cupHours != 2 and A.xstatus &gt; 0 and A.goTime >= #{lastPayDate}
            </otherwise>
        </choose>
        <if test="schoolId != null">  <!-- 指定校区 -->
            AND B.deptId = #{schoolId}
        </if>
        order by A.goTime) as A  group by useCountDate
    </select>

    <!--  班级满班率 -->
    <select id="getFullClassByMonthForPc" resultType="java.lang.Integer" parameterType="java.util.Map">
        SELECT IFNULL(SUM( a.ycount ) / SUM( a.xcount ), 0) * 100 AS prcent
        FROM gl_tempplan AS a
        LEFT JOIN gl_class AS b ON a.classId = b.id
        WHERE a.isenabled = 1
        AND a.xstatus != 0
        AND DATE_FORMAT(a.createTime,'%Y-%m') = DATE_FORMAT(NOW(),'%Y-%m')
        <if test="schoolId != null">
            AND b.sid = #{schoolId}
        </if>
        <if test="deptId != null">
            and (a.deptId = #{deptId} or b.sid = #{deptId})
        </if>
        <if test="creator != null">
            AND a.creator = #{creator}
        </if>
    </select>

    <!--  上月到期的续费学员 -->
    <select id="againStudentCountByLastMonthForPc" resultType="java.lang.Integer" parameterType="java.util.Map">
       select count(1) as tcount from gl_enroll
       where isenabled=1 and xstatus=1
        and DATE_FORMAT(createTime,'%Y-%m') = #{prevMoth}
        and id in (${studentIds})
    </select>

    <!--  上月到期的学员 -->
    <select id="endStudentCountByLastMonthForPc"  resultType="java.util.HashMap" parameterType="java.util.Map">
     select studentId from (
        select  A.studentId,max(A.endDate) as endDate from gl_enroll as A inner join gl_student as B  on A.studentId=B.id where A.isenabled=1 and A.xstatus=1
        and DATE_FORMAT(endDate, '%Y-%m') = #{prevMoth}
        <choose>
            <when test="utype == 5">    <!-- 普通用户、班主任、销售 -->
                and B.creator= #{creator}
            </when>
            <when test="utype == 4">    <!-- 教练 -->
                and B.id in (
                select A.studentId from gl_classchoose as A inner join gl_class as B on A.classId=B.id
                 where A.isenabled=1 and A.xstatus != 3 and B.isenabled=1 and B.coach = #{inempId}
                )
            </when>
            <when test="utype == 2">    <!-- 校长 -->
                and B.deptId =#{deptId}
            </when>
            <otherwise><!-- 超级管理员或区域管理员 -->
            </otherwise>
        </choose>
        <if test="schoolId != null">
            AND  B.deptId = #{schoolId}
        </if>
         GROUP BY studentId
        ) as A
    </select>

    <!--  跟进情况 待跟进 -->
    <select id="getFollowUpReadyByMonthForPc" resultType="java.lang.Integer" parameterType="java.util.Map">
        SELECT COUNT( a.id ) AS followUpReady
        FROM gl_student AS a
        WHERE a.isenabled = 1
        AND a.xstatus = 0
        AND DATE_FORMAT( a.createTime, '%Y-%m' ) = DATE_FORMAT( NOW(), '%Y-%m' )
        <if test="schoolId != null">
            AND a.deptId = #{schoolId}
        </if>
        <if test="deptId != null">
            and a.deptId = #{deptId}
        </if>
        <if test="creator != null">
            AND a.creator = #{creator}
        </if>
    </select>

    <!--  跟进情况 跟进中 -->
    <select id="getFollowUpDoingByMonthForPc" resultType="java.lang.Integer" parameterType="java.util.Map">
        SELECT COUNT( a.id ) AS followUpReady
        FROM gl_student AS a
        WHERE a.isenabled = 1
        AND a.xstatus = 1
        AND DATE_FORMAT( a.createTime, '%Y-%m' ) = DATE_FORMAT( NOW(), '%Y-%m' )
        <if test="schoolId != null">
            AND a.deptId = #{schoolId}
        </if>
        <if test="deptId != null">
            and a.deptId = #{deptId}
        </if>
        <if test="creator != null">
            AND a.creator = #{creator}
        </if>
    </select>

    <!--  跟进情况 预约体验/已体验 -->
    <select id="getFollowUpTasteByMonthForPc" resultType="java.lang.Integer" parameterType="java.util.Map">
        SELECT COUNT(distinct b.studentId ) AS followUpTaste
        FROM (SELECT a.studentId
        FROM gl_taste AS a
        INNER JOIN gl_student AS b ON a.id = a.studentId
        WHERE a.isenabled = 1
        AND a.xstatus = #{xstatus}
        AND DATE_FORMAT( a.createTime, '%Y-%m' ) = DATE_FORMAT( NOW(), '%Y-%m' )
        <if test="schoolId != null">
            AND (a.deptId = #{schoolId} or b.deptId = #{schoolId})
        </if>
        <if test="deptId != null">
            and (a.deptId = #{deptId} or b.deptId = #{deptId})
        </if>
        <if test="creator != null">
            AND a.creator = #{creator}
        </if>
        GROUP BY a.studentId ) AS b
    </select>

    <!--  跟进情况 已付费 -->
    <select id="getFollowUpPayByMonthForPc" resultType="java.lang.Integer" parameterType="java.util.Map">
        SELECT COUNT(distinct c.studentId ) AS followUpPay
        FROM (SELECT b.studentId
        FROM gl_order AS a
        LEFT JOIN gl_enroll AS b ON a.formId = b.id
        LEFT JOIN gl_student AS c ON c.id = b.studentId
        WHERE a.isenabled = 1
        AND a.xstatus = 1
        AND DATE_FORMAT( a.payDate, '%Y-%m' ) = DATE_FORMAT( NOW(), '%Y-%m' )
        <if test="schoolId != null">
            and (a.deptId = #{schoolId} or c.deptId = #{schoolId})
        </if>
        <if test="deptId != null">
            and (a.deptId = #{deptId} or c.deptId = #{deptId})
        </if>
        <if test="creator != null">
            AND a.creator = #{creator}
        </if>
        GROUP BY b.studentId ) AS c
    </select>
    <!-- 管理员 PC首页 CODE END -->

    <!--
        [数据汇总] -> [满班率] (最近30天)

        一个班级实际人数/这个班级设置时的计划人数 ×100%

        @Author 肖家添
        @Date 2019/8/12 17:27
    -->
    <select id="getWxHomeDataOfCoach_FullShiftRate" parameterType="java.util.Map" resultType="java.lang.Integer">
        select ROUND(sum(ifnull(B.goCount,0))/ sum(A.capacity) * 100) as prcent  from gl_class as A LEFT JOIN (
        select count(1) as goCount,XX.classId,YY.coach,YY.`master` from gl_classgo as XX inner join gl_tempplan as YY ON( XX.planId=YY.id)
        where XX.isenabled=1 and XX.xstatus in (1,2) AND XX.goTime >= date_format(#{searchRangeOfTime}, '%Y-%m-%d') group by XX.classId
        ) AS B on A.id=B.classId
        where A.isenabled=1 and A.xstatus != 2
        <choose>
            <when test="utype == 5">    <!-- 普通用户、班主任、销售 -->
                and (A.master= ${coachId} or B.master= ${coachId})
            </when>
            <when test="utype == 4">    <!-- 教练 -->
                and  ((A.coach = ${coachId} OR B.coach = ${coachId}) or (A.master = ${coachId} OR B.master = ${coachId}))
            </when>
            <when test="utype == 2">    <!-- 校长 -->
               and A.sid = #{deptId}
            </when>
            <otherwise><!-- 超级管理员或区域管理员 -->

            </otherwise>
        </choose>

        <if test="schoolId != null">  <!-- 指定校区 -->
            AND A.sid = #{schoolId}
        </if>
    </select>

    <!--
        [数据汇总] -> [复购率]

        有续课行为的客户/全部客户 ×100%

        @Author 肖家添
        @Date 2019/8/12 19:54
    -->
    <select id="getWxHomeDataOfCoach_RepurchaseRate" parameterType="java.util.Map" resultType="java.util.Map">
      select xcount from (
        select count(DISTINCT studentId) as xcount  from gl_enroll where isenabled=1  and xstatus=1 and otype in (1,2)
         and createTime >= #{searchRangeOfTime}
         and (
         creator = #{creator} or
        studentId in (
        select DISTINCT studentId
         from gl_classchoose as A inner join gl_class as B on A.classId=B.id where A.isenabled=1 and A.xstatus != 3
         AND B.isenabled=1 AND (B.coach=${coachId} or B.master=${coachId})
        ))
        union
        select count(DISTINCT studentId) as xcount from gl_enroll where isenabled=1 and xstatus=1
          and createTime  >= #{searchRangeOfTime}
         and (
         creator = #{creator} or
        studentId in (
        select DISTINCT studentId
         from gl_classchoose as A inner join gl_class as B on A.classId=B.id where A.isenabled=1 and A.xstatus != 3
         AND B.isenabled=1 AND (B.coach=${coachId} or B.master=${coachId})
        ))
      ) as A
    </select>

    <!--
        [数据汇总] -> [复购率]

        有续课行为的客户/全部客户 ×100%

        @Author 肖家添
        @Date 2019/8/12 19:54
    -->
    <!--
    <select id="getWxHomeDataOfCoach_RepurchaseRate" parameterType="java.util.Map" resultType="java.lang.Integer">
        select
        ifnull(
            (
                sum(
                    (
                        select if(ifnull(count(1), 0) = 0, 0, 1)
                        from gl_enroll overGel
                        where overGel.payDate &lt; gel.payDate
                        and overGel.studentId = gel.studentId
                    )
                ) / ifnull(
                    (
                        select count(overGel.id)
                        from gl_enroll overGel
                        inner join gl_studentdetail overGcl on overGcl.studentId = overGel.studentId
                        inner join gl_class overGcs on overGcs.id = overGcl.classId
                        where overGel.isenabled = 1
                        and overGcl.isenabled = 1
                        and overGcs.isenabled = 1
                        and overGel.xstatus = 1
                        and overGcs.coach = gcs.coach
                    )
                , 0)
            ) * 100, 0
        ) as result
        from gl_enroll gel
        inner join gl_studentdetail gsl on gsl.studentId = gel.studentId
        inner join gl_class gcs on gcs.id = gsl.classId
        where gel.isenabled = 1
        and gsl.isenabled = 1
        and gcs.isenabled = 1
        and gel.xstatus = 1


        <if test="coachId != null">
            and gcs.coach = ${coachId}
        </if>

        <if test="searchRangeOfTime != null">
            and date_format(gel.createTime, '%Y-%m-%d %H:%i:%s') >= date_format(#{searchRangeOfTime}, '%Y-%m-%d %H:%i:%s')
        </if>
    </select>
    -->

    <!--
        [数据汇总] -> [体验成交率]

        免费试课后签单人数/所有免费试课人数 ×100%

        @Author 肖家添
        @Date 2019/8/12 20:47
    -->
    <select id="getWxHomeDataOfCoach_ExperienceTurnoverRate" parameterType="java.util.Map" resultType="java.lang.Integer">
        select
            ifnull(
                (
                    sum(
                        (
                            select if(ifnull(count(DISTINCT studentId), 0) = 0, 0, 1)
                            from gl_enroll overGel
                            where overGel.studentId = gte.studentId
                            and overGel.isenabled = 1
                            and overGel.xstatus = 1
                        )
                    ) / ifnull(
                        (
                            select count(DISTINCT studentId)
                            from gl_taste overGte
                            inner join gl_class overGcs on overGcs.id = overGte.classId
                            where overGte.isenabled = 1
                            and overGcs.isenabled = 1
                            and overGcs.coach = gcs.coach
                        )
                    , 0)
                ) * 100, 0
            ) as result
        from gl_taste gte
        inner join gl_class gcs on gcs.id = gte.classId
        where gte.isenabled = 1
        and gte.isenabled = 1

        <!-- 教练Id -->
        <if test="coachId != null">
            and (gcs.coach = ${coachId} or gcs.master = ${coachId})
        </if>

        <if test="searchRangeOfTime != null">
            and date_format(gte.createTime, '%Y-%m-%d %H:%i:%s') >= date_format(#{searchRangeOfTime}, '%Y-%m-%d %H:%i:%s')
        </if>
    </select>

</mapper>
