<?xml version="1.0" encoding="UTF-8" ?>
<!DOCTYPE mapper PUBLIC "-//mybatis.org//DTD Mapper 3.0//EN" "http://mybatis.org/dtd/mybatis-3-mapper.dtd" >
<mapper namespace="com.cmw.dao.WxUserInfoDao" >
  <resultMap id="BaseResultMap" type="com.cmw.entity.WxUserInfoEntity" >
  	<id column="id" property="id" jdbcType="BIGINT" />
	<!-- 备注 -->
	<result column="remark" property="remark" jdbcType="VARCHAR"/>
	<!-- 修改日期 -->
	<result column="modifyTime" property="modifyTime" jdbcType="DATE"/>
	<!-- 创建时间 -->
	<result column="createTime" property="createTime" jdbcType="DATE"/>
	<!-- 用户头像 -->
	<result column="headimgurl" property="headimgurl" jdbcType="VARCHAR"/>
	<!-- 性别 -->
	<result column="sex" property="sex" jdbcType="INTEGER"/>
	<!-- 用户的昵称 -->
	<result column="nickname" property="nickname" jdbcType="VARCHAR"/>
	<!-- 通用ID -->
	<result column="unionid" property="unionid" jdbcType="VARCHAR"/>
	<!-- 公众号openid -->
	<result column="openid" property="openid" jdbcType="VARCHAR"/>
	<!-- 是否订阅该公众号 -->
	<result column="subscribe" property="subscribe" jdbcType="VARCHAR"/>
	<!-- 会员ID -->
	<result column="memberId" property="memberId" jdbcType="BIGINT"/>

  </resultMap>
  <sql id="Base_Column_List" >
 	id,remark,modifyTime,createTime,headimgurl,sex,nickname,unionid,openid,subscribe,memberId
   <!-- id, name, age, phone-->
  </sql>
  
  <select id="get" resultMap="BaseResultMap" parameterType="java.lang.Long">
   	select 
   	 <include refid="Base_Column_List" />
    from ts_WxUserInfo
    where id = #{id,jdbcType=INTEGER}
  </select>

  <select id="getByPars" resultMap="BaseResultMap">
   	select 
   	 <include refid="Base_Column_List" />
    from ts_WxUserInfo where 1=1
      <!--
          <if test="name != null" >
            and name like '%' || #{name,jdbcType=VARCHAR} || '%'
         </if>
          <if test="age != null" >
           and age = #{age}
         </if>
        -->
  </select>
  
   <select id="getList" resultMap="BaseResultMap">
   	select 
   	 <include refid="Base_Column_List" />
    from ts_WxUserInfo where 1=1 
    <!-- 
     <if test="name != null" >
         and name like '%' || #{name,jdbcType=VARCHAR} || '%'
      </if>
       <if test="age != null" >
        and age = #{age}
      </if>
     -->
  </select>
  
  <select id="getListMap" resultType="java.util.HashMap">
   	 select 
   	 <include refid="Base_Column_List" />
     from ts_WxUserInfo where 1=1 
     <!-- 
   	 <if test="name != null" >
         and name like '%' || #{name,jdbcType=VARCHAR} || '%'
      </if>
       <if test="age != null" >
        and age = #{age}
      </if>
     -->
  </select>
  
  
  <select id="getListAll" resultMap="BaseResultMap">
   	select 
   	 <include refid="Base_Column_List" />
    from ts_WxUserInfo where 1=1 
  </select>
  
  
  <select id="getPageByPars" resultType="java.util.Map">
   	select 
   	 <include refid="Base_Column_List" />
    from ts_WxUserInfo where 1=1 
      <!-- 
   	  <if test="name != null" >
         and name like '%' || #{name,jdbcType=VARCHAR} || '%'
      </if>
       <if test="age != null" >
        and age = #{age}
      </if>
     -->
      
      <if test="rightCondition != null" >
		  ${rightCondition}
	  </if>
	  
       order by id desc 
        <if test="offset!=null and pageSize!=null">  
	        limit #{offset},#{pageSize}
	    </if>
  </select>
  
  <!-- 获取总记录数 -->
  <select id="getTotals" resultType="java.lang.Long">
   	select count(1) as totalCount from ts_WxUserInfo where 1=1 
  </select>
  
   <!-- 根据参数获取总记录数 -->
  <select id="getTotalsByPars" resultType="java.lang.Long" parameterType="java.util.Map">
   	select count(1) as totalCount from ts_WxUserInfo where 1=1 
   	 <!-- 
     <if test="name != null" >
         and name like '%' || #{name,jdbcType=VARCHAR} || '%'
      </if>
       <if test="age != null" >
        and age = #{age}
      </if>
     -->
  </select>
  
  
  <!-- 获取最大ID -->
  <select id="getMaxID"  resultType="java.lang.Long">
   	select max(id) as maxId from ts_WxUserInfo where 1=1 
  </select>
  
  <insert id="insert" useGeneratedKeys="true" keyProperty="id" parameterType="com.cmw.entity.WxUserInfoEntity" >
      insert into ts_WxUserInfo (remark,modifyTime,createTime,headimgurl,sex,nickname,unionid,openid,subscribe,memberId)
    values (#{remark,jdbcType=VARCHAR},#{modifyTime,jdbcType=DATE},#{createTime,jdbcType=DATE},#{headimgurl,jdbcType=VARCHAR},#{sex,jdbcType=INTEGER},#{nickname,jdbcType=VARCHAR},#{unionid,jdbcType=VARCHAR},#{openid,jdbcType=VARCHAR},#{subscribe,jdbcType=VARCHAR},#{memberId,jdbcType=BIGINT})
  </insert>
  
  <insert id="batchInsert" parameterType="List" useGeneratedKeys="true" keyProperty="id">
	 insert into ts_WxUserInfo (remark,modifyTime,createTime,headimgurl,sex,nickname,unionid,openid,subscribe,memberId) values
	  <foreach item="item" collection="list" separator=",">
	    (#{remark,jdbcType=VARCHAR},#{modifyTime,jdbcType=DATE},#{createTime,jdbcType=DATE},#{headimgurl,jdbcType=VARCHAR},#{sex,jdbcType=INTEGER},#{nickname,jdbcType=VARCHAR},#{unionid,jdbcType=VARCHAR},#{openid,jdbcType=VARCHAR},#{subscribe,jdbcType=VARCHAR},#{memberId,jdbcType=BIGINT})
	  </foreach>
  </insert>
  
   <update id="update" parameterType="com.cmw.entity.WxUserInfoEntity" >
    update ts_WxUserInfo
    <set>
    			<!-- 备注 -->
		<if test="remark != null" >
		  remark = #{remark,jdbcType=VARCHAR},
		</if>
		<!-- 修改日期 -->
		<if test="modifyTime != null" >
		  modifyTime = #{modifyTime,jdbcType=DATE},
		</if>
		<!-- 创建时间 -->
		<if test="createTime != null" >
		  createTime = #{createTime,jdbcType=DATE},
		</if>
		<!-- 用户头像 -->
		<if test="headimgurl != null" >
		  headimgurl = #{headimgurl,jdbcType=VARCHAR},
		</if>
		<!-- 性别 -->
		<if test="sex != null" >
		  sex = #{sex,jdbcType=INTEGER},
		</if>
		<!-- 用户的昵称 -->
		<if test="nickname != null" >
		  nickname = #{nickname,jdbcType=VARCHAR},
		</if>
		<!-- 通用ID -->
		<if test="unionid != null" >
		  unionid = #{unionid,jdbcType=VARCHAR},
		</if>
		<!-- 公众号openid -->
		<if test="openid != null" >
		  openid = #{openid,jdbcType=VARCHAR},
		</if>
		<!-- 是否订阅该公众号 -->
		<if test="subscribe != null" >
		  subscribe = #{subscribe,jdbcType=VARCHAR},
		</if>
		<!-- 会员ID -->
		<if test="memberId != null" >
		  memberId = #{memberId,jdbcType=BIGINT},
		</if>

    </set>
    where id = #{id,jdbcType=INTEGER}
  </update>
  
   <update id="updateByPars" parameterType="map">
    update ts_WxUserInfo
    <set>
     			<!-- 备注 -->
		<if test="remark != null" >
		  remark = #{remark,jdbcType=VARCHAR},
		</if>
		<!-- 修改日期 -->
		<if test="modifyTime != null" >
		  modifyTime = #{modifyTime,jdbcType=DATE},
		</if>
		<!-- 创建时间 -->
		<if test="createTime != null" >
		  createTime = #{createTime,jdbcType=DATE},
		</if>
		<!-- 用户头像 -->
		<if test="headimgurl != null" >
		  headimgurl = #{headimgurl,jdbcType=VARCHAR},
		</if>
		<!-- 性别 -->
		<if test="sex != null" >
		  sex = #{sex,jdbcType=INTEGER},
		</if>
		<!-- 用户的昵称 -->
		<if test="nickname != null" >
		  nickname = #{nickname,jdbcType=VARCHAR},
		</if>
		<!-- 通用ID -->
		<if test="unionid != null" >
		  unionid = #{unionid,jdbcType=VARCHAR},
		</if>
		<!-- 公众号openid -->
		<if test="openid != null" >
		  openid = #{openid,jdbcType=VARCHAR},
		</if>
		<!-- 是否订阅该公众号 -->
		<if test="subscribe != null" >
		  subscribe = #{subscribe,jdbcType=VARCHAR},
		</if>
		<!-- 会员ID -->
		<if test="memberId != null" >
		  memberId = #{memberId,jdbcType=BIGINT},
		</if>

    </set>
    where 1=1 
     <!-- where 条件参数必须加上 par_+wherePars参数key -->
     <!-- 
      <if test="par_id != null" >
        and id = #{par_id}
      </if>
       
     <if test="par_name != null" >
         and name like '%' || #{par_name,jdbcType=VARCHAR} || '%'
      </if>
       <if test="par_phone != null" >
        and phone = '${par_phone}'
      </if>
      -->
  </update>
  
  
  <update id="batchUpdate"  parameterType="java.util.List">  
      <foreach collection="list" item="item" index="index" open="" close="" separator=";">  
            update ts_WxUserInfo   
            <set>  
            			<!-- 备注 -->
		<if test="remark != null" >
		  remark = #{remark,jdbcType=VARCHAR},
		</if>
		<!-- 修改日期 -->
		<if test="modifyTime != null" >
		  modifyTime = #{modifyTime,jdbcType=DATE},
		</if>
		<!-- 创建时间 -->
		<if test="createTime != null" >
		  createTime = #{createTime,jdbcType=DATE},
		</if>
		<!-- 用户头像 -->
		<if test="headimgurl != null" >
		  headimgurl = #{headimgurl,jdbcType=VARCHAR},
		</if>
		<!-- 性别 -->
		<if test="sex != null" >
		  sex = #{sex,jdbcType=INTEGER},
		</if>
		<!-- 用户的昵称 -->
		<if test="nickname != null" >
		  nickname = #{nickname,jdbcType=VARCHAR},
		</if>
		<!-- 通用ID -->
		<if test="unionid != null" >
		  unionid = #{unionid,jdbcType=VARCHAR},
		</if>
		<!-- 公众号openid -->
		<if test="openid != null" >
		  openid = #{openid,jdbcType=VARCHAR},
		</if>
		<!-- 是否订阅该公众号 -->
		<if test="subscribe != null" >
		  subscribe = #{subscribe,jdbcType=VARCHAR},
		</if>
		<!-- 会员ID -->
		<if test="memberId != null" >
		  memberId = #{memberId,jdbcType=BIGINT},
		</if>

		    </set>
		    where id = #{item.id,jdbcType=INTEGER}
     </foreach>  
  </update>  
  
  <delete id="delete" parameterType="java.lang.Long" >
    delete from ts_WxUserInfo
    where id = #{id,jdbcType=INTEGER}
  </delete>
  
  <!-- 根据指定的参数，删除实体 -->
  <delete id="deleteByPars" parameterType="map" >
    delete from ts_WxUserInfo
     where 1=1 
     
      <if test="id != null" >
        and id = #{id,jdbcType=INTEGER}
      </if>
       
     <if test="name != null" >
        and name like '%' || #{name,jdbcType=VARCHAR} || '%'
      </if>
       <if test="phone != null" >
        and phone = #{name,jdbcType=VARCHAR}
      </if>
  </delete>
  
   <delete id="deleteByIds" >
    delete from ts_WxUserInfo
    where id in (${ids})
  </delete>
  
  <!-- 删除所有数据 -->
  <delete id="deleteAll" >
    delete from ts_WxUserInfo
  </delete>
  
  <!-- 根据ID禁用或启用数据-->
  <update id="enabled">
    update ts_WxUserInfo
    <set>
        isenabled = #{isenabled,jdbcType=INTEGER}
    </set>
    where id=#{id,jdbcType=INTEGER}
  </update>
  
   <!-- 根据ID禁用或启用数据-->
  <update id="enabledByPars" parameterType="map">
    update ts_WxUserInfo
    <set>
        isenabled = #{isenabled,jdbcType=INTEGER}
    </set>
     where 1=1 
    
      <if test="id != null" >
        and id = #{id,jdbcType=INTEGER}
      </if>
       
     <if test="name != null" >
         and name like '%' || #{name,jdbcType=VARCHAR} || '%'
      </if>
       <if test="phone != null" >
         and phone = #{name,jdbcType=VARCHAR}
      </if>
     
  </update>
  
   <!-- 根据多个ID禁用或启用数据-->
  <update id="enabledByIds">
    update ts_WxUserInfo
    <set>
        isenabled = #{isenabled,jdbcType=INTEGER}
    </set>
    where id in (${ids})
  </update>
  
</mapper>
