<?xml version="1.0" encoding="UTF-8" ?>
<!DOCTYPE mapper PUBLIC "-//mybatis.org//DTD Mapper 3.0//EN" "http://mybatis.org/dtd/mybatis-3-mapper.dtd" >
<mapper namespace="com.cmw.dao.AccessMingDao" >
  <resultMap id="BaseResultMap" type="com.cmw.entity.AccessMingEntity" >
  	<id column="id" property="id" jdbcType="BIGINT" />
	<!-- 创建日期 -->
	<result column="createTime" property="createTime" jdbcType="DATE"/>
	<!-- 可用标志 -->
	<result column="isenabled" property="isenabled" jdbcType="TINYINT"/>
	<!-- 最后访问时间 -->
	<result column="lastTime" property="lastTime" jdbcType="DATE"/>
	<!-- 第一次访问时间 -->
	<result column="firstTime" property="firstTime" jdbcType="DATE"/>
	<!-- 访问对象 -->
	<result column="accObjName" property="accObjName" jdbcType="VARCHAR"/>
	<!-- 类型 -->
	<result column="atype" property="atype" jdbcType="TINYINT"/>
	<!-- 访问统计ID -->
	<result column="accessStatId" property="accessStatId" jdbcType="BIGINT"/>

  </resultMap>
  <sql id="Base_Column_List" >
 	id,createTime,isenabled,lastTime,firstTime,accObjName,atype,accessStatId
   <!-- id, name, age, phone-->
  </sql>
  
  <select id="get" resultMap="BaseResultMap" parameterType="java.lang.Long">
   	select 
   	 <include refid="Base_Column_List" />
    from IM_AccessMing
    where id = #{id,jdbcType=INTEGER}
  </select>

  <select id="getByPars" resultMap="BaseResultMap">
   	select 
   	 <include refid="Base_Column_List" />
    from IM_AccessMing where 1=1
      <!--
          <if test="name != null" >
            and name like '%' || #{name,jdbcType=VARCHAR} || '%'
         </if>
          <if test="age != null" >
           and age = #{age}
         </if>
        -->
  </select>
  
   <select id="getList" resultMap="BaseResultMap">
   	select 
   	 <include refid="Base_Column_List" />
    from IM_AccessMing where 1=1 
    <!-- 
     <if test="name != null" >
         and name like '%' || #{name,jdbcType=VARCHAR} || '%'
      </if>
       <if test="age != null" >
        and age = #{age}
      </if>
     -->
  </select>
  
  <select id="getListMap" resultType="java.util.HashMap">
   	 select 
   	 <include refid="Base_Column_List" />
     from IM_AccessMing where 1=1 
     <!-- 
   	 <if test="name != null" >
         and name like '%' || #{name,jdbcType=VARCHAR} || '%'
      </if>
       <if test="age != null" >
        and age = #{age}
      </if>
     -->
  </select>
  
  
  <select id="getListAll" resultMap="BaseResultMap">
   	select 
   	 <include refid="Base_Column_List" />
    from IM_AccessMing where 1=1 
  </select>
  
  
  <select id="getPageByPars" resultType="java.util.Map">
   	select 
   	 <include refid="Base_Column_List" />
    from IM_AccessMing where 1=1 
      <!-- 
   	  <if test="name != null" >
         and name like '%' || #{name,jdbcType=VARCHAR} || '%'
      </if>
       <if test="age != null" >
        and age = #{age}
      </if>
     -->
      
      <if test="rightCondition != null" >
		  ${rightCondition}
	  </if>
	  
       order by id desc 
        <if test="offset!=null and pageSize!=null">  
	        limit #{offset},#{pageSize}
	    </if>
  </select>
  
  <!-- 获取总记录数 -->
  <select id="getTotals" resultType="java.lang.Long">
   	select count(1) as totalCount from IM_AccessMing where 1=1 
  </select>
  
   <!-- 根据参数获取总记录数 -->
  <select id="getTotalsByPars" resultType="java.lang.Long" parameterType="java.util.Map">
   	select count(1) as totalCount from IM_AccessMing where 1=1 
   	 <!-- 
     <if test="name != null" >
         and name like '%' || #{name,jdbcType=VARCHAR} || '%'
      </if>
       <if test="age != null" >
        and age = #{age}
      </if>
     -->
  </select>
  
  
  <!-- 获取最大ID -->
  <select id="getMaxID"  resultType="java.lang.Long">
   	select max(id) as maxId from IM_AccessMing where 1=1 
  </select>
  
  <insert id="insert" useGeneratedKeys="true" keyProperty="id" parameterType="com.cmw.entity.AccessMingEntity" >
      insert into IM_AccessMing (createTime,isenabled,lastTime,firstTime,accObjName,atype,accessStatId)
    values (#{createTime,jdbcType=DATE},#{isenabled,jdbcType=TINYINT},#{lastTime,jdbcType=DATE},#{firstTime,jdbcType=DATE},#{accObjName,jdbcType=VARCHAR},#{atype,jdbcType=TINYINT},#{accessStatId,jdbcType=BIGINT})
  </insert>
  
  <insert id="batchInsert" parameterType="List" useGeneratedKeys="true" keyProperty="id">
	 insert into IM_AccessMing (createTime,isenabled,lastTime,firstTime,accObjName,atype,accessStatId) values
	  <foreach item="item" collection="list" separator=",">
	    (#{createTime,jdbcType=DATE},#{isenabled,jdbcType=TINYINT},#{lastTime,jdbcType=DATE},#{firstTime,jdbcType=DATE},#{accObjName,jdbcType=VARCHAR},#{atype,jdbcType=TINYINT},#{accessStatId,jdbcType=BIGINT})
	  </foreach>
  </insert>
  
   <update id="update" parameterType="com.cmw.entity.AccessMingEntity" >
    update IM_AccessMing
    <set>
    			<!-- 创建日期 -->
		<if test="createTime != null" >
		  createTime = #{createTime,jdbcType=DATE},
		</if>
		<!-- 可用标志 -->
		<if test="isenabled != null" >
		  isenabled = #{isenabled,jdbcType=TINYINT},
		</if>
		<!-- 最后访问时间 -->
		<if test="lastTime != null" >
		  lastTime = #{lastTime,jdbcType=DATE},
		</if>
		<!-- 第一次访问时间 -->
		<if test="firstTime != null" >
		  firstTime = #{firstTime,jdbcType=DATE},
		</if>
		<!-- 访问对象 -->
		<if test="accObjName != null" >
		  accObjName = #{accObjName,jdbcType=VARCHAR},
		</if>
		<!-- 类型 -->
		<if test="atype != null" >
		  atype = #{atype,jdbcType=TINYINT},
		</if>
		<!-- 访问统计ID -->
		<if test="accessStatId != null" >
		  accessStatId = #{accessStatId,jdbcType=BIGINT},
		</if>

    </set>
    where id = #{id,jdbcType=INTEGER}
  </update>
  
   <update id="updateByPars" parameterType="map">
    update IM_AccessMing
    <set>
     			<!-- 创建日期 -->
		<if test="createTime != null" >
		  createTime = #{createTime,jdbcType=DATE},
		</if>
		<!-- 可用标志 -->
		<if test="isenabled != null" >
		  isenabled = #{isenabled,jdbcType=TINYINT},
		</if>
		<!-- 最后访问时间 -->
		<if test="lastTime != null" >
		  lastTime = #{lastTime,jdbcType=DATE},
		</if>
		<!-- 第一次访问时间 -->
		<if test="firstTime != null" >
		  firstTime = #{firstTime,jdbcType=DATE},
		</if>
		<!-- 访问对象 -->
		<if test="accObjName != null" >
		  accObjName = #{accObjName,jdbcType=VARCHAR},
		</if>
		<!-- 类型 -->
		<if test="atype != null" >
		  atype = #{atype,jdbcType=TINYINT},
		</if>
		<!-- 访问统计ID -->
		<if test="accessStatId != null" >
		  accessStatId = #{accessStatId,jdbcType=BIGINT},
		</if>

    </set>
    where 1=1 
     <!-- where 条件参数必须加上 par_+wherePars参数key -->
     <!-- 
      <if test="par_id != null" >
        and id = #{par_id}
      </if>
       
     <if test="par_name != null" >
         and name like '%' || #{par_name,jdbcType=VARCHAR} || '%'
      </if>
       <if test="par_phone != null" >
        and phone = '${par_phone}'
      </if>
      -->
  </update>
  
  
  <update id="batchUpdate"  parameterType="java.util.List">  
      <foreach collection="list" item="item" index="index" open="" close="" separator=";">  
            update IM_AccessMing   
            <set>  
            			<!-- 创建日期 -->
		<if test="createTime != null" >
		  createTime = #{createTime,jdbcType=DATE},
		</if>
		<!-- 可用标志 -->
		<if test="isenabled != null" >
		  isenabled = #{isenabled,jdbcType=TINYINT},
		</if>
		<!-- 最后访问时间 -->
		<if test="lastTime != null" >
		  lastTime = #{lastTime,jdbcType=DATE},
		</if>
		<!-- 第一次访问时间 -->
		<if test="firstTime != null" >
		  firstTime = #{firstTime,jdbcType=DATE},
		</if>
		<!-- 访问对象 -->
		<if test="accObjName != null" >
		  accObjName = #{accObjName,jdbcType=VARCHAR},
		</if>
		<!-- 类型 -->
		<if test="atype != null" >
		  atype = #{atype,jdbcType=TINYINT},
		</if>
		<!-- 访问统计ID -->
		<if test="accessStatId != null" >
		  accessStatId = #{accessStatId,jdbcType=BIGINT},
		</if>

		    </set>
		    where id = #{item.id,jdbcType=INTEGER}
     </foreach>  
  </update>  
  
  <delete id="delete" parameterType="java.lang.Long" >
    delete from IM_AccessMing
    where id = #{id,jdbcType=INTEGER}
  </delete>
  
  <!-- 根据指定的参数，删除实体 -->
  <delete id="deleteByPars" parameterType="map" >
    delete from IM_AccessMing
     where 1=1 
     
      <if test="id != null" >
        and id = #{id,jdbcType=INTEGER}
      </if>
       
     <if test="name != null" >
        and name like '%' || #{name,jdbcType=VARCHAR} || '%'
      </if>
       <if test="phone != null" >
        and phone = #{name,jdbcType=VARCHAR}
      </if>
  </delete>
  
   <delete id="deleteByIds" >
    delete from IM_AccessMing
    where id in (${ids})
  </delete>
  
  <!-- 删除所有数据 -->
  <delete id="deleteAll" >
    delete from IM_AccessMing
  </delete>
  
  <!-- 根据ID禁用或启用数据-->
  <update id="enabled">
    update IM_AccessMing
    <set>
        isenabled = #{isenabled,jdbcType=INTEGER}
    </set>
    where id=#{id,jdbcType=INTEGER}
  </update>
  
   <!-- 根据ID禁用或启用数据-->
  <update id="enabledByPars" parameterType="map">
    update IM_AccessMing
    <set>
        isenabled = #{isenabled,jdbcType=INTEGER}
    </set>
     where 1=1 
    
      <if test="id != null" >
        and id = #{id,jdbcType=INTEGER}
      </if>
       
     <if test="name != null" >
         and name like '%' || #{name,jdbcType=VARCHAR} || '%'
      </if>
       <if test="phone != null" >
         and phone = #{name,jdbcType=VARCHAR}
      </if>
     
  </update>
  
   <!-- 根据多个ID禁用或启用数据-->
  <update id="enabledByIds">
    update IM_AccessMing
    <set>
        isenabled = #{isenabled,jdbcType=INTEGER}
    </set>
    where id in (${ids})
  </update>
  
</mapper>
