<?xml version="1.0" encoding="UTF-8" ?>
<!DOCTYPE mapper PUBLIC "-//mybatis.org//DTD Mapper 3.0//EN" "http://mybatis.org/dtd/mybatis-3-mapper.dtd" >
<mapper namespace="com.cmw.dao.AccessStatisticsDao" >
  <resultMap id="BaseResultMap" type="com.cmw.entity.AccessStatisticsEntity" >
  	<id column="id" property="id" jdbcType="BIGINT" />
	<!-- 访问来源 -->
	<result column="sourceName" property="sourceName" jdbcType="VARCHAR"/>
	<!-- 访问来源类型 -->
	<result column="source" property="source" jdbcType="VARCHAR"/>
	<!-- 页面地址 -->
	<result column="pagePath" property="pagePath" jdbcType="VARCHAR"/>
	<!-- 页面名称 -->
	<result column="pageName" property="pageName" jdbcType="VARCHAR"/>
	<!-- 可用标志 -->
	<result column="isenabled" property="isenabled" jdbcType="TINYINT"/>
	<!-- 创建日期 -->
	<result column="createTime" property="createTime" jdbcType="TIMESTAMP"/>
	<!-- 类型 -->
	<result column="atype" property="atype" jdbcType="TINYINT"/>
	<!-- 访问时间 -->
	<result column="accessTime" property="accessTime" jdbcType="TIMESTAMP"/>
    <!-- 访问次数 -->
    <result column="acount" property="acount" jdbcType="BIGINT" />
    <!-- 访问key -->
    <result column="accessKey" property="accessKey" jdbcType="VARCHAR"/>
  </resultMap>
  <sql id="Base_Column_List" >
 	id,sourceName,source,pagePath,pageName,isenabled,createTime,atype,accessTime,acount,accessKey
  </sql>
  
  <select id="get" resultMap="BaseResultMap" parameterType="java.lang.Long">
   	select 
   	 <include refid="Base_Column_List" />
    from IM_AccessStatistics
    where id = #{id,jdbcType=INTEGER}
  </select>

  <select id="getByPars" resultMap="BaseResultMap">
   	select 
   	 <include refid="Base_Column_List" />
    from IM_AccessStatistics where 1=1
      <!--
          <if test="name != null" >
            and name like '%' || #{name,jdbcType=VARCHAR} || '%'
         </if>
          <if test="age != null" >
           and age = #{age}
         </if>
        -->
  </select>
  
   <select id="getList" resultMap="BaseResultMap">
   	select 
   	 <include refid="Base_Column_List" />
    from IM_AccessStatistics where 1=1 
    <!-- 
     <if test="name != null" >
         and name like '%' || #{name,jdbcType=VARCHAR} || '%'
      </if>
       <if test="age != null" >
        and age = #{age}
      </if>
     -->
  </select>
  
  <select id="getListMap" resultType="java.util.HashMap">
   	 select 
   	 <include refid="Base_Column_List" />
     from IM_AccessStatistics where 1=1 
     <!-- 
   	 <if test="name != null" >
         and name like '%' || #{name,jdbcType=VARCHAR} || '%'
      </if>
       <if test="age != null" >
        and age = #{age}
      </if>
     -->
  </select>
  
  
  <select id="getListAll" resultMap="BaseResultMap">
   	select 
   	 <include refid="Base_Column_List" />
    from IM_AccessStatistics where 1=1 
  </select>
  
  
  <select id="getPageByPars" resultType="java.util.Map">
   	select 
   	 <include refid="Base_Column_List" />
    from IM_AccessStatistics where 1=1 
      <!-- 
   	  <if test="name != null" >
         and name like '%' || #{name,jdbcType=VARCHAR} || '%'
      </if>
       <if test="age != null" >
        and age = #{age}
      </if>
     -->
      
      <if test="rightCondition != null" >
		  ${rightCondition}
	  </if>
	  
       order by id desc 
        <if test="offset!=null and pageSize!=null">  
	        limit #{offset},#{pageSize}
	    </if>
  </select>
  
  <!-- 获取总记录数 -->
  <select id="getTotals" resultType="java.lang.Long">
   	select count(1) as totalCount from IM_AccessStatistics where 1=1 
  </select>
  
   <!-- 根据参数获取总记录数 -->
  <select id="getTotalsByPars" resultType="java.lang.Long" parameterType="java.util.Map">
   	select count(1) as totalCount from IM_AccessStatistics where 1=1 
   	 <!-- 
     <if test="name != null" >
         and name like '%' || #{name,jdbcType=VARCHAR} || '%'
      </if>
       <if test="age != null" >
        and age = #{age}
      </if>
     -->
  </select>
  
  
  <!-- 获取最大ID -->
  <select id="getMaxID"  resultType="java.lang.Long">
   	select max(id) as maxId from IM_AccessStatistics where 1=1 
  </select>
  
  <insert id="insert" useGeneratedKeys="true" keyProperty="id" parameterType="com.cmw.entity.AccessStatisticsEntity" >
      insert into IM_AccessStatistics (sourceName,source,pagePath,pageName,isenabled,createTime,atype,accessTime,acount,accessKey)
    values (#{sourceName,jdbcType=VARCHAR},#{source,jdbcType=VARCHAR},#{pagePath,jdbcType=VARCHAR},#{pageName,jdbcType=VARCHAR},#{isenabled,jdbcType=TINYINT},#{createTime,jdbcType=TIMESTAMP},#{atype,jdbcType=TINYINT},#{accessTime,jdbcType=TIMESTAMP},#{acount,jdbcType=BIGINT},#{accessKey,jdbcType=VARCHAR})
  </insert>
  
  <insert id="batchInsert" parameterType="List" useGeneratedKeys="true" keyProperty="id">
	 insert into IM_AccessStatistics (sourceName,source,pagePath,pageName,isenabled,createTime,atype,accessTime,acount,accessKey) values
	  <foreach item="item" collection="list" separator=",">
	    (#{sourceName,jdbcType=VARCHAR},#{source,jdbcType=VARCHAR},#{pagePath,jdbcType=VARCHAR},#{pageName,jdbcType=VARCHAR},#{isenabled,jdbcType=TINYINT},#{createTime,jdbcType=TIMESTAMP},#{atype,jdbcType=TINYINT},#{accessTime,jdbcType=TIMESTAMP},#{acount,jdbcType=BIGINT},#{accessKey,jdbcType=VARCHAR})
	  </foreach>
  </insert>
  
   <update id="update" parameterType="com.cmw.entity.AccessStatisticsEntity" >
    update IM_AccessStatistics
    <set>
        <!-- 访问来源 -->
		<if test="sourceName != null" >
		  sourceName = #{sourceName,jdbcType=VARCHAR},
		</if>
		<!-- 访问来源类型 -->
		<if test="source != null" >
		  source = #{source,jdbcType=VARCHAR},
		</if>
		<!-- 页面地址 -->
		<if test="pagePath != null" >
		  pagePath = #{pagePath,jdbcType=VARCHAR},
		</if>
		<!-- 页面名称 -->
		<if test="pageName != null" >
		  pageName = #{pageName,jdbcType=VARCHAR},
		</if>
		<!-- 可用标志 -->
		<if test="isenabled != null" >
		  isenabled = #{isenabled,jdbcType=TINYINT},
		</if>
		<!-- 创建日期 -->
		<if test="createTime != null" >
		  createTime = #{createTime,jdbcType=TIMESTAMP},
		</if>
		<!-- 类型 -->
		<if test="atype != null" >
		  atype = #{atype,jdbcType=TINYINT},
		</if>
		<!-- 访问时间 -->
		<if test="accessTime != null" >
		  accessTime = #{accessTime,jdbcType=TIMESTAMP},
		</if>
        <!-- 访问次数 -->
        <if test="acount != null" >
            acount = #{acount,jdbcType=BIGINT},
        </if>
        <!-- 访问key -->
        <if test="accessKey != null" >
            accessKey = #{accessKey,jdbcType=VARCHAR},
        </if>
    </set>
    where id = #{id,jdbcType=INTEGER}
  </update>
  
   <update id="updateByPars" parameterType="map">
    update IM_AccessStatistics
    <set>
        <!-- 访问来源 -->
		<if test="sourceName != null" >
		  sourceName = #{sourceName,jdbcType=VARCHAR},
		</if>
		<!-- 访问来源类型 -->
		<if test="source != null" >
		  source = #{source,jdbcType=VARCHAR},
		</if>
		<!-- 页面地址 -->
		<if test="pagePath != null" >
		  pagePath = #{pagePath,jdbcType=VARCHAR},
		</if>
		<!-- 页面名称 -->
		<if test="pageName != null" >
		  pageName = #{pageName,jdbcType=VARCHAR},
		</if>
		<!-- 可用标志 -->
		<if test="isenabled != null" >
		  isenabled = #{isenabled,jdbcType=TINYINT},
		</if>
		<!-- 创建日期 -->
		<if test="createTime != null" >
		  createTime = #{createTime,jdbcType=TIMESTAMP},
		</if>
		<!-- 类型 -->
		<if test="atype != null" >
		  atype = #{atype,jdbcType=TINYINT},
		</if>
		<!-- 访问时间 -->
		<if test="accessTime != null" >
		  accessTime = #{accessTime,jdbcType=TIMESTAMP},
		</if>
        <!-- 访问次数 -->
        <if test="acount != null" >
            acount = #{acount,jdbcType=BIGINT},
        </if>
        <!-- 访问key -->
        <if test="accessKey != null" >
            accessKey = #{accessKey,jdbcType=VARCHAR},
        </if>
    </set>
    where 1=1
      <if test="par_accessKey != null" >
        and accessKey = #{par_accessKey}
      </if>

  </update>
  
  
  <update id="batchUpdate"  parameterType="java.util.List">  
      <foreach collection="list" item="item" index="index" open="" close="" separator=";">  
        update IM_AccessStatistics
        <set>
        <!-- 访问来源 -->
		<if test="sourceName != null" >
		  sourceName = #{sourceName,jdbcType=VARCHAR},
		</if>
		<!-- 访问来源类型 -->
		<if test="source != null" >
		  source = #{source,jdbcType=VARCHAR},
		</if>
		<!-- 页面地址 -->
		<if test="pagePath != null" >
		  pagePath = #{pagePath,jdbcType=VARCHAR},
		</if>
		<!-- 页面名称 -->
		<if test="pageName != null" >
		  pageName = #{pageName,jdbcType=VARCHAR},
		</if>
		<!-- 可用标志 -->
		<if test="isenabled != null" >
		  isenabled = #{isenabled,jdbcType=TINYINT},
		</if>
		<!-- 创建日期 -->
		<if test="createTime != null" >
		  createTime = #{createTime,jdbcType=TIMESTAMP},
		</if>
		<!-- 类型 -->
		<if test="atype != null" >
		  atype = #{atype,jdbcType=TINYINT},
		</if>
		<!-- 访问时间 -->
		<if test="accessTime != null" >
		  accessTime = #{accessTime,jdbcType=TIMESTAMP},
		</if>
        <!-- 访问次数 -->
        <if test="acount != null" >
            acount = #{acount,jdbcType=BIGINT},
        </if>
        <!-- 访问key -->
        <if test="accessKey != null" >
            accessKey = #{accessKey,jdbcType=VARCHAR},
        </if>
        </set>
        where id = #{item.id,jdbcType=INTEGER}
     </foreach>  
  </update>  
  
  <delete id="delete" parameterType="java.lang.Long" >
    delete from IM_AccessStatistics
    where id = #{id,jdbcType=INTEGER}
  </delete>
  
  <!-- 根据指定的参数，删除实体 -->
  <delete id="deleteByPars" parameterType="map" >
    delete from IM_AccessStatistics
     where 1=1 
     
      <if test="id != null" >
        and id = #{id,jdbcType=INTEGER}
      </if>
       
     <if test="name != null" >
        and name like '%' || #{name,jdbcType=VARCHAR} || '%'
      </if>
       <if test="phone != null" >
        and phone = #{name,jdbcType=VARCHAR}
      </if>
  </delete>
  
   <delete id="deleteByIds" >
    delete from IM_AccessStatistics
    where id in (${ids})
  </delete>
  
  <!-- 删除所有数据 -->
  <delete id="deleteAll" >
    delete from IM_AccessStatistics
  </delete>
  
  <!-- 根据ID禁用或启用数据-->
  <update id="enabled">
    update IM_AccessStatistics
    <set>
        isenabled = #{isenabled,jdbcType=INTEGER}
    </set>
    where id=#{id,jdbcType=INTEGER}
  </update>
  
   <!-- 根据ID禁用或启用数据-->
  <update id="enabledByPars" parameterType="map">
    update IM_AccessStatistics
    <set>
        isenabled = #{isenabled,jdbcType=INTEGER}
    </set>
     where 1=1 
    
      <if test="id != null" >
        and id = #{id,jdbcType=INTEGER}
      </if>
       
     <if test="name != null" >
         and name like '%' || #{name,jdbcType=VARCHAR} || '%'
      </if>
       <if test="phone != null" >
         and phone = #{name,jdbcType=VARCHAR}
      </if>
     
  </update>
  
   <!-- 根据多个ID禁用或启用数据-->
  <update id="enabledByIds">
    update IM_AccessStatistics
    <set>
        isenabled = #{isenabled,jdbcType=INTEGER}
    </set>
    where id in (${ids})
  </update>


    <select id="getAccessStatisticsList" resultType="java.util.Map">
SELECT
	a.HOUR HOUR,
	ifnull( b.count, 0 ) count
FROM
	(
	SELECT
		0 HOUR UNION ALL
	SELECT
		1 HOUR UNION ALL
	SELECT
		2 HOUR UNION ALL
	SELECT
		3 HOUR UNION ALL
	SELECT
		4 HOUR UNION ALL
	SELECT
		5 HOUR UNION ALL
	SELECT
		6 HOUR UNION ALL
	SELECT
		7 HOUR UNION ALL
	SELECT
		8 HOUR UNION ALL
	SELECT
		9 HOUR UNION ALL
	SELECT
		10 HOUR UNION ALL
	SELECT
		11 HOUR UNION ALL
	SELECT
		12 HOUR UNION ALL
	SELECT
		13 HOUR UNION ALL
	SELECT
		14 HOUR UNION ALL
	SELECT
		15 HOUR UNION ALL
	SELECT
		16 HOUR UNION ALL
	SELECT
		17 HOUR UNION ALL
	SELECT
		18 HOUR UNION ALL
	SELECT
		19 HOUR UNION ALL
	SELECT
		20 HOUR UNION ALL
	SELECT
		21 HOUR UNION ALL
	SELECT
		22 HOUR UNION ALL
	SELECT
		23 HOUR
	) a
	LEFT JOIN (
	SELECT HOUR
		( accessTime ) HOUR,
		<if test="atype==2 or atype==3">
            COUNT(DISTINCT SUBSTRING_INDEX(accessKey,'_/',1)) count
        </if>
        <if test="atype==1">
            sum( acount ) count
        </if>
	FROM
		im_accessstatistics
	WHERE
		atype = #{atype}
		AND date_format( accessTime, '%Y-%m-%d' ) = DATE_FORMAT(#{queryDate} , '%Y-%m-%d')
	GROUP BY
		date_format( accessTime, '%Y%m%d-%H' ),
	HOUR
	) b ON a.HOUR = b.HOUR

ORDER BY
HOUR
    </select>

	<sql id="AccessStatisticsList" >
	(
	SELECT
		id,
		sourceName,
		source,
		pagePath,
		pageName,
		createTime,
		accessTime,
		sum( acount ) AS pv
	FROM
		sysbase.im_accessstatistics
	WHERE
		date_format( accessTime, '%Y-%m-%d' ) >= #{queryDateSmall} AND date_format( accessTime, '%Y-%m-%d' ) &lt;= #{queryDate}

		AND atype = 1
		<if test="pagePath!=null">
			AND pagePath LIKE CONCAT( '%', #{pagePath}, '%' )
		</if>

	GROUP BY
		source,
		pagePath
	) a,
	(
	SELECT
		source,
		pagePath,
		pageName,
		count( acount ) AS uv
	FROM
		sysbase.im_accessstatistics
	WHERE
		date_format( accessTime, '%Y-%m-%d' ) >= #{queryDateSmall} AND date_format( accessTime, '%Y-%m-%d' ) &lt;= #{queryDate}

		AND atype = 2
		<if test="pagePath!=null">
			AND pagePath LIKE CONCAT( '%', #{pagePath}, '%' )
		</if>
	GROUP BY
		source,
		pagePath
	) b,
	(
	SELECT
		source,
		pagePath,
		pageName,
		count( acount ) AS ip
	FROM
		sysbase.im_accessstatistics
	WHERE
		date_format( accessTime, '%Y-%m-%d' ) >= #{queryDateSmall} AND date_format( accessTime, '%Y-%m-%d' ) &lt;= #{queryDate}

		AND atype = 3
		<if test="pagePath!=null">
			AND pagePath LIKE CONCAT( '%', #{pagePath}, '%' )
		</if>
	GROUP BY
		source,
		pagePath
	) c
WHERE
	a.source = b.source
	AND a.source = c.source
	AND b.source = c.source
	AND a.pagePath = b.pagePath
	AND a.pagePath = c.pagePath
	AND b.pagePath = c.pagePath
	ORDER BY a.accessTime
	</sql>

	<select id="getAccessStatisticsListToDay" resultType="java.util.Map">
SELECT
		a.id,
		a.sourceName,
		a.source,
		a.pagePath,
		a.pageName,
		a.createTime,
		a.accessTime,
		a.pv,
		b.uv,
		c.ip
		FROM<include refid="AccessStatisticsList" />
		<if test="offset != null and pageSize != null">
			LIMIT #{offset}, #{pageSize}
		</if>
	</select>

	<select id="getAccessStatisticsListToDaySum" resultType="java.lang.Long">
		SELECT
		count(1)
		FROM<include refid="AccessStatisticsList" />
	</select>
</mapper>
