<?xml version="1.0" encoding="UTF-8" ?>
<!DOCTYPE mapper PUBLIC "-//mybatis.org//DTD Mapper 3.0//EN" "http://mybatis.org/dtd/mybatis-3-mapper.dtd" >
<mapper namespace="com.cmw.dao.ConsultationDao" >
  <resultMap id="BaseResultMap" type="com.cmw.entity.ConsultationEntity" >
  	<id column="id" property="id" jdbcType="BIGINT" />
	<!-- 创建日期 -->
	<result column="createTime" property="createTime" jdbcType="TIMESTAMP"/>
	<!-- 可用标志 -->
	<result column="isenabled" property="isenabled" jdbcType="TINYINT"/>
	<!-- 备注 -->
	<result column="remark" property="remark" jdbcType="VARCHAR"/>
	<!-- 咨询状态 -->
	<result column="xstatus" property="xstatus" jdbcType="INTEGER"/>
	<!-- 结束时间 -->
	<result column="endTime" property="endTime" jdbcType="VARCHAR"/>
	<!-- 发起时间 -->
	<result column="startTime" property="startTime" jdbcType="TIMESTAMP"/>
	<!-- 快照消息ID -->
	<result column="msgId" property="msgId" jdbcType="BIGINT"/>
	<!-- 业务ID -->
	<result column="formId" property="formId" jdbcType="BIGINT"/>
	<!-- 业务类型 -->
	<result column="bussType" property="bussType" jdbcType="INTEGER"/>
	<!-- 接收人ID -->
	<result column="receiver" property="receiver" jdbcType="VARCHAR"/>
  	<!-- 原接收人ID -->
  	<result column="oldReceiver" property="oldReceiver" jdbcType="VARCHAR"/>
	<!-- 发起人ID -->
	<result column="sender" property="sender" jdbcType="VARCHAR"/>
  	<!-- 咨询费用 -->
  	<result column="samount" property="samount" jdbcType="DECIMAL"/>
	  <!-- 支付状态 -->
	  <result column="pstatus" property="pstatus" jdbcType="INTEGER"/>
	  <!-- 支付时间 -->
	  <result column="payTime" property="payTime" jdbcType="TIMESTAMP"/>
  </resultMap>
  <sql id="Base_Column_List" >
 	id,createTime,isenabled,remark,xstatus,endTime,startTime,msgId,formId,bussType,receiver,sender,samount,pstatus,payTime
  </sql>
  
  <select id="get" resultMap="BaseResultMap" parameterType="java.lang.Long">
   	select 
   	 <include refid="Base_Column_List" />
    from IM_Consultation
    where id = #{id,jdbcType=INTEGER}
  </select>

  <select id="getByPars" resultMap="BaseResultMap">
   	select 
   	 <include refid="Base_Column_List" />
    from IM_Consultation where isenabled = 1
	  <if test="sender != null" >
	   and sender = #{sender}
	 </if>
	  <if test="receiver != null" >
		  and receiver = #{receiver}
	  </if>
	  <if test="bussType != null" >
		  and bussType = #{bussType}
	  </if>
	  <if test="xstatus != null" >
		  and xstatus != #{xstatus}
	  </if>
  </select>
  
   <select id="getList" resultMap="BaseResultMap">
   	select 
   	 <include refid="Base_Column_List" />
    from IM_Consultation where 1=1
	   <!-- 可用标志 -->
	   <if test="isenabled != null" >
		   AND isenabled = #{isenabled,jdbcType=TINYINT}
	   </if>
	   <!-- 业务类型 -->
	   <if test="bussType != null" >
		   AND bussType = #{bussType,jdbcType=INTEGER}
	   </if>
	   <!-- 支付状态 -->
	   <if test="pstatus != null" >
		   AND pstatus = #{pstatus,jdbcType=INTEGER}
	   </if>
    <!-- 
     <if test="name != null" >
         and name like '%' || #{name,jdbcType=VARCHAR} || '%'
      </if>
       <if test="age != null" >
        and age = #{age}
      </if>
     -->
  </select>

	<select id="getListByXstatus" resultType="java.util.HashMap">
		select A.id as consultationId,A.xstatus,A.samount,A.sender,A.receiver,B.content,
		DATE_FORMAT(B.createTime,'%Y-%m-%d %H:%i') as createTime,B.sender as msgSender
		 from im_consultation as A inner join im_message as B on A.msgId=B.id
		 where A.isenabled=1
		 AND A.pstatus = 1
		 <!-- 进行中的一对一咨询 -->
		<if test='bussTag != null and bussTag == "1"' >
			and A.xstatus in (0,1)
		</if>
		<!-- 完成的一对一咨询 -->
		<if test='bussTag != null and bussTag == "2"' >
			and A.xstatus = 2
		</if>
		<!-- 咨询列表 -->
		<if test='memberId != null' >
			and (A.sender = #{memberId} or  A.receiver = #{memberId})
		</if>
		<!-- 发送人 -->
		<if test='sender != null' >
			and A.sender = #{sender}
		</if>
		<!-- 接收人 -->
		<if test='receiver != null' >
			and A.receiver = #{receiver}
		</if>
		 order by B.createTime desc,A.id desc
	</select>

  <select id="getListMap" resultType="java.util.HashMap">
   	 select 
   	 <include refid="Base_Column_List" />
     from IM_Consultation where 1=1 
     <!-- 
   	 <if test="name != null" >
         and name like '%' || #{name,jdbcType=VARCHAR} || '%'
      </if>
       <if test="age != null" >
        and age = #{age}
      </if>
     -->
  </select>
  
  
  <select id="getListAll" resultMap="BaseResultMap">
   	select 
   	 <include refid="Base_Column_List" />
    from IM_Consultation where 1=1 
  </select>
  
  
  <select id="getPageByPars" resultType="java.util.Map">
   	select 
   	 <include refid="Base_Column_List" />
    from IM_Consultation where 1=1 
      <!-- 
   	  <if test="name != null" >
         and name like '%' || #{name,jdbcType=VARCHAR} || '%'
      </if>
       <if test="age != null" >
        and age = #{age}
      </if>
     -->
      
      <if test="rightCondition != null" >
		  ${rightCondition}
	  </if>
	  
       order by id desc 
        <if test="offset!=null and pageSize!=null">  
	        limit #{offset},#{pageSize}
	    </if>
  </select>
  
  <!-- 获取总记录数 -->
  <select id="getTotals" resultType="java.lang.Long">
   	select count(1) as totalCount from IM_Consultation where 1=1 
  </select>
  
   <!-- 根据参数获取总记录数 -->
  <select id="getTotalsByPars" resultType="java.lang.Long" parameterType="java.util.Map">
   	select count(1) as totalCount from IM_Consultation where 1=1 
   	 <!-- 
     <if test="name != null" >
         and name like '%' || #{name,jdbcType=VARCHAR} || '%'
      </if>
       <if test="age != null" >
        and age = #{age}
      </if>
     -->
  </select>
  
  
  <!-- 获取最大ID -->
  <select id="getMaxID"  resultType="java.lang.Long">
   	select max(id) as maxId from IM_Consultation where 1=1 
  </select>
  
  <insert id="insert" useGeneratedKeys="true" keyProperty="id" parameterType="com.cmw.entity.ConsultationEntity" >
      insert into IM_Consultation (createTime,isenabled,remark,xstatus,endTime,startTime,msgId,formId,bussType,receiver,sender,samount,pstatus,payTime)
    values (#{createTime,jdbcType=TIMESTAMP},#{isenabled,jdbcType=TINYINT},#{remark,jdbcType=VARCHAR},#{xstatus,jdbcType=INTEGER},#{endTime,jdbcType=VARCHAR},#{startTime,jdbcType=TIMESTAMP},#{msgId,jdbcType=BIGINT},#{formId,jdbcType=BIGINT},#{bussType,jdbcType=INTEGER},#{receiver,jdbcType=VARCHAR},#{sender,jdbcType=VARCHAR},#{samount,jdbcType=DECIMAL},#{pstatus,jdbcType=INTEGER},#{payTime,jdbcType=TIMESTAMP})
  </insert>
  
  <insert id="batchInsert" parameterType="List" useGeneratedKeys="true" keyProperty="id">
	 insert into IM_Consultation (createTime,isenabled,remark,xstatus,endTime,startTime,msgId,formId,bussType,receiver,sender,samount,pstatus,payTime) values
	  <foreach item="item" collection="list" separator=",">
	    (#{createTime,jdbcType=TIMESTAMP},#{isenabled,jdbcType=TINYINT},#{remark,jdbcType=VARCHAR},#{xstatus,jdbcType=INTEGER},#{endTime,jdbcType=VARCHAR},#{startTime,jdbcType=TIMESTAMP},#{msgId,jdbcType=BIGINT},#{formId,jdbcType=BIGINT},#{bussType,jdbcType=INTEGER},#{receiver,jdbcType=VARCHAR},#{sender,jdbcType=VARCHAR},#{samount,jdbcType=DECIMAL},#{pstatus,jdbcType=INTEGER},#{payTime,jdbcType=TIMESTAMP})
	  </foreach>
  </insert>
  
   <update id="update" parameterType="com.cmw.entity.ConsultationEntity" >
    update IM_Consultation
    <set>
		<!-- 创建日期 -->
		<if test="createTime != null" >
		  createTime = #{createTime,jdbcType=TIMESTAMP},
		</if>
		<!-- 可用标志 -->
		<if test="isenabled != null" >
		  isenabled = #{isenabled,jdbcType=TINYINT},
		</if>
		<!-- 备注 -->
		<if test="remark != null" >
		  remark = #{remark,jdbcType=VARCHAR},
		</if>
		<!-- 咨询状态 -->
		<if test="xstatus != null" >
		  xstatus = #{xstatus,jdbcType=INTEGER},
		</if>
		<!-- 结束时间 -->
		<if test="endTime != null" >
		  endTime = #{endTime,jdbcType=VARCHAR},
		</if>
		<!-- 发起时间 -->
		<if test="startTime != null" >
		  startTime = #{startTime,jdbcType=TIMESTAMP},
		</if>
		<!-- 快照消息ID -->
		<if test="msgId != null" >
		  msgId = #{msgId,jdbcType=BIGINT},
		</if>
		<!-- 业务ID -->
		<if test="formId != null" >
		  formId = #{formId,jdbcType=BIGINT},
		</if>
		<!-- 业务类型 -->
		<if test="bussType != null" >
		  bussType = #{bussType,jdbcType=INTEGER},
		</if>
		<!-- 接收人ID -->
		<if test="receiver != null" >
		  receiver = #{receiver,jdbcType=VARCHAR},
		</if>
		<!-- 发起人ID -->
		<if test="sender != null" >
		  sender = #{sender,jdbcType=VARCHAR},
		</if>
		<!-- 咨询费用 -->
		<if test="samount != null" >
			samount = #{samount,jdbcType=DECIMAL},
		</if>
		<!-- 支付状态 -->
		<if test="pstatus != null" >
			pstatus = #{pstatus,jdbcType=INTEGER},
		</if>
		<!-- 支付时间 -->
		<if test="payTime != null" >
			payTime = #{payTime,jdbcType=TIMESTAMP},
		</if>
    </set>
    where id = #{id,jdbcType=INTEGER}
  </update>
  
   <update id="updateByPars" parameterType="map">
    update IM_Consultation
    <set>
		<!-- 创建日期 -->
		<if test="createTime != null" >
		  createTime = #{createTime,jdbcType=TIMESTAMP},
		</if>
		<!-- 可用标志 -->
		<if test="isenabled != null" >
		  isenabled = #{isenabled,jdbcType=TINYINT},
		</if>
		<!-- 备注 -->
		<if test="remark != null" >
		  remark = #{remark,jdbcType=VARCHAR},
		</if>
		<!-- 咨询状态 -->
		<if test="xstatus != null" >
		  xstatus = #{xstatus,jdbcType=INTEGER},
		</if>
		<!-- 结束时间 -->
		<if test="endTime != null" >
		  endTime = #{endTime,jdbcType=VARCHAR},
		</if>
		<!-- 发起时间 -->
		<if test="startTime != null" >
		  startTime = #{startTime,jdbcType=TIMESTAMP},
		</if>
		<!-- 快照消息ID -->
		<if test="msgId != null" >
		  msgId = #{msgId,jdbcType=BIGINT},
		</if>
		<!-- 业务ID -->
		<if test="formId != null" >
		  formId = #{formId,jdbcType=BIGINT},
		</if>
		<!-- 业务类型 -->
		<if test="bussType != null" >
		  bussType = #{bussType,jdbcType=INTEGER},
		</if>
		<!-- 接收人ID -->
		<if test="receiver != null" >
		  receiver = #{receiver,jdbcType=VARCHAR},
		</if>
		<!-- 原接收人ID -->
		<if test="oldReceiver != null" >
			oldReceiver = #{oldReceiver,jdbcType=VARCHAR},
		</if>
		<!-- 发起人ID -->
		<if test="sender != null" >
		  sender = #{sender,jdbcType=VARCHAR},
		</if>
		<!-- 咨询费用 -->
		<if test="samount != null" >
			samount = #{samount,jdbcType=DECIMAL},
		</if>
		<!-- 支付状态 -->
		<if test="pstatus != null" >
			pstatus = #{pstatus,jdbcType=INTEGER},
		</if>
		<!-- 支付时间 -->
		<if test="payTime != null" >
			payTime = #{payTime,jdbcType=TIMESTAMP},
		</if>
    </set>
    where 1=1 
     <!-- where 条件参数必须加上 par_+wherePars参数key -->

      <if test="par_id != null" >
        and id = #{par_id}
      </if>
	   <!--
    <if test="par_name != null" >
        and name like '%' || #{par_name,jdbcType=VARCHAR} || '%'
     </if>
      <if test="par_phone != null" >
       and phone = '${par_phone}'
     </if>
     -->
  </update>
  
  
  <update id="batchUpdate"  parameterType="java.util.List">  
      <foreach collection="list" item="item" index="index" open="" close="" separator=";">  
		update IM_Consultation
		<set>
		<!-- 创建日期 -->
		<if test="createTime != null" >
		  createTime = #{createTime,jdbcType=TIMESTAMP},
		</if>
		<!-- 可用标志 -->
		<if test="isenabled != null" >
		  isenabled = #{isenabled,jdbcType=TINYINT},
		</if>
		<!-- 备注 -->
		<if test="remark != null" >
		  remark = #{remark,jdbcType=VARCHAR},
		</if>
		<!-- 咨询状态 -->
		<if test="xstatus != null" >
		  xstatus = #{xstatus,jdbcType=INTEGER},
		</if>
		<!-- 结束时间 -->
		<if test="endTime != null" >
		  endTime = #{endTime,jdbcType=VARCHAR},
		</if>
		<!-- 发起时间 -->
		<if test="startTime != null" >
		  startTime = #{startTime,jdbcType=TIMESTAMP},
		</if>
		<!-- 快照消息ID -->
		<if test="msgId != null" >
		  msgId = #{msgId,jdbcType=BIGINT},
		</if>
		<!-- 业务ID -->
		<if test="formId != null" >
		  formId = #{formId,jdbcType=BIGINT},
		</if>
		<!-- 业务类型 -->
		<if test="bussType != null" >
		  bussType = #{bussType,jdbcType=INTEGER},
		</if>
		<!-- 接收人ID -->
		<if test="receiver != null" >
		  receiver = #{receiver,jdbcType=VARCHAR},
		</if>
		<!-- 发起人ID -->
		<if test="sender != null" >
		  sender = #{sender,jdbcType=VARCHAR},
		</if>
		<!-- 咨询费用 -->
		<if test="samount != null" >
			samount = #{samount,jdbcType=DECIMAL},
		</if>
			<!-- 支付状态 -->
			<if test="pstatus != null" >
				pstatus = #{pstatus,jdbcType=INTEGER},
			</if>
			<!-- 支付时间 -->
			<if test="payTime != null" >
				payTime = #{payTime,jdbcType=TIMESTAMP},
			</if>
		</set>
		where id = #{item.id,jdbcType=INTEGER}
     </foreach>  
  </update>  
  
  <delete id="delete" parameterType="java.lang.Long" >
    delete from IM_Consultation
    where id = #{id,jdbcType=INTEGER}
  </delete>
  
  <!-- 根据指定的参数，删除实体 -->
  <delete id="deleteByPars" parameterType="map" >
    delete from IM_Consultation
     where 1=1 
     
      <if test="id != null" >
        and id = #{id,jdbcType=INTEGER}
      </if>
       
     <if test="name != null" >
        and name like '%' || #{name,jdbcType=VARCHAR} || '%'
      </if>
       <if test="phone != null" >
        and phone = #{name,jdbcType=VARCHAR}
      </if>
  </delete>
  
   <delete id="deleteByIds" >
    delete from IM_Consultation
    where id in (${ids})
  </delete>
  
  <!-- 删除所有数据 -->
  <delete id="deleteAll" >
    delete from IM_Consultation
  </delete>
  
  <!-- 根据ID禁用或启用数据-->
  <update id="enabled">
    update IM_Consultation
    <set>
        isenabled = #{isenabled,jdbcType=INTEGER}
    </set>
    where id=#{id,jdbcType=INTEGER}
  </update>
  
   <!-- 根据ID禁用或启用数据-->
  <update id="enabledByPars" parameterType="map">
    update IM_Consultation
    <set>
        isenabled = #{isenabled,jdbcType=INTEGER}
    </set>
     where 1=1 
    
      <if test="id != null" >
        and id = #{id,jdbcType=INTEGER}
      </if>
       
     <if test="name != null" >
         and name like '%' || #{name,jdbcType=VARCHAR} || '%'
      </if>
       <if test="phone != null" >
         and phone = #{name,jdbcType=VARCHAR}
      </if>
     
  </update>
  
   <!-- 根据多个ID禁用或启用数据-->
  <update id="enabledByIds">
    update IM_Consultation
    <set>
        isenabled = #{isenabled,jdbcType=INTEGER}
    </set>
    where id in (${ids})
  </update>

	<sql id="getListPageSql">
		SELECT a.id, a.sender, DATE_FORMAT( a.createTime, '%Y-%m-%d %H:%i:%s' ) AS createTime,
		a.pstatus, a.samount, a.xstatus,
		IF ( b.rname = NULL, b.account, b.rname ) AS senderName, b.account AS senderTel, IF ( c.rname = NULL, c.account, c.rname ) AS receiverName,
		1 AS payType
		FROM im_consultation AS a
		LEFT JOIN `insure-api`.rb_member AS b ON a.sender = b.id
		LEFT JOIN `insure-api`.rb_member AS c ON a.receiver = c.id
		WHERE a.isenabled = 1
		<if test="senderName != null">
			AND b.rname LIKE CONCAT('%',#{senderName,jdbcType=VARCHAR},'%')
		</if>
		<if test="senderTel != null">
			AND b.account = #{senderTel,jdbcType=VARCHAR}
		</if>
		<if test="xstatus != null">
			AND a.xstatus = #{xstatus,jdbcType=INTEGER}
		</if>
		<if test="startCreateTime != null">
			AND DATE_FORMAT(a.createTime, '%Y-%m-%d') >= DATE_FORMAT(#{startCreateTime,jdbcType=VARCHAR}, '%Y-%m-%d')
		</if>
		<if test="endCreateTime != null">
			AND DATE_FORMAT(a.createTime, '%Y-%m-%d') &lt;= DATE_FORMAT(#{endCreateTime,jdbcType=VARCHAR}, '%Y-%m-%d')
		</if>
		ORDER BY a.id DESC
	</sql>

	<select id="getListPageTotal" resultType="java.lang.Long">
		SELECT count(1) FROM (<include refid="getListPageSql" />) AS TOTAL_TAB
	</select>

	<select id="getListPage" resultType="java.util.Map">
		<include refid="getListPageSql" />
		<if test="offset!=null and pageSize!=null">
			LIMIT #{offset},#{pageSize}
		</if>
	</select>
  
</mapper>
