<?xml version="1.0" encoding="UTF-8" ?>
<!DOCTYPE mapper PUBLIC "-//mybatis.org//DTD Mapper 3.0//EN" "http://mybatis.org/dtd/mybatis-3-mapper.dtd" >
<mapper namespace="com.cmw.dao.FriendGroupDao" >
  <resultMap id="BaseResultMap" type="com.cmw.entity.FriendGroupEntity" >
  	<id column="id" property="id" jdbcType="BIGINT" />
	<!-- 创建日期 -->
	<result column="createTime" property="createTime" jdbcType="TIMESTAMP"/>
	<!-- 可用标志 -->
	<result column="isenabled" property="isenabled" jdbcType="TINYINT"/>
	<!-- 审批时间 -->
	<result column="auditTime" property="auditTime" jdbcType="TIMESTAMP"/>
	<!-- 备注 -->
	<result column="remark" property="remark" jdbcType="VARCHAR"/>
	<!-- 审批状态 -->
	<result column="xstatus" property="xstatus" jdbcType="INTEGER"/>
	<!-- 群名称 -->
	<result column="groupName" property="groupName" jdbcType="VARCHAR"/>
	<!-- 创建人ID -->
	<result column="creatorId" property="creatorId" jdbcType="VARCHAR"/>
	<!-- 本人类型 -->
	<result column="myType" property="myType" jdbcType="INTEGER"/>

  </resultMap>
  <sql id="Base_Column_List" >
 	id,createTime,isenabled,auditTime,remark,xstatus,groupName,creatorId,myType
  </sql>
  
  <select id="get" resultMap="BaseResultMap" parameterType="java.lang.Long">
   	select 
   	 <include refid="Base_Column_List" />
    from IM_FriendGroup
    where id = #{id,jdbcType=INTEGER}
  </select>

  <select id="getByPars" resultMap="BaseResultMap">
   	select 
   	 <include refid="Base_Column_List" />
    from IM_FriendGroup where 1=1
      <!--
          <if test="name != null" >
            and name like '%' || #{name,jdbcType=VARCHAR} || '%'
         </if>
          <if test="age != null" >
           and age = #{age}
         </if>
        -->
  </select>
  
   <select id="getList" resultMap="BaseResultMap">
   	select 
   	 <include refid="Base_Column_List" />
    from IM_FriendGroup where 1=1 
    <!-- 
     <if test="name != null" >
         and name like '%' || #{name,jdbcType=VARCHAR} || '%'
      </if>
       <if test="age != null" >
        and age = #{age}
      </if>
     -->
  </select>
  
  <select id="getListMap" resultType="java.util.HashMap">
   	 select 
   	 <include refid="Base_Column_List" />
     from IM_FriendGroup where 1=1 
     <!-- 
   	 <if test="name != null" >
         and name like '%' || #{name,jdbcType=VARCHAR} || '%'
      </if>
       <if test="age != null" >
        and age = #{age}
      </if>
     -->
  </select>
  
  
  <select id="getListAll" resultMap="BaseResultMap">
   	select 
   	 <include refid="Base_Column_List" />
    from IM_FriendGroup where 1=1 
  </select>
  
  
  <select id="getPageByPars" resultType="java.util.Map">
   	select 
   	 <include refid="Base_Column_List" />
    from IM_FriendGroup where 1=1 
      <!-- 
   	  <if test="name != null" >
         and name like '%' || #{name,jdbcType=VARCHAR} || '%'
      </if>
       <if test="age != null" >
        and age = #{age}
      </if>
     -->
      
      <if test="rightCondition != null" >
		  ${rightCondition}
	  </if>
	  
       order by id desc 
        <if test="offset!=null and pageSize!=null">  
	        limit #{offset},#{pageSize}
	    </if>
  </select>
  
  <!-- 获取总记录数 -->
  <select id="getTotals" resultType="java.lang.Long">
   	select count(1) as totalCount from IM_FriendGroup where 1=1 
  </select>
  
   <!-- 根据参数获取总记录数 -->
  <select id="getTotalsByPars" resultType="java.lang.Long" parameterType="java.util.Map">
   	select count(1) as totalCount from IM_FriendGroup where 1=1 
   	 <!-- 
     <if test="name != null" >
         and name like '%' || #{name,jdbcType=VARCHAR} || '%'
      </if>
       <if test="age != null" >
        and age = #{age}
      </if>
     -->
  </select>
  
  
  <!-- 获取最大ID -->
  <select id="getMaxID"  resultType="java.lang.Long">
   	select max(id) as maxId from IM_FriendGroup where 1=1 
  </select>
  
  <insert id="insert" useGeneratedKeys="true" keyProperty="id" parameterType="com.cmw.entity.FriendGroupEntity" >
      insert into IM_FriendGroup (createTime,isenabled,auditTime,remark,xstatus,groupName,creatorId,myType)
    values (#{createTime,jdbcType=TIMESTAMP},#{isenabled,jdbcType=TINYINT},#{auditTime,jdbcType=TIMESTAMP},#{remark,jdbcType=VARCHAR},#{xstatus,jdbcType=INTEGER},#{groupName,jdbcType=VARCHAR},#{creatorId,jdbcType=VARCHAR},#{myType,jdbcType=INTEGER})
  </insert>
  
  <insert id="batchInsert" parameterType="List" useGeneratedKeys="true" keyProperty="id">
	 insert into IM_FriendGroup (createTime,isenabled,auditTime,remark,xstatus,groupName,creatorId,myType) values
	  <foreach item="item" collection="list" separator=",">
	    (#{createTime,jdbcType=TIMESTAMP},#{isenabled,jdbcType=TINYINT},#{auditTime,jdbcType=TIMESTAMP},#{remark,jdbcType=VARCHAR},#{xstatus,jdbcType=INTEGER},#{groupName,jdbcType=VARCHAR},#{creatorId,jdbcType=VARCHAR},#{myType,jdbcType=INTEGER})
	  </foreach>
  </insert>
  
   <update id="update" parameterType="com.cmw.entity.FriendGroupEntity" >
    update IM_FriendGroup
    <set>
    			<!-- 创建日期 -->
		<if test="createTime != null" >
		  createTime = #{createTime,jdbcType=TIMESTAMP},
		</if>
		<!-- 可用标志 -->
		<if test="isenabled != null" >
		  isenabled = #{isenabled,jdbcType=TINYINT},
		</if>
		<!-- 审批时间 -->
		<if test="auditTime != null" >
		  auditTime = #{auditTime,jdbcType=TIMESTAMP},
		</if>
		<!-- 备注 -->
		<if test="remark != null" >
		  remark = #{remark,jdbcType=VARCHAR},
		</if>
		<!-- 审批状态 -->
		<if test="xstatus != null" >
		  xstatus = #{xstatus,jdbcType=INTEGER},
		</if>
		<!-- 群名称 -->
		<if test="groupName != null" >
		  groupName = #{groupName,jdbcType=VARCHAR},
		</if>
		<!-- 创建人ID -->
		<if test="creatorId != null" >
		  creatorId = #{creatorId,jdbcType=VARCHAR},
		</if>
		<!-- 本人类型 -->
		<if test="myType != null" >
		  myType = #{myType,jdbcType=INTEGER},
		</if>

    </set>
    where id = #{id,jdbcType=INTEGER}
  </update>
  
   <update id="updateByPars" parameterType="map">
    update IM_FriendGroup
    <set>
     			<!-- 创建日期 -->
		<if test="createTime != null" >
		  createTime = #{createTime,jdbcType=TIMESTAMP},
		</if>
		<!-- 可用标志 -->
		<if test="isenabled != null" >
		  isenabled = #{isenabled,jdbcType=TINYINT},
		</if>
		<!-- 审批时间 -->
		<if test="auditTime != null" >
		  auditTime = #{auditTime,jdbcType=TIMESTAMP},
		</if>
		<!-- 备注 -->
		<if test="remark != null" >
		  remark = #{remark,jdbcType=VARCHAR},
		</if>
		<!-- 审批状态 -->
		<if test="xstatus != null" >
		  xstatus = #{xstatus,jdbcType=INTEGER},
		</if>
		<!-- 群名称 -->
		<if test="groupName != null" >
		  groupName = #{groupName,jdbcType=VARCHAR},
		</if>
		<!-- 创建人ID -->
		<if test="creatorId != null" >
		  creatorId = #{creatorId,jdbcType=VARCHAR},
		</if>
		<!-- 本人类型 -->
		<if test="myType != null" >
		  myType = #{myType,jdbcType=INTEGER},
		</if>

    </set>
    where 1=1 
     <!-- where 条件参数必须加上 par_+wherePars参数key -->
     <!-- 
      <if test="par_id != null" >
        and id = #{par_id}
      </if>
       
     <if test="par_name != null" >
         and name like '%' || #{par_name,jdbcType=VARCHAR} || '%'
      </if>
       <if test="par_phone != null" >
        and phone = '${par_phone}'
      </if>
      -->
  </update>
  
  
  <update id="batchUpdate"  parameterType="java.util.List">  
      <foreach collection="list" item="item" index="index" open="" close="" separator=";">  
            update IM_FriendGroup   
            <set>  
            			<!-- 创建日期 -->
		<if test="createTime != null" >
		  createTime = #{createTime,jdbcType=TIMESTAMP},
		</if>
		<!-- 可用标志 -->
		<if test="isenabled != null" >
		  isenabled = #{isenabled,jdbcType=TINYINT},
		</if>
		<!-- 审批时间 -->
		<if test="auditTime != null" >
		  auditTime = #{auditTime,jdbcType=TIMESTAMP},
		</if>
		<!-- 备注 -->
		<if test="remark != null" >
		  remark = #{remark,jdbcType=VARCHAR},
		</if>
		<!-- 审批状态 -->
		<if test="xstatus != null" >
		  xstatus = #{xstatus,jdbcType=INTEGER},
		</if>
		<!-- 群名称 -->
		<if test="groupName != null" >
		  groupName = #{groupName,jdbcType=VARCHAR},
		</if>
		<!-- 创建人ID -->
		<if test="creatorId != null" >
		  creatorId = #{creatorId,jdbcType=VARCHAR},
		</if>
		<!-- 本人类型 -->
		<if test="myType != null" >
		  myType = #{myType,jdbcType=INTEGER},
		</if>

		    </set>
		    where id = #{item.id,jdbcType=INTEGER}
     </foreach>  
  </update>  
  
  <delete id="delete" parameterType="java.lang.Long" >
    delete from IM_FriendGroup
    where id = #{id,jdbcType=INTEGER}
  </delete>
  
  <!-- 根据指定的参数，删除实体 -->
  <delete id="deleteByPars" parameterType="map" >
    delete from IM_FriendGroup
     where 1=1 
     
      <if test="id != null" >
        and id = #{id,jdbcType=INTEGER}
      </if>
       
     <if test="name != null" >
        and name like '%' || #{name,jdbcType=VARCHAR} || '%'
      </if>
       <if test="phone != null" >
        and phone = #{name,jdbcType=VARCHAR}
      </if>
  </delete>
  
   <delete id="deleteByIds" >
    delete from IM_FriendGroup
    where id in (${ids})
  </delete>
  
  <!-- 删除所有数据 -->
  <delete id="deleteAll" >
    delete from IM_FriendGroup
  </delete>
  
  <!-- 根据ID禁用或启用数据-->
  <update id="enabled">
    update IM_FriendGroup
    <set>
        isenabled = #{isenabled,jdbcType=INTEGER}
    </set>
    where id=#{id,jdbcType=INTEGER}
  </update>
  
   <!-- 根据ID禁用或启用数据-->
  <update id="enabledByPars" parameterType="map">
    update IM_FriendGroup
    <set>
        isenabled = #{isenabled,jdbcType=INTEGER}
    </set>
     where 1=1 
    
      <if test="id != null" >
        and id = #{id,jdbcType=INTEGER}
      </if>
       
     <if test="name != null" >
         and name like '%' || #{name,jdbcType=VARCHAR} || '%'
      </if>
       <if test="phone != null" >
         and phone = #{name,jdbcType=VARCHAR}
      </if>
     
  </update>
  
   <!-- 根据多个ID禁用或启用数据-->
  <update id="enabledByIds">
    update IM_FriendGroup
    <set>
        isenabled = #{isenabled,jdbcType=INTEGER}
    </set>
    where id in (${ids})
  </update>
  
</mapper>
