<?xml version="1.0" encoding="UTF-8" ?>
<!DOCTYPE mapper PUBLIC "-//mybatis.org//DTD Mapper 3.0//EN" "http://mybatis.org/dtd/mybatis-3-mapper.dtd" >
<mapper namespace="com.cmw.dao.MessageDao" >
  <resultMap id="BaseResultMap" type="com.cmw.entity.MessageEntity" >
  	<id column="id" property="id" jdbcType="BIGINT" />
	<!-- uuid标识 -->
    <result column="uuid" property="uuid" jdbcType="VARCHAR"/>
	<!-- 创建日期 -->
	<result column="createTime" property="createTime" jdbcType="TIMESTAMP"/>
	<!-- 可用标志 -->
	<result column="isenabled" property="isenabled" jdbcType="TINYINT"/>
	<!-- 签收状态 -->
	<result column="rstatus" property="rstatus" jdbcType="INTEGER"/>
	<!-- 内容 -->
	<result column="content" property="content" jdbcType="VARCHAR"/>
	<!-- 扩展字段 -->
	<result column="extendField" property="extendField" jdbcType="VARCHAR"/>
	<!-- 业务类型 -->
	<result column="bussType" property="bussType" jdbcType="INTEGER"/>
	<!-- 接收者 -->
	<result column="receiver" property="receiver" jdbcType="VARCHAR"/>
	<!-- 发送者 -->
	<result column="sender" property="sender" jdbcType="VARCHAR"/>
	<!-- 消息发送人类型 -->
	<result column="rtype" property="rtype" jdbcType="INTEGER"/>

  </resultMap>
  <sql id="Base_Column_List" >
 	id,createTime,isenabled,rstatus,content,extendField,bussType,receiver,sender,rtype,uuid
  </sql>

	<!--获取未读消息-->
	<select id="getUnReadList" resultType="java.util.HashMap">
		select id,sender,receiver,content, DATE_FORMAT(createTime,'%Y-%m-%d %H:%i') as createTime from im_message
		 where isenabled=1 and rstatus=0
		<if test="receiver != null" >
			and receiver=#{receiver}
		</if>
		  order by id;
	</select>

  <select id="get" resultMap="BaseResultMap" parameterType="java.lang.Long">
   	select 
   	 <include refid="Base_Column_List" />
    from IM_Message
    where id = #{id,jdbcType=INTEGER}
  </select>

  <select id="getByPars" resultMap="BaseResultMap">
   	select 
   	 <include refid="Base_Column_List" />
    from IM_Message where 1=1
      <!--
          <if test="name != null" >
            and name like '%' || #{name,jdbcType=VARCHAR} || '%'
         </if>
          <if test="age != null" >
           and age = #{age}
         </if>
        -->
  </select>
  
   <select id="getList" resultMap="BaseResultMap">
   	select 
   	 <include refid="Base_Column_List" />
    from IM_Message where 1=1 
    <!-- 
     <if test="name != null" >
         and name like '%' || #{name,jdbcType=VARCHAR} || '%'
      </if>
       <if test="age != null" >
        and age = #{age}
      </if>
     -->
  </select>
  
  <select id="getListMap" resultType="java.util.HashMap">
   	 select 
   	 <include refid="Base_Column_List" />
     from IM_Message where isenabled=1
     <!-- 
   	 <if test="name != null" >
         and name like '%' || #{name,jdbcType=VARCHAR} || '%'
      </if>
       <if test="age != null" >
        and age = #{age}
      </if>
     -->
  </select>
  
  
  <select id="getListAll" resultMap="BaseResultMap">
   	select 
   	 <include refid="Base_Column_List" />
    from IM_Message where 1=1 
  </select>
  
  
  <select id="getPageByPars" resultType="java.util.Map">
   	select 
   	 <include refid="Base_Column_List" />
    from IM_Message where 1=1 
      <!-- 
   	  <if test="name != null" >
         and name like '%' || #{name,jdbcType=VARCHAR} || '%'
      </if>
       <if test="age != null" >
        and age = #{age}
      </if>
     -->
      
      <if test="rightCondition != null" >
		  ${rightCondition}
	  </if>
	  
       order by id desc 
        <if test="offset!=null and pageSize!=null">  
	        limit #{offset},#{pageSize}
	    </if>
  </select>
  
  <!-- 获取总记录数 -->
  <select id="getTotals" resultType="java.lang.Long">
   	select count(1) as totalCount from IM_Message where 1=1 
  </select>
  
   <!-- 根据参数获取总记录数 -->
  <select id="getTotalsByPars" resultType="java.lang.Long" parameterType="java.util.Map">
   	select count(1) as totalCount from IM_Message where isenabled=1
	  <if test='actionType != null and actionType="unRead"'><!-- RedisKeyExpirationListener 中获取未读消息条数 -->
		  <if test="sender != null" >
			  and sender = #{sender}
		  </if>
		  <if test="receiver != null" >
			  and receiver = #{receiver}
		  </if>
		  <if test="bussType != null" >
			  and bussType = #{bussType}
		  </if>
	  </if>
   	 <!-- 
     <if test="name != null" >
         and name like '%' || #{name,jdbcType=VARCHAR} || '%'
      </if>
       <if test="age != null" >
        and age = #{age}
      </if>
     -->
  </select>
  
  
  <!-- 获取最大ID -->
  <select id="getMaxID"  resultType="java.lang.Long">
   	select max(id) as maxId from IM_Message where 1=1 
  </select>
  
  <insert id="insert" useGeneratedKeys="true" keyProperty="id" parameterType="com.cmw.entity.MessageEntity" >
      insert into IM_Message (createTime,isenabled,rstatus,content,extendField,bussType,receiver,sender,rtype,uuid)
    values (#{createTime,jdbcType=TIMESTAMP},#{isenabled,jdbcType=TINYINT},#{rstatus,jdbcType=INTEGER},#{content,jdbcType=VARCHAR},#{extendField,jdbcType=VARCHAR},#{bussType,jdbcType=INTEGER},#{receiver,jdbcType=VARCHAR},#{sender,jdbcType=VARCHAR},#{rtype,jdbcType=INTEGER},#{uuid,jdbcType=VARCHAR})
  </insert>
  
  <insert id="batchInsert" parameterType="List" useGeneratedKeys="true" keyProperty="id">
	 insert into IM_Message (createTime,isenabled,rstatus,content,extendField,bussType,receiver,sender,rtype,uuid) values
	  <foreach item="item" collection="list" separator=",">
	    (#{createTime,jdbcType=TIMESTAMP},#{isenabled,jdbcType=TINYINT},#{rstatus,jdbcType=INTEGER},#{content,jdbcType=VARCHAR},#{extendField,jdbcType=VARCHAR},#{bussType,jdbcType=INTEGER},#{receiver,jdbcType=VARCHAR},#{sender,jdbcType=VARCHAR},#{rtype,jdbcType=INTEGER},#{uuid,jdbcType=VARCHAR})
	  </foreach>
  </insert>
  
   <update id="update" parameterType="com.cmw.entity.MessageEntity" >
    update IM_Message
    <set>
		<!-- 创建日期 -->
		<if test="createTime != null" >
		  createTime = #{createTime,jdbcType=TIMESTAMP},
		</if>
		<!-- 可用标志 -->
		<if test="isenabled != null" >
		  isenabled = #{isenabled,jdbcType=TINYINT},
		</if>
		<!-- 签收状态 -->
		<if test="rstatus != null" >
		  rstatus = #{rstatus,jdbcType=INTEGER},
		</if>
		<!-- 内容 -->
		<if test="content != null" >
		  content = #{content,jdbcType=VARCHAR},
		</if>
		<!-- 扩展字段 -->
		<if test="extendField != null" >
		  extendField = #{extendField,jdbcType=VARCHAR},
		</if>
		<!-- 业务类型 -->
		<if test="bussType != null" >
		  bussType = #{bussType,jdbcType=INTEGER},
		</if>
		<!-- 接收者 -->
		<if test="receiver != null" >
		  receiver = #{receiver,jdbcType=VARCHAR},
		</if>
		<!-- 发送者 -->
		<if test="sender != null" >
		  sender = #{sender,jdbcType=VARCHAR},
		</if>
		<!-- 消息发送人类型 -->
		<if test="rtype != null" >
		  rtype = #{rtype,jdbcType=INTEGER},
		</if>

    </set>
    where id = #{id,jdbcType=INTEGER}
  </update>
  
   <update id="updateByPars" parameterType="map">
    update IM_Message
    <set>
		<!-- 创建日期 -->
		<if test="createTime != null" >
		  createTime = #{createTime,jdbcType=TIMESTAMP},
		</if>
		<!-- 可用标志 -->
		<if test="isenabled != null" >
		  isenabled = #{isenabled,jdbcType=TINYINT},
		</if>
		<!-- 签收状态 -->
		<if test="rstatus != null" >
		  rstatus = #{rstatus,jdbcType=INTEGER},
		</if>
		<!-- 内容 -->
		<if test="content != null" >
		  content = #{content,jdbcType=VARCHAR},
		</if>
		<!-- 扩展字段 -->
		<if test="extendField != null" >
		  extendField = #{extendField,jdbcType=VARCHAR},
		</if>
		<!-- 业务类型 -->
		<if test="bussType != null" >
		  bussType = #{bussType,jdbcType=INTEGER},
		</if>
		<!-- 接收者 -->
		<if test="receiver != null" >
		  receiver = #{receiver,jdbcType=VARCHAR},
		</if>
		<!-- 发送者 -->
		<if test="sender != null" >
		  sender = #{sender,jdbcType=VARCHAR},
		</if>
		<!-- 消息发送人类型 -->
		<if test="rtype != null" >
		  rtype = #{rtype,jdbcType=INTEGER},
		</if>

    </set>
    where 1=1
	   <if test="par_ids != null" >
		   and id in (${par_ids})
	   </if>
	   <if test="par_uuid != null" >
		   and uuid = #{par_uuid}
	   </if>
	   <if test="par_consultationId != null" >
		   and extendField = #{par_consultationId}
	   </if>
     <!-- where 条件参数必须加上 par_+wherePars参数key -->
     <!-- 
      <if test="par_id != null" >
        and id = #{par_id}
      </if>
       
     <if test="par_name != null" >
         and name like '%' || #{par_name,jdbcType=VARCHAR} || '%'
      </if>
       <if test="par_phone != null" >
        and phone = '${par_phone}'
      </if>
      -->
  </update>
  
  
  <update id="batchUpdate"  parameterType="java.util.List">  
      <foreach collection="list" item="item" index="index" open="" close="" separator=";">  
            update IM_Message   
            <set>  
            			<!-- 创建日期 -->
		<if test="createTime != null" >
		  createTime = #{createTime,jdbcType=TIMESTAMP},
		</if>
		<!-- 可用标志 -->
		<if test="isenabled != null" >
		  isenabled = #{isenabled,jdbcType=TINYINT},
		</if>
		<!-- 签收状态 -->
		<if test="rstatus != null" >
		  rstatus = #{rstatus,jdbcType=INTEGER},
		</if>
		<!-- 内容 -->
		<if test="content != null" >
		  content = #{content,jdbcType=VARCHAR},
		</if>
		<!-- 扩展字段 -->
		<if test="extendField != null" >
		  extendField = #{extendField,jdbcType=VARCHAR},
		</if>
		<!-- 业务类型 -->
		<if test="bussType != null" >
		  bussType = #{bussType,jdbcType=INTEGER},
		</if>
		<!-- 接收者 -->
		<if test="receiver != null" >
		  receiver = #{receiver,jdbcType=VARCHAR},
		</if>
		<!-- 发送者 -->
		<if test="sender != null" >
		  sender = #{sender,jdbcType=VARCHAR},
		</if>
		<!-- 消息发送人类型 -->
		<if test="rtype != null" >
		  rtype = #{rtype,jdbcType=INTEGER},
		</if>

		    </set>
		    where id = #{item.id,jdbcType=INTEGER}
     </foreach>  
  </update>  
  
  <delete id="delete" parameterType="java.lang.Long" >
    delete from IM_Message
    where id = #{id,jdbcType=INTEGER}
  </delete>
  
  <!-- 根据指定的参数，删除实体 -->
  <delete id="deleteByPars" parameterType="map" >
    delete from IM_Message
     where 1=1 
     
      <if test="id != null" >
        and id = #{id,jdbcType=INTEGER}
      </if>
       
     <if test="name != null" >
        and name like '%' || #{name,jdbcType=VARCHAR} || '%'
      </if>
       <if test="phone != null" >
        and phone = #{name,jdbcType=VARCHAR}
      </if>
  </delete>
  
   <delete id="deleteByIds" >
    delete from IM_Message
    where id in (${ids})
  </delete>
  
  <!-- 删除所有数据 -->
  <delete id="deleteAll" >
    delete from IM_Message
  </delete>
  
  <!-- 根据ID禁用或启用数据-->
  <update id="enabled">
    update IM_Message
    <set>
        isenabled = #{isenabled,jdbcType=INTEGER}
    </set>
    where id=#{id,jdbcType=INTEGER}
  </update>
  
   <!-- 根据ID禁用或启用数据-->
  <update id="enabledByPars" parameterType="map">
    update IM_Message
    <set>
        isenabled = #{isenabled,jdbcType=INTEGER}
    </set>
     where 1=1 
    
      <if test="id != null" >
        and id = #{id,jdbcType=INTEGER}
      </if>
       
     <if test="name != null" >
         and name like '%' || #{name,jdbcType=VARCHAR} || '%'
      </if>
       <if test="phone != null" >
         and phone = #{name,jdbcType=VARCHAR}
      </if>
     
  </update>
  
   <!-- 根据多个ID禁用或启用数据-->
  <update id="enabledByIds">
    update IM_Message
    <set>
        isenabled = #{isenabled,jdbcType=INTEGER}
    </set>
    where id in (${ids})
  </update>
  
</mapper>
