<?xml version="1.0" encoding="UTF-8" ?>
<!DOCTYPE mapper PUBLIC "-//mybatis.org//DTD Mapper 3.0//EN" "http://mybatis.org/dtd/mybatis-3-mapper.dtd" >
<mapper namespace="com.cmw.dao.MsgDao">
    <resultMap id="BaseResultMap" type="com.cmw.entity.MsgEntity">
        <id column="id" property="id" jdbcType="BIGINT"/>
        <!-- 消息状态 -->
        <result column="xstatus" property="xstatus" jdbcType="INTEGER"/>
        <!-- 阅读状态 -->
        <result column="rstatus" property="rstatus" jdbcType="INTEGER"/>
        <!-- 接收号码 -->
        <result column="penum" property="penum" jdbcType="VARCHAR"/>
        <!-- 发送时间 -->
        <result column="sendTime" property="sendTime" jdbcType="TIMESTAMP"/>
        <!-- 发送人 -->
        <result column="sender" property="sender" jdbcType="VARCHAR"/>
        <!-- 消息类型 -->
        <result column="mtype" property="mtype" jdbcType="INTEGER"/>
        <!-- 内容 -->
        <result column="content" property="content" jdbcType="VARCHAR"/>
        <!-- 标题 -->
        <result column="title" property="title" jdbcType="VARCHAR"/>
        <!-- 消息模板ID -->
        <result column="templateId" property="templateId" jdbcType="BIGINT"/>
        <!-- 会员ID -->
        <result column="memberId" property="memberId" jdbcType="BIGINT"/>
        <!-- 业务类型 -->
        <result column="formType" property="formType" jdbcType="BIGINT"/>
        <!-- 业务Id -->
        <result column="formId" property="formId" jdbcType="BIGINT"/>
        <!-- 创建人 -->
        <result column="creator" property="creator" jdbcType="BIGINT"/>
        <!-- 创建时间 -->
        <result column="createTime" property="createTime" jdbcType="TIMESTAMP"/>
        <!-- 创建机构 -->
        <result column="orgid" property="orgid" jdbcType="BIGINT"/>
        <!-- 创建部门 -->
        <result column="deptId" property="deptId" jdbcType="BIGINT"/>
        <!-- 可用标识 -->
        <result column="isenabled" property="isenabled" jdbcType="TINYINT"/>
        <!-- 修改日期 -->
        <result column="modifytime" property="modifytime" jdbcType="TIMESTAMP"/>
        <!-- 修改人 -->
        <result column="modifier" property="modifier" jdbcType="BIGINT"/>
        <!-- 备注 -->
        <result column="remark" property="remark" jdbcType="VARCHAR"/>

    </resultMap>
    <sql id="Base_Column_List">
 	id,xstatus,rstatus,penum,sendTime,sender,mtype,content,title,templateId,memberId,formType,formId,creator,createTime,orgid,deptId,isenabled,modifytime,modifier,remark
  </sql>

    <select id="get" resultMap="BaseResultMap" parameterType="java.lang.Long">
        select
        <include refid="Base_Column_List"/>
        from ts_Msg
        where id = #{id,jdbcType=INTEGER}
    </select>

    <select id="getByPars" resultMap="BaseResultMap">
        select
        <include refid="Base_Column_List"/>
        from ts_Msg where 1=1
        <!--
            <if test="name != null" >
              and name like '%' || #{name,jdbcType=VARCHAR} || '%'
           </if>
            <if test="age != null" >
             and age = #{age}
           </if>
          -->
    </select>

    <select id="getList" resultMap="BaseResultMap">
        select
        <include refid="Base_Column_List"/>
        from ts_Msg where isenabled &lt;&gt; -1
        <if test="memberId != null">
            AND memberId = #{memberId,jdbcType=BIGINT}
        </if>
        <if test="xstatus != null">
            AND xstatus = #{xstatus,jdbcType=INTEGER}
        </if>
        <if test="isenabled != null">
            AND isenabled = #{isenabled,jdbcType=TINYINT}
        </if>
        <if test="mtype != null">
            AND mtype = #{mtype,jdbcType=INTEGER}
        </if>
        <if test="orderBy != null">
            ORDER BY ${orderBy}
        </if>
        <!--
         <if test="name != null" >
             and name like '%' || #{name,jdbcType=VARCHAR} || '%'
          </if>
           <if test="age != null" >
            and age = #{age}
          </if>
         -->
    </select>

    <select id="getListMap" resultType="java.util.HashMap">
        select
        <include refid="Base_Column_List"/>
        from ts_Msg where 1=1
        <!--
           <if test="name != null" >
            and name like '%' || #{name,jdbcType=VARCHAR} || '%'
         </if>
          <if test="age != null" >
           and age = #{age}
         </if>
        -->
    </select>


    <select id="getListAll" resultMap="BaseResultMap">
        select
        <include refid="Base_Column_List"/>
        from ts_Msg where 1=1
    </select>


    <select id="getPageByPars" resultMap="BaseResultMap">
        select
        <include refid="Base_Column_List"/>
        from ts_Msg where 1=1
        <!--
           <if test="name != null" >
           and name like '%' || #{name,jdbcType=VARCHAR} || '%'
        </if>
         <if test="age != null" >
          and age = #{age}
        </if>
       -->
        order by id desc
        <if test="offset!=null and pageSize!=null">
            limit #{offset},#{pageSize}
        </if>
    </select>

    <!-- 获取总记录数 -->
    <select id="getTotals" resultType="java.lang.Long">
   	select count(1) as totalCount from ts_Msg where 1=1 
  </select>

    <!-- 根据参数获取总记录数 -->
    <select id="getTotalsByPars" resultType="java.lang.Long" parameterType="java.util.Map">
        select count(1) as totalCount from ts_Msg where 1=1
        <!--
     <if test="name != null" >
         and name like '%' || #{name,jdbcType=VARCHAR} || '%'
      </if>
       <if test="age != null" >
        and age = #{age}
      </if>
     -->
    </select>


    <!-- 获取最大ID -->
    <select id="getMaxID" resultType="java.lang.Long">
   	select max(id) as maxId from ts_Msg where 1=1 
  </select>

    <insert id="insert" useGeneratedKeys="true" keyProperty="id" parameterType="com.cmw.entity.MsgEntity">
      insert into ts_Msg (xstatus,rstatus,penum,sendTime,sender,mtype,rtype,
      content,title,templateId,memberId,formType,formId,creator,createTime,orgid,deptId,isenabled,remark)
    values (#{xstatus,jdbcType=INTEGER},#{rstatus,jdbcType=INTEGER},#{penum,jdbcType=VARCHAR},#{sendTime,jdbcType=TIMESTAMP},#{sender,jdbcType=VARCHAR},#{mtype,jdbcType=INTEGER},#{rtype,jdbcType=INTEGER},
    #{content,jdbcType=VARCHAR},#{title,jdbcType=VARCHAR},#{templateId,jdbcType=BIGINT},#{memberId,jdbcType=BIGINT},#{formType,jdbcType=BIGINT},#{formId,jdbcType=BIGINT},#{creator,jdbcType=BIGINT},#{createTime,jdbcType=TIMESTAMP},#{orgid,jdbcType=BIGINT},#{deptId,jdbcType=BIGINT},#{isenabled,jdbcType=TINYINT},#{remark,jdbcType=VARCHAR})
  </insert>

    <insert id="batchInsert" parameterType="List" useGeneratedKeys="true" keyProperty="id">
        insert into ts_Msg
        (xstatus,rstatus,penum,sendTime,sender,mtype,content,title,templateId,memberId,formType,formId,creator,createTime,orgid,deptId,isenabled,remark)
        values
        <foreach item="item" collection="list" separator=",">
            (#{xstatus,jdbcType=INTEGER},#{rstatus,jdbcType=INTEGER},#{penum,jdbcType=VARCHAR},#{sendTime,jdbcType=TIMESTAMP},#{sender,jdbcType=VARCHAR},#{mtype,jdbcType=INTEGER},#{content,jdbcType=VARCHAR},#{title,jdbcType=VARCHAR},#{templateId,jdbcType=BIGINT},#{memberId,jdbcType=BIGINT},#{formType,jdbcType=BIGINT},#{formId,jdbcType=BIGINT},#{creator,jdbcType=BIGINT},#{createTime,jdbcType=TIMESTAMP},#{orgid,jdbcType=BIGINT},#{deptId,jdbcType=BIGINT},#{isenabled,jdbcType=TINYINT},#{remark,jdbcType=VARCHAR})
        </foreach>
    </insert>

    <update id="update" parameterType="com.cmw.entity.MsgEntity">
        update ts_Msg
        <set>
            <!-- 消息状态 -->
            <if test="xstatus != null">
                xstatus = #{xstatus,jdbcType=INTEGER},
            </if>
            <!-- 阅读状态 -->
            <if test="rstatus != null">
                rstatus = #{rstatus,jdbcType=INTEGER},
            </if>
            <!-- 接收号码 -->
            <if test="penum != null">
                penum = #{penum,jdbcType=VARCHAR},
            </if>
            <!-- 发送时间 -->
            <if test="sendTime != null">
                sendTime = #{sendTime,jdbcType=TIMESTAMP},
            </if>
            <!-- 发送人 -->
            <if test="sender != null">
                sender = #{sender,jdbcType=VARCHAR},
            </if>
            <!-- 消息类型 -->
            <if test="mtype != null">
                mtype = #{mtype,jdbcType=INTEGER},
            </if>
            <!-- 内容 -->
            <if test="content != null">
                content = #{content,jdbcType=VARCHAR},
            </if>
            <!-- 标题 -->
            <if test="title != null">
                title = #{title,jdbcType=VARCHAR},
            </if>
            <!-- 消息模板ID -->
            <if test="templateId != null">
                templateId = #{templateId,jdbcType=BIGINT},
            </if>
            <!-- 会员ID -->
            <if test="memberId != null">
                memberId = #{memberId,jdbcType=BIGINT},
            </if>
            <!-- 会员类型 -->
            <if test="formType != null">
                formType = #{formType,jdbcType=BIGINT},
            </if>
            <!-- 会员ID -->
            <if test="formId != null">
                formId = #{formId,jdbcType=BIGINT},
            </if>
            <!-- 可用标识 -->
            <if test="isenabled != null">
                isenabled = #{isenabled,jdbcType=TINYINT},
            </if>
            <!-- 修改日期 -->
            <if test="modifytime != null">
                modifytime = #{modifytime,jdbcType=TIMESTAMP},
            </if>
            <!-- 修改人 -->
            <if test="modifier != null">
                modifier = #{modifier,jdbcType=BIGINT},
            </if>
            <!-- 备注 -->
            <if test="remark != null">
                remark = #{remark,jdbcType=VARCHAR},
            </if>

        </set>
        where id = #{id,jdbcType=INTEGER}
    </update>

    <update id="updateByPars" parameterType="map">
        update ts_Msg
        <set>
            <!-- 消息状态 -->
            <if test="xstatus != null">
                xstatus = #{xstatus,jdbcType=INTEGER},
            </if>
            <!-- 阅读状态 -->
            <if test="rstatus != null">
                rstatus = #{rstatus,jdbcType=INTEGER},
            </if>
            <!-- 接收号码 -->
            <if test="penum != null">
                penum = #{penum,jdbcType=VARCHAR},
            </if>
            <!-- 发送时间 -->
            <if test="sendTime != null">
                sendTime = #{sendTime,jdbcType=TIMESTAMP},
            </if>
            <!-- 发送人 -->
            <if test="sender != null">
                sender = #{sender,jdbcType=VARCHAR},
            </if>
            <!-- 消息类型 -->
            <if test="mtype != null">
                mtype = #{mtype,jdbcType=INTEGER},
            </if>
            <!-- 内容 -->
            <if test="content != null">
                content = #{content,jdbcType=VARCHAR},
            </if>
            <!-- 标题 -->
            <if test="title != null">
                title = #{title,jdbcType=VARCHAR},
            </if>
            <!-- 消息模板ID -->
            <if test="templateId != null">
                templateId = #{templateId,jdbcType=BIGINT},
            </if>
            <!-- 会员ID -->
            <if test="memberId != null">
                memberId = #{memberId,jdbcType=BIGINT},
            </if>
            <!-- 会员类型 -->
            <if test="formType != null">
                formType = #{formType,jdbcType=BIGINT},
            </if>
            <!-- 会员ID -->
            <if test="formId != null">
                formId = #{formId,jdbcType=BIGINT},
            </if>
            <!-- 可用标识 -->
            <if test="isenabled != null">
                isenabled = #{isenabled,jdbcType=TINYINT},
            </if>
            <!-- 修改日期 -->
            <if test="modifytime != null">
                modifytime = #{modifytime,jdbcType=TIMESTAMP},
            </if>
            <!-- 修改人 -->
            <if test="modifier != null">
                modifier = #{modifier,jdbcType=BIGINT},
            </if>
            <!-- 备注 -->
            <if test="remark != null">
                remark = #{remark,jdbcType=VARCHAR},
            </if>

        </set>
        where 1=1
        <!-- where 条件参数必须加上 par_+wherePars参数key -->
        <!--
         <if test="par_id != null" >
           and id = #{par_id}
         </if>

        <if test="par_name != null" >
            and name like '%' || #{par_name,jdbcType=VARCHAR} || '%'
         </if>
          <if test="par_phone != null" >
           and phone = '${par_phone}'
         </if>
         -->
    </update>

    <update id="updateXstatus" parameterType="java.util.List">

    </update>

    <update id="batchUpdate" parameterType="java.util.List">
        <foreach collection="list" item="item" index="index" open="" close="" separator=";">
            update ts_Msg
            <set>
                <!-- 消息状态 -->
                <if test="xstatus != null">
                    xstatus = #{xstatus,jdbcType=INTEGER},
                </if>
                <!-- 阅读状态 -->
                <if test="rstatus != null">
                    rstatus = #{rstatus,jdbcType=INTEGER},
                </if>
                <!-- 接收号码 -->
                <if test="penum != null">
                    penum = #{penum,jdbcType=VARCHAR},
                </if>
                <!-- 发送时间 -->
                <if test="sendTime != null">
                    sendTime = #{sendTime,jdbcType=TIMESTAMP},
                </if>
                <!-- 发送人 -->
                <if test="sender != null">
                    sender = #{sender,jdbcType=VARCHAR},
                </if>
                <!-- 消息类型 -->
                <if test="mtype != null">
                    mtype = #{mtype,jdbcType=INTEGER},
                </if>
                <!-- 内容 -->
                <if test="content != null">
                    content = #{content,jdbcType=VARCHAR},
                </if>
                <!-- 标题 -->
                <if test="title != null">
                    title = #{title,jdbcType=VARCHAR},
                </if>
                <!-- 消息模板ID -->
                <if test="templateId != null">
                    templateId = #{templateId,jdbcType=BIGINT},
                </if>
                <!-- 会员ID -->
                <if test="memberId != null">
                    memberId = #{memberId,jdbcType=BIGINT},
                </if>
                <!-- 可用标识 -->
                <if test="isenabled != null">
                    isenabled = #{isenabled,jdbcType=TINYINT},
                </if>
                <!-- 修改日期 -->
                <if test="modifytime != null">
                    modifytime = #{modifytime,jdbcType=TIMESTAMP},
                </if>
                <!-- 修改人 -->
                <if test="modifier != null">
                    modifier = #{modifier,jdbcType=BIGINT},
                </if>
                <!-- 备注 -->
                <if test="remark != null">
                    remark = #{remark,jdbcType=VARCHAR},
                </if>

                <!--
                  <if test="name != null" >
                    name = #{name,jdbcType=VARCHAR},
                  </if>
                   <if test="age != null" >
                    age = #{age,jdbcType=INTEGER},
                  </if>
                   <if test="phone != null" >
                    phone = #{phone,jdbcType=VARCHAR},
                  </if>
                  -->
            </set>
            where id = #{item.id,jdbcType=INTEGER}
        </foreach>
    </update>

    <delete id="delete" parameterType="java.lang.Long">
    delete from ts_Msg
    where id = #{id,jdbcType=INTEGER}
  </delete>

    <!-- 根据指定的参数，删除实体 -->
    <delete id="deleteByPars" parameterType="map">
        delete from ts_Msg
        where 1=1

        <if test="id != null">
            and id = #{id,jdbcType=INTEGER}
        </if>

        <if test="name != null">
            and name like '%' || #{name,jdbcType=VARCHAR} || '%'
        </if>
        <if test="phone != null">
            and phone = #{name,jdbcType=VARCHAR}
        </if>
    </delete>

    <delete id="deleteByIds">
    delete from ts_Msg
    where id in (${ids})
  </delete>

    <!-- 删除所有数据 -->
    <delete id="deleteAll">
    delete from ts_Msg
  </delete>

    <!-- 根据ID禁用或启用数据-->
    <update id="enabled">
        update ts_Msg
        <set>
            isenabled = #{isenabled,jdbcType=INTEGER}
        </set>
        where id=#{id,jdbcType=INTEGER}
    </update>

    <!-- 根据ID禁用或启用数据-->
    <update id="enabledByPars" parameterType="map">
        update ts_Msg
        <set>
            isenabled = #{isenabled,jdbcType=INTEGER}
        </set>
        where 1=1

        <if test="id != null">
            and id = #{id,jdbcType=INTEGER}
        </if>

        <if test="name != null">
            and name like '%' || #{name,jdbcType=VARCHAR} || '%'
        </if>
        <if test="phone != null">
            and phone = #{name,jdbcType=VARCHAR}
        </if>

    </update>

    <!-- 根据多个ID禁用或启用数据-->
    <update id="enabledByIds">
        update ts_Msg
        <set>
            isenabled = #{isenabled,jdbcType=INTEGER}
        </set>
        where id in (${ids})
    </update>

</mapper>
