<?xml version="1.0" encoding="UTF-8" ?>
<!DOCTYPE mapper PUBLIC "-//mybatis.org//DTD Mapper 3.0//EN" "http://mybatis.org/dtd/mybatis-3-mapper.dtd" >
<mapper namespace="com.cmw.dao.MsgTemplateDao" >
  <resultMap id="BaseResultMap" type="com.cmw.entity.MsgTemplateEntity" >
  	<id column="id" property="id" jdbcType="BIGINT" />
	<!-- 默认接收号码 -->
	<result column="dpenums" property="dpenums" jdbcType="VARCHAR"/>
	<!-- 模板参数 -->
	<result column="fparas" property="fparas" jdbcType="VARCHAR"/>
	<!-- 模板内容 -->
	<result column="content" property="content" jdbcType="VARCHAR"/>
	<!-- 模板标题 -->
	<result column="title" property="title" jdbcType="VARCHAR"/>
	<!-- 模板名称 -->
	<result column="mname" property="mname" jdbcType="VARCHAR"/>
	<!-- 业务类型 -->
	<result column="btype" property="btype" jdbcType="INTEGER"/>
	<!-- 消息类型 -->
	<result column="mtype" property="mtype" jdbcType="INTEGER"/>
	<!-- 模板编号 -->
	<result column="code" property="code" jdbcType="VARCHAR"/>
<!-- 创建人 -->
<result column="creator" property="creator" jdbcType="BIGINT"/>
<!-- 创建时间 -->
<result column="createTime" property="createTime" jdbcType="TIMESTAMP"/>
<!-- 创建机构 -->
<result column="orgid" property="orgid" jdbcType="BIGINT"/>
<!-- 创建部门 -->
<result column="deptId" property="deptId" jdbcType="BIGINT"/>
<!-- 可用标识 -->
<result column="isenabled" property="isenabled" jdbcType="TINYINT"/>
<!-- 修改日期 -->
<result column="modifytime" property="modifytime" jdbcType="TIMESTAMP"/>
<!-- 修改人 -->
<result column="modifier" property="modifier" jdbcType="BIGINT"/>
<!-- 备注 -->
<result column="remark" property="remark" jdbcType="VARCHAR"/>

  	<!--
    <id column="id" property="id" jdbcType="INTEGER" />
    <result column="name" property="name" jdbcType="VARCHAR"/>
    <result column="age" property="age" jdbcType="INTEGER" />
    <result column="phone" property="phone" jdbcType="VARCHAR" />
    -->
  </resultMap>
  <sql id="Base_Column_List" >
 	id,dpenums,fparas,content,title,mname,btype,mtype,code,creator,createTime,orgid,deptId,isenabled,modifytime,modifier,remark
   <!-- id, name, age, phone-->
  </sql>
  
  <select id="get" resultMap="BaseResultMap" parameterType="java.lang.Long">
   	select 
   	 <include refid="Base_Column_List" />
    from ts_MsgTemplate
    where id = #{id,jdbcType=INTEGER}
  </select>

  <select id="getByPars" resultMap="BaseResultMap">
   	select 
   	 <include refid="Base_Column_List" />
    from ts_MsgTemplate where isenabled=1
	  <if test="code != null" >
		  and code = #{code}
	  </if>
  </select>
  
   <select id="getList" resultMap="BaseResultMap">
   	select 
   	 <include refid="Base_Column_List" />
    from ts_MsgTemplate where 1=1 
    <!-- 
     <if test="name != null" >
         and name like '%' || #{name,jdbcType=VARCHAR} || '%'
      </if>
       <if test="age != null" >
        and age = #{age}
      </if>
     -->
  </select>
  
  <select id="getListMap" resultType="java.util.HashMap">
   	 select 
   	 <include refid="Base_Column_List" />
     from ts_MsgTemplate where 1=1 
     <!-- 
   	 <if test="name != null" >
         and name like '%' || #{name,jdbcType=VARCHAR} || '%'
      </if>
       <if test="age != null" >
        and age = #{age}
      </if>
     -->
  </select>
  
  
  <select id="getListAll" resultMap="BaseResultMap">
   	select 
   	 <include refid="Base_Column_List" />
    from ts_MsgTemplate where 1=1 
  </select>
  
  
  <select id="getPageByPars" resultMap="BaseResultMap">
   	select 
   	 <include refid="Base_Column_List" />
    from ts_MsgTemplate where 1=1 
      <!-- 
   	  <if test="name != null" >
         and name like '%' || #{name,jdbcType=VARCHAR} || '%'
      </if>
       <if test="age != null" >
        and age = #{age}
      </if>
     -->
       order by id desc 
        <if test="offset!=null and pageSize!=null">  
	        limit #{offset},#{pageSize}
	    </if>
  </select>
  
  <!-- 获取总记录数 -->
  <select id="getTotals" resultType="java.lang.Long">
   	select count(1) as totalCount from ts_MsgTemplate where 1=1 
  </select>
  
   <!-- 根据参数获取总记录数 -->
  <select id="getTotalsByPars" resultType="java.lang.Long" parameterType="java.util.Map">
   	select count(1) as totalCount from ts_MsgTemplate where 1=1 
   	 <!-- 
     <if test="name != null" >
         and name like '%' || #{name,jdbcType=VARCHAR} || '%'
      </if>
       <if test="age != null" >
        and age = #{age}
      </if>
     -->
  </select>
  
  
  <!-- 获取最大ID -->
  <select id="getMaxID"  resultType="java.lang.Long">
   	select max(id) as maxId from ts_MsgTemplate where 1=1 
  </select>
  
  <insert id="insert" useGeneratedKeys="true" keyProperty="id" parameterType="com.cmw.entity.MsgTemplateEntity" >
      insert into ts_MsgTemplate (dpenums,fparas,content,title,mname,
     btype,mtype,code,creator,createTime,orgid,deptId,isenabled,remark)
    values (#{dpenums,jdbcType=VARCHAR},#{fparas,jdbcType=VARCHAR},#{content,jdbcType=VARCHAR},#{title,jdbcType=VARCHAR},#{mname,jdbcType=VARCHAR},
    #{btype,jdbcType=INTEGER},#{mtype,jdbcType=INTEGER},#{code,jdbcType=VARCHAR},#{creator,jdbcType=BIGINT},#{createTime,jdbcType=TIMESTAMP},#{orgid,jdbcType=BIGINT},#{deptId,jdbcType=BIGINT},#{isenabled,jdbcType=TINYINT},#{remark,jdbcType=VARCHAR})
  </insert>
  
  <insert id="batchInsert" parameterType="List" useGeneratedKeys="true" keyProperty="id">
	 insert into ts_MsgTemplate (dpenums,fparas,content,title,mname,btype,mtype,code,creator,createTime,orgid,deptId,isenabled,remark) values
	  <foreach item="item" collection="list" separator=",">
	    (#{dpenums,jdbcType=VARCHAR},#{fparas,jdbcType=VARCHAR},#{content,jdbcType=VARCHAR},#{title,jdbcType=VARCHAR},#{mname,jdbcType=VARCHAR},#{btype,jdbcType=INTEGER},#{mtype,jdbcType=INTEGER},#{code,jdbcType=VARCHAR},#{creator,jdbcType=BIGINT},#{createTime,jdbcType=TIMESTAMP},#{orgid,jdbcType=BIGINT},#{deptId,jdbcType=BIGINT},#{isenabled,jdbcType=TINYINT},#{remark,jdbcType=VARCHAR})
	  </foreach>
	<!--
	  insert into ts_MsgTemplate (name, age, phone) values
	  <foreach item="item" collection="list" separator=",">
	    (#{item.name}, #{item.age}, #{item.phone})
	  </foreach>
	  -->
  </insert>
  
   <update id="update" parameterType="com.cmw.entity.MsgTemplateEntity" >
    update ts_MsgTemplate
    <set>
    			<!-- 默认接收号码 -->
		<if test="dpenums != null" >
		  dpenums = #{dpenums,jdbcType=VARCHAR},
		</if>
		<!-- 模板参数 -->
		<if test="fparas != null" >
		  fparas = #{fparas,jdbcType=VARCHAR},
		</if>
		<!-- 模板内容 -->
		<if test="content != null" >
		  content = #{content,jdbcType=VARCHAR},
		</if>
		<!-- 模板标题 -->
		<if test="title != null" >
		  title = #{title,jdbcType=VARCHAR},
		</if>
		<!-- 模板名称 -->
		<if test="mname != null" >
		  mname = #{mname,jdbcType=VARCHAR},
		</if>
		<!-- 业务类型 -->
		<if test="btype != null" >
		  btype = #{btype,jdbcType=INTEGER},
		</if>
		<!-- 消息类型 -->
		<if test="mtype != null" >
		  mtype = #{mtype,jdbcType=INTEGER},
		</if>
		<!-- 模板编号 -->
		<if test="code != null" >
		  code = #{code,jdbcType=VARCHAR},
		</if>
		<!-- 可用标识 -->
		<if test="isenabled != null" >
		  isenabled = #{isenabled,jdbcType=TINYINT},
		</if>
		<!-- 修改日期 -->
		<if test="modifytime != null" >
		  modifytime = #{modifytime,jdbcType=TIMESTAMP},
		</if>
		<!-- 修改人 -->
		<if test="modifier != null" >
		  modifier = #{modifier,jdbcType=BIGINT},
		</if>
		<!-- 备注 -->
		<if test="remark != null" >
		  remark = #{remark,jdbcType=VARCHAR},
		</if>

    <!--
      <if test="name != null" >
        name = #{name,jdbcType=VARCHAR},
      </if>
       <if test="age != null" >
        age = #{age,jdbcType=INTEGER},
      </if>
       <if test="phone != null" >
        phone = #{phone,jdbcType=VARCHAR},
      </if>
      -->
    </set>
    where id = #{id,jdbcType=INTEGER}
  </update>
  
   <update id="updateByPars" parameterType="map">
    update ts_MsgTemplate
    <set>
     			<!-- 默认接收号码 -->
		<if test="dpenums != null" >
		  dpenums = #{dpenums,jdbcType=VARCHAR},
		</if>
		<!-- 模板参数 -->
		<if test="fparas != null" >
		  fparas = #{fparas,jdbcType=VARCHAR},
		</if>
		<!-- 模板内容 -->
		<if test="content != null" >
		  content = #{content,jdbcType=VARCHAR},
		</if>
		<!-- 模板标题 -->
		<if test="title != null" >
		  title = #{title,jdbcType=VARCHAR},
		</if>
		<!-- 模板名称 -->
		<if test="mname != null" >
		  mname = #{mname,jdbcType=VARCHAR},
		</if>
		<!-- 业务类型 -->
		<if test="btype != null" >
		  btype = #{btype,jdbcType=INTEGER},
		</if>
		<!-- 消息类型 -->
		<if test="mtype != null" >
		  mtype = #{mtype,jdbcType=INTEGER},
		</if>
		<!-- 模板编号 -->
		<if test="code != null" >
		  code = #{code,jdbcType=VARCHAR},
		</if>
		<!-- 可用标识 -->
		<if test="isenabled != null" >
		  isenabled = #{isenabled,jdbcType=TINYINT},
		</if>
		<!-- 修改日期 -->
		<if test="modifytime != null" >
		  modifytime = #{modifytime,jdbcType=TIMESTAMP},
		</if>
		<!-- 修改人 -->
		<if test="modifier != null" >
		  modifier = #{modifier,jdbcType=BIGINT},
		</if>
		<!-- 备注 -->
		<if test="remark != null" >
		  remark = #{remark,jdbcType=VARCHAR},
		</if>

    <!--
      <if test="name != null" >
        name = #{name,jdbcType=VARCHAR},
      </if>
       <if test="age != null" >
        age = #{age,jdbcType=INTEGER},
      </if>
       <if test="phone != null" >
        phone = #{phone,jdbcType=VARCHAR},
      </if>
      -->
    </set>
    where 1=1 
     <!-- where 条件参数必须加上 par_+wherePars参数key -->
     <!-- 
      <if test="par_id != null" >
        and id = #{par_id}
      </if>
       
     <if test="par_name != null" >
         and name like '%' || #{par_name,jdbcType=VARCHAR} || '%'
      </if>
       <if test="par_phone != null" >
        and phone = '${par_phone}'
      </if>
      -->
  </update>
  
  
  <update id="batchUpdate"  parameterType="java.util.List">  
      <foreach collection="list" item="item" index="index" open="" close="" separator=";">  
            update ts_MsgTemplate   
            <set>  
            			<!-- 默认接收号码 -->
		<if test="dpenums != null" >
		  dpenums = #{dpenums,jdbcType=VARCHAR},
		</if>
		<!-- 模板参数 -->
		<if test="fparas != null" >
		  fparas = #{fparas,jdbcType=VARCHAR},
		</if>
		<!-- 模板内容 -->
		<if test="content != null" >
		  content = #{content,jdbcType=VARCHAR},
		</if>
		<!-- 模板标题 -->
		<if test="title != null" >
		  title = #{title,jdbcType=VARCHAR},
		</if>
		<!-- 模板名称 -->
		<if test="mname != null" >
		  mname = #{mname,jdbcType=VARCHAR},
		</if>
		<!-- 业务类型 -->
		<if test="btype != null" >
		  btype = #{btype,jdbcType=INTEGER},
		</if>
		<!-- 消息类型 -->
		<if test="mtype != null" >
		  mtype = #{mtype,jdbcType=INTEGER},
		</if>
		<!-- 模板编号 -->
		<if test="code != null" >
		  code = #{code,jdbcType=VARCHAR},
		</if>
		<!-- 可用标识 -->
		<if test="isenabled != null" >
		  isenabled = #{isenabled,jdbcType=TINYINT},
		</if>
		<!-- 修改日期 -->
		<if test="modifytime != null" >
		  modifytime = #{modifytime,jdbcType=TIMESTAMP},
		</if>
		<!-- 修改人 -->
		<if test="modifier != null" >
		  modifier = #{modifier,jdbcType=BIGINT},
		</if>
		<!-- 备注 -->
		<if test="remark != null" >
		  remark = #{remark,jdbcType=VARCHAR},
		</if>

			    <!--
			      <if test="name != null" >
			        name = #{name,jdbcType=VARCHAR},
			      </if>
			       <if test="age != null" >
			        age = #{age,jdbcType=INTEGER},
			      </if>
			       <if test="phone != null" >
			        phone = #{phone,jdbcType=VARCHAR},
			      </if>
			      -->
		    </set>
		    where id = #{item.id,jdbcType=INTEGER}
     </foreach>  
  </update>  
  
  <delete id="delete" parameterType="java.lang.Long" >
    delete from ts_MsgTemplate
    where id = #{id,jdbcType=INTEGER}
  </delete>
  
  <!-- 根据指定的参数，删除实体 -->
  <delete id="deleteByPars" parameterType="map" >
    delete from ts_MsgTemplate
     where 1=1 
     
      <if test="id != null" >
        and id = #{id,jdbcType=INTEGER}
      </if>
       
     <if test="name != null" >
        and name like '%' || #{name,jdbcType=VARCHAR} || '%'
      </if>
       <if test="phone != null" >
        and phone = #{name,jdbcType=VARCHAR}
      </if>
  </delete>
  
   <delete id="deleteByIds" >
    delete from ts_MsgTemplate
    where id in (${ids})
  </delete>
  
  <!-- 删除所有数据 -->
  <delete id="deleteAll" >
    delete from ts_MsgTemplate
  </delete>
  
  <!-- 根据ID禁用或启用数据-->
  <update id="enabled">
    update ts_MsgTemplate
    <set>
        isenabled = #{isenabled,jdbcType=INTEGER}
    </set>
    where id=#{id,jdbcType=INTEGER}
  </update>
  
   <!-- 根据ID禁用或启用数据-->
  <update id="enabledByPars" parameterType="map">
    update ts_MsgTemplate
    <set>
        isenabled = #{isenabled,jdbcType=INTEGER}
    </set>
     where 1=1 
    
      <if test="id != null" >
        and id = #{id,jdbcType=INTEGER}
      </if>
       
     <if test="name != null" >
         and name like '%' || #{name,jdbcType=VARCHAR} || '%'
      </if>
       <if test="phone != null" >
         and phone = #{name,jdbcType=VARCHAR}
      </if>
     
  </update>
  
   <!-- 根据多个ID禁用或启用数据-->
  <update id="enabledByIds">
    update ts_MsgTemplate
    <set>
        isenabled = #{isenabled,jdbcType=INTEGER}
    </set>
    where id in (${ids})
  </update>
  
</mapper>
