<?xml version="1.0" encoding="UTF-8" ?>
<!DOCTYPE mapper PUBLIC "-//mybatis.org//DTD Mapper 3.0//EN" "http://mybatis.org/dtd/mybatis-3-mapper.dtd" >
<mapper namespace="com.cmw.dao.AccordionDao">

    <!--
        卡片菜单
        @Author 肖家添
        @Date 2019/5/9 23:17
    -->

    <resultMap id="BaseResultMap" type="com.cmw.entity.AccordionEntity" extends="com.mybatis.BaseMapper.FullResultMap">
        <id column="id" property="id" jdbcType="BIGINT"/>
        <!-- 排列顺序 -->
        <result column="orderNo" property="orderNo" jdbcType="INTEGER"/>
        <!-- 数据URL -->
        <result column="url" property="url" jdbcType="VARCHAR"/>
        <!-- 加载类型 -->
        <result column="type" property="type" jdbcType="INTEGER"/>
        <!-- 图标样式 -->
        <result column="iconCls" property="iconCls" jdbcType="VARCHAR"/>
        <!-- 名称 -->
        <result column="name" property="name" jdbcType="VARCHAR"/>
        <!-- 卡片编码 -->
        <result column="code" property="code" jdbcType="VARCHAR"/>
    </resultMap>

    <sql id="Base_Column_List">
        id, orderNo, url, `type`, iconCls, `name`, code
    </sql>
    <sql id="Base_Entity_Column">
        orgid, deptId, isenabled, remark, creator, createTime, modifier, modifytime
    </sql>
    <sql id="Base_Table">
        ts_Accordion
    </sql>

    <select id="get" resultMap="BaseResultMap" parameterType="java.lang.Long">
        select
        <include refid="Base_Column_List"/>
        from
        <include refid="Base_Table"/>
        where id = #{id}
    </select>

    <select id="getList" resultMap="BaseResultMap">
        select
        <include refid="Base_Column_List"/>
        from ts_Accordion where 1 = 1
    </select>

    <select id="getListAll" resultMap="BaseResultMap">
        select
        <include refid="Base_Column_List"/>
        from
        <include refid="Base_Table"/>
    </select>

    <!--
        新增
        @Author 肖家添
        @Date 2019/5/9 23:30
    -->
    <insert id="insert" useGeneratedKeys="true" keyProperty="id" parameterType="com.cmw.entity.AccordionEntity">
        insert into
        <include refid="Base_Table"/>
        (
            <include refid="Base_Column_List"/>,
            <include refid="Base_Entity_Column"/>
        )
        values
        (#{orderNo}, #{url}, #{type}, #{iconCls}, #{name}, #{code}, #{orgid}, #{deptId},
        #{isenabled}, #{remark}, #{creator}, #{createTime}, #{modifier}, #{modifytime})
    </insert>

    <!--
        更新
        @Author 肖家添
        @Date 2019/5/9 23:30
    -->
    <update id="update" parameterType="com.cmw.entity.AccordionEntity">
        update
        <include refid="Base_Table"/>
        <trim prefix="set" suffixOverrides=",">
            <!-- 排列顺序 -->
            <if test="orderNo != null">
                orderNo = #{orderNo},
            </if>
            <!-- 数据URL -->
            <if test="url != null">
                url = #{url},
            </if>
            <!-- 加载类型 -->
            <if test="type != null">
                type = #{type},
            </if>
            <!-- 图标样式 -->
            <if test="iconCls != null">
                iconCls = #{iconCls},
            </if>
            <!-- 名称 -->
            <if test="name != null">
                name = #{name},
            </if>
            <!-- 卡片编码 -->
            <if test="code != null">
                code = #{code},
            </if>
            <!-- 修改人 -->
            <if test="modifier != null">
                modifier = #{modifier},
            </if>
            <!-- 修改时间 -->
            <if test="modifytime != null">
                modifytime = #{modifytime},
            </if>
            <!-- 备注 -->
            <if test="remark != null">
                remark = #{remark},
            </if>
        </trim>
        where id = #{id}
    </update>

    <!--
        上架/下架/作废
        @Author 肖家添
        @Date 2019/5/9 23:31
    -->
    <update id="enabled">
        update ts_Accordion
        <set>
            isenabled = #{isenabled}
        </set>
        where id = #{id}
    </update>
</mapper>
