<?xml version="1.0" encoding="UTF-8" ?>
<!DOCTYPE mapper PUBLIC "-//mybatis.org//DTD Mapper 3.0//EN" "http://mybatis.org/dtd/mybatis-3-mapper.dtd" >
<mapper namespace="com.cmw.dao.AuthInterceptDao" >
  <resultMap id="BaseResultMap" type="com.cmw.entity.AuthInterceptEntity" >
  	<id column="id" property="id" jdbcType="BIGINT" />
	<!-- 是否本机构数据 -->
	<result column="orgRight" property="orgRight" jdbcType="TINYINT"/>
	<!-- 可用开关 -->
	<result column="flag" property="flag" jdbcType="TINYINT"/>
	<!-- 表别名 -->
	<result column="tabAlisName" property="tabAlisName" jdbcType="VARCHAR"/>
	<!-- 替换插槽 -->
	<result column="slotCode" property="slotCode" jdbcType="VARCHAR"/>
	<!-- 方法名 -->
	<result column="methodName" property="methodName" jdbcType="VARCHAR"/>
	<!-- 拦截类型 -->
	<result column="itype" property="itype" jdbcType="INTEGER"/>
	<!-- 微服务名称 -->
	<result column="microName" property="microName" jdbcType="VARCHAR"/>
	<!-- 创建人 -->
	<result column="creator" property="creator" jdbcType="BIGINT"/>
	<!-- 创建时间 -->
	<result column="createTime" property="createTime" jdbcType="DATE"/>
	<!-- 创建机构 -->
	<result column="orgid" property="orgid" jdbcType="BIGINT"/>
	<!-- 创建部门 -->
	<result column="deptId" property="deptId" jdbcType="BIGINT"/>
	<!-- 可用标识 -->
	<result column="isenabled" property="isenabled" jdbcType="TINYINT"/>
	<!-- 修改日期 -->
	<result column="modifytime" property="modifytime" jdbcType="DATE"/>
	<!-- 修改人 -->
	<result column="modifier" property="modifier" jdbcType="BIGINT"/>
	<!-- 备注 -->
	<result column="remark" property="remark" jdbcType="VARCHAR"/>

  </resultMap>
  <sql id="Base_Column_List" >
 	id,orgRight,flag,tabAlisName,slotCode,methodName,itype,microName,creator,createTime,orgid,deptId,isenabled,modifytime,modifier,remark
  </sql>
  
  <select id="get" resultMap="BaseResultMap" parameterType="java.lang.Long">
   	select 
   	 <include refid="Base_Column_List" />
    from ts_AuthIntercept
    where id = #{id,jdbcType=INTEGER}
  </select>

  <select id="getByPars" resultMap="BaseResultMap">
   	select 
   	 <include refid="Base_Column_List" />
    from ts_AuthIntercept where 1=1
      <!--
          <if test="name != null" >
            and name like '%' || #{name,jdbcType=VARCHAR} || '%'
         </if>
          <if test="age != null" >
           and age = #{age}
         </if>
        -->
  </select>
  
   <select id="getList" resultMap="BaseResultMap">
   	select 
   	 <include refid="Base_Column_List" />
    from ts_AuthIntercept where 1=1 
    <!--
     <if test="name != null" >
         and name like '%' || #{name,jdbcType=VARCHAR} || '%'
      </if>
       <if test="age != null" >
        and age = #{age}
      </if>
     -->
  </select>
  
  <select id="getListMap" resultType="java.util.HashMap">
   	 select 
   	 <include refid="Base_Column_List" />
     from ts_AuthIntercept where 1=1 
     <!-- 
   	 <if test="name != null" >
         and name like '%' || #{name,jdbcType=VARCHAR} || '%'
      </if>
       <if test="age != null" >
        and age = #{age}
      </if>
     -->
  </select>
  
  
  <select id="getListAll" resultMap="BaseResultMap">
   	select 
   	 <include refid="Base_Column_List" />
    from ts_AuthIntercept where isenabled=1
  </select>
  
  
  <select id="getPageByPars" resultType="java.util.Map">
   	select 
   	 <include refid="Base_Column_List" />
    from ts_AuthIntercept where 1=1 
      <!-- 
   	  <if test="name != null" >
         and name like '%' || #{name,jdbcType=VARCHAR} || '%'
      </if>
       <if test="age != null" >
        and age = #{age}
      </if>
     -->
      
      <if test="rightCondition != null" >
		  ${rightCondition}
	  </if>
	  
       order by id desc 
        <if test="offset!=null and pageSize!=null">  
	        limit #{offset},#{pageSize}
	    </if>
  </select>
  
  <!-- 获取总记录数 -->
  <select id="getTotals" resultType="java.lang.Long">
   	select count(1) as totalCount from ts_AuthIntercept where 1=1 
  </select>
  
   <!-- 根据参数获取总记录数 -->
  <select id="getTotalsByPars" resultType="java.lang.Long" parameterType="java.util.Map">
   	select count(1) as totalCount from ts_AuthIntercept where 1=1 
   	 <!-- 
     <if test="name != null" >
         and name like '%' || #{name,jdbcType=VARCHAR} || '%'
      </if>
       <if test="age != null" >
        and age = #{age}
      </if>
     -->
  </select>
  
  
  <!-- 获取最大ID -->
  <select id="getMaxID"  resultType="java.lang.Long">
   	select max(id) as maxId from ts_AuthIntercept where 1=1 
  </select>
  
  <insert id="insert" useGeneratedKeys="true" keyProperty="id" parameterType="com.cmw.entity.AuthInterceptEntity" >
      insert into ts_AuthIntercept (orgRight,flag,tabAlisName,slotCode,methodName,itype,microName,creator,createTime,orgid,deptId,isenabled,remark)
    values (#{orgRight,jdbcType=TINYINT},#{flag,jdbcType=TINYINT},#{tabAlisName,jdbcType=VARCHAR},#{slotCode,jdbcType=VARCHAR},#{methodName,jdbcType=VARCHAR},#{itype,jdbcType=INTEGER},#{microName,jdbcType=VARCHAR},#{creator,jdbcType=BIGINT},#{createTime,jdbcType=DATE},#{orgid,jdbcType=BIGINT},#{deptId,jdbcType=BIGINT},#{isenabled,jdbcType=TINYINT},#{remark,jdbcType=VARCHAR})
  </insert>
  
  <insert id="batchInsert" parameterType="List" useGeneratedKeys="true" keyProperty="id">
	 insert into ts_AuthIntercept (orgRight,flag,tabAlisName,slotCode,methodName,itype,microName,creator,createTime,orgid,deptId,isenabled,remark) values
	  <foreach item="item" collection="list" separator=",">
	    (#{orgRight,jdbcType=TINYINT},#{flag,jdbcType=TINYINT},#{tabAlisName,jdbcType=VARCHAR},#{slotCode,jdbcType=VARCHAR},#{methodName,jdbcType=VARCHAR},#{itype,jdbcType=INTEGER},#{microName,jdbcType=VARCHAR},#{creator,jdbcType=BIGINT},#{createTime,jdbcType=DATE},#{orgid,jdbcType=BIGINT},#{deptId,jdbcType=BIGINT},#{isenabled,jdbcType=TINYINT},#{remark,jdbcType=VARCHAR})
	  </foreach>
  </insert>
  
   <update id="update" parameterType="com.cmw.entity.AuthInterceptEntity" >
    update ts_AuthIntercept
    <set>
    			<!-- 是否本机构数据 -->
		<if test="orgRight != null" >
		  orgRight = #{orgRight,jdbcType=TINYINT},
		</if>
		<!-- 可用开关 -->
		<if test="flag != null" >
		  flag = #{flag,jdbcType=TINYINT},
		</if>
		<!-- 表别名 -->
		<if test="tabAlisName != null" >
		  tabAlisName = #{tabAlisName,jdbcType=VARCHAR},
		</if>
		<!-- 替换插槽 -->
		<if test="slotCode != null" >
		  slotCode = #{slotCode,jdbcType=VARCHAR},
		</if>
		<!-- 方法名 -->
		<if test="methodName != null" >
		  methodName = #{methodName,jdbcType=VARCHAR},
		</if>
		<!-- 拦截类型 -->
		<if test="itype != null" >
		  itype = #{itype,jdbcType=INTEGER},
		</if>
		<!-- 微服务名称 -->
		<if test="microName != null" >
		  microName = #{microName,jdbcType=VARCHAR},
		</if>
		<!-- 可用标识 -->
		<if test="isenabled != null" >
		  isenabled = #{isenabled,jdbcType=TINYINT},
		</if>
		<!-- 修改日期 -->
		<if test="modifytime != null" >
		  modifytime = #{modifytime,jdbcType=DATE},
		</if>
		<!-- 修改人 -->
		<if test="modifier != null" >
		  modifier = #{modifier,jdbcType=BIGINT},
		</if>
		<!-- 备注 -->
		<if test="remark != null" >
		  remark = #{remark,jdbcType=VARCHAR},
		</if>

    </set>
    where id = #{id,jdbcType=INTEGER}
  </update>
  
   <update id="updateByPars" parameterType="map">
    update ts_AuthIntercept
    <set>
     			<!-- 是否本机构数据 -->
		<if test="orgRight != null" >
		  orgRight = #{orgRight,jdbcType=TINYINT},
		</if>
		<!-- 可用开关 -->
		<if test="flag != null" >
		  flag = #{flag,jdbcType=TINYINT},
		</if>
		<!-- 表别名 -->
		<if test="tabAlisName != null" >
		  tabAlisName = #{tabAlisName,jdbcType=VARCHAR},
		</if>
		<!-- 替换插槽 -->
		<if test="slotCode != null" >
		  slotCode = #{slotCode,jdbcType=VARCHAR},
		</if>
		<!-- 方法名 -->
		<if test="methodName != null" >
		  methodName = #{methodName,jdbcType=VARCHAR},
		</if>
		<!-- 拦截类型 -->
		<if test="itype != null" >
		  itype = #{itype,jdbcType=INTEGER},
		</if>
		<!-- 微服务名称 -->
		<if test="microName != null" >
		  microName = #{microName,jdbcType=VARCHAR},
		</if>
		<!-- 可用标识 -->
		<if test="isenabled != null" >
		  isenabled = #{isenabled,jdbcType=TINYINT},
		</if>
		<!-- 修改日期 -->
		<if test="modifytime != null" >
		  modifytime = #{modifytime,jdbcType=DATE},
		</if>
		<!-- 修改人 -->
		<if test="modifier != null" >
		  modifier = #{modifier,jdbcType=BIGINT},
		</if>
		<!-- 备注 -->
		<if test="remark != null" >
		  remark = #{remark,jdbcType=VARCHAR},
		</if>

    </set>
    where 1=1 
     <!-- where 条件参数必须加上 par_+wherePars参数key -->
     <!-- 
      <if test="par_id != null" >
        and id = #{par_id}
      </if>
       
     <if test="par_name != null" >
         and name like '%' || #{par_name,jdbcType=VARCHAR} || '%'
      </if>
       <if test="par_phone != null" >
        and phone = '${par_phone}'
      </if>
      -->
  </update>
  
  
  <update id="batchUpdate"  parameterType="java.util.List">  
      <foreach collection="list" item="item" index="index" open="" close="" separator=";">  
            update ts_AuthIntercept   
            <set>  
            			<!-- 是否本机构数据 -->
		<if test="orgRight != null" >
		  orgRight = #{orgRight,jdbcType=TINYINT},
		</if>
		<!-- 可用开关 -->
		<if test="flag != null" >
		  flag = #{flag,jdbcType=TINYINT},
		</if>
		<!-- 表别名 -->
		<if test="tabAlisName != null" >
		  tabAlisName = #{tabAlisName,jdbcType=VARCHAR},
		</if>
		<!-- 替换插槽 -->
		<if test="slotCode != null" >
		  slotCode = #{slotCode,jdbcType=VARCHAR},
		</if>
		<!-- 方法名 -->
		<if test="methodName != null" >
		  methodName = #{methodName,jdbcType=VARCHAR},
		</if>
		<!-- 拦截类型 -->
		<if test="itype != null" >
		  itype = #{itype,jdbcType=INTEGER},
		</if>
		<!-- 微服务名称 -->
		<if test="microName != null" >
		  microName = #{microName,jdbcType=VARCHAR},
		</if>
		<!-- 可用标识 -->
		<if test="isenabled != null" >
		  isenabled = #{isenabled,jdbcType=TINYINT},
		</if>
		<!-- 修改日期 -->
		<if test="modifytime != null" >
		  modifytime = #{modifytime,jdbcType=DATE},
		</if>
		<!-- 修改人 -->
		<if test="modifier != null" >
		  modifier = #{modifier,jdbcType=BIGINT},
		</if>
		<!-- 备注 -->
		<if test="remark != null" >
		  remark = #{remark,jdbcType=VARCHAR},
		</if>

		    </set>
		    where id = #{item.id,jdbcType=INTEGER}
     </foreach>  
  </update>  
  
  <delete id="delete" parameterType="java.lang.Long" >
    delete from ts_AuthIntercept
    where id = #{id,jdbcType=INTEGER}
  </delete>
  
  <!-- 根据指定的参数，删除实体 -->
  <delete id="deleteByPars" parameterType="map" >
    delete from ts_AuthIntercept
     where 1=1 
     
      <if test="id != null" >
        and id = #{id,jdbcType=INTEGER}
      </if>
       
     <if test="name != null" >
        and name like '%' || #{name,jdbcType=VARCHAR} || '%'
      </if>
       <if test="phone != null" >
        and phone = #{name,jdbcType=VARCHAR}
      </if>
  </delete>
  
   <delete id="deleteByIds" >
    delete from ts_AuthIntercept
    where id in (${ids})
  </delete>
  
  <!-- 删除所有数据 -->
  <delete id="deleteAll" >
    delete from ts_AuthIntercept
  </delete>
  
  <!-- 根据ID禁用或启用数据-->
  <update id="enabled">
    update ts_AuthIntercept
    <set>
        isenabled = #{isenabled,jdbcType=INTEGER}
    </set>
    where id=#{id,jdbcType=INTEGER}
  </update>
  
   <!-- 根据ID禁用或启用数据-->
  <update id="enabledByPars" parameterType="map">
    update ts_AuthIntercept
    <set>
        isenabled = #{isenabled,jdbcType=INTEGER}
    </set>
     where 1=1 
    
      <if test="id != null" >
        and id = #{id,jdbcType=INTEGER}
      </if>
       
     <if test="name != null" >
         and name like '%' || #{name,jdbcType=VARCHAR} || '%'
      </if>
       <if test="phone != null" >
         and phone = #{name,jdbcType=VARCHAR}
      </if>
     
  </update>
  
   <!-- 根据多个ID禁用或启用数据-->
  <update id="enabledByIds">
    update ts_AuthIntercept
    <set>
        isenabled = #{isenabled,jdbcType=INTEGER}
    </set>
    where id in (${ids})
  </update>
  
</mapper>
