<?xml version="1.0" encoding="UTF-8" ?>
<!DOCTYPE mapper PUBLIC "-//mybatis.org//DTD Mapper 3.0//EN" "http://mybatis.org/dtd/mybatis-3-mapper.dtd" >
<mapper namespace="com.mybatis.BaseMapper">

    <!--
        通用映射
        @Author 肖家添
        @Date 2019/5/9 23:16
    -->

    <resultMap id="BaseResultMap" type="com.cmw.core.base.entity.BaseEntity">
        <!-- 创建人 -->
        <result column="creator" property="creator" jdbcType="BIGINT"/>
        <!-- 创建时间 -->
        <result column="createTime" property="createTime" jdbcType="TIMESTAMP"/>
        <!-- 创建机构 -->
        <result column="orgid" property="orgid" jdbcType="BIGINT"/>
        <!-- 创建部门 -->
        <result column="deptId" property="deptId" jdbcType="BIGINT"/>
        <!-- 可用标识 -->
        <result column="isenabled" property="isenabled" jdbcType="TINYINT"/>
        <!-- 修改日期 -->
        <result column="modifytime" property="modifytime" jdbcType="TIMESTAMP"/>
        <!-- 备注 -->
        <result column="remark" property="remark" jdbcType="VARCHAR"/>
    </resultMap>

    <resultMap id="FullResultMap" type="com.cmw.core.base.entity.BaseEntity">
        <!-- 修改人 -->
        <result column="modifier" property="modifier" jdbcType="BIGINT"/>
    </resultMap>

</mapper>
