<?xml version="1.0" encoding="UTF-8" ?>
<!DOCTYPE mapper PUBLIC "-//mybatis.org//DTD Mapper 3.0//EN" "http://mybatis.org/dtd/mybatis-3-mapper.dtd" >
<mapper namespace="com.cmw.dao.CompanyDao" >
  <resultMap id="BaseResultMap" type="com.cmw.entity.CompanyEntity" >
  	<id column="id" property="id" jdbcType="BIGINT" />
	<!-- 公司网址 -->
	<result column="url" property="url" jdbcType="VARCHAR"/>
	<!-- 公司地址 -->
	<result column="address" property="address" jdbcType="VARCHAR"/>
	<!-- 邮箱 -->
	<result column="email" property="email" jdbcType="VARCHAR"/>
	<!-- 公司邮编 -->
	<result column="zipcode" property="zipcode" jdbcType="VARCHAR"/>
	<!-- 联系电话 -->
	<result column="tel" property="tel" jdbcType="VARCHAR"/>
	<!-- 联系人 -->
	<result column="contactor" property="contactor" jdbcType="VARCHAR"/>
	<!-- 公司法人 -->
	<result column="legal" property="legal" jdbcType="VARCHAR"/>
	<!-- 成立时间 -->
	<result column="builddate" property="builddate" jdbcType="DATE"/>
	<!-- 工商登记号 -->
	<result column="offnum" property="offnum" jdbcType="VARCHAR"/>
	<!-- 组织机构码 -->
	<result column="orgcode" property="orgcode" jdbcType="VARCHAR"/>
	<!-- 拼音助记码 -->
	<result column="mnemonic" property="mnemonic" jdbcType="VARCHAR"/>
	<!-- 上级单位ID -->
	<result column="poid" property="poid" jdbcType="BIGINT"/>
	<!-- 上级单位类型 -->
	<result column="potype" property="potype" jdbcType="INTEGER"/>
	<!-- 隶属关系 -->
	<result column="affiliation" property="affiliation" jdbcType="INTEGER"/>
	<!-- 公司名称 -->
	<result column="name" property="name" jdbcType="VARCHAR"/>
	<!-- 公司编号 -->
	<result column="code" property="code" jdbcType="VARCHAR"/>
  </resultMap>
  <sql id="Base_Column_List" >
 	id,url,address,email,zipcode,tel,contactor,legal,builddate,offnum,orgcode,mnemonic,poid,potype,affiliation,name,code
  </sql>
  
  <select id="get" resultMap="BaseResultMap" parameterType="java.lang.Long">
   	select 
   	 <include refid="Base_Column_List" />
    from ts_Company
    where isenabled=1 and  id = #{id,jdbcType=INTEGER}
  </select>

  <select id="getByPars" resultMap="BaseResultMap">
   	select 
   	 <include refid="Base_Column_List" />
    from ts_Company where 1=1
      <!--
          <if test="name != null" >
            and name like '%' || #{name,jdbcType=VARCHAR} || '%'
         </if>
          <if test="age != null" >
           and age = #{age}
         </if>
        -->
  </select>
  
   <select id="getList" resultMap="BaseResultMap">
   	select 
   	 <include refid="Base_Column_List" />
    from ts_Company where 1=1 
    <!-- 
     <if test="name != null" >
         and name like '%' || #{name,jdbcType=VARCHAR} || '%'
      </if>
       <if test="age != null" >
        and age = #{age}
      </if>
     -->
  </select>
  
  <select id="getListMap" resultType="java.util.HashMap">
   	 select 
   	 <include refid="Base_Column_List" />
     from ts_Company where 1=1 
     <!-- 
   	 <if test="name != null" >
         and name like '%' || #{name,jdbcType=VARCHAR} || '%'
      </if>
       <if test="age != null" >
        and age = #{age}
      </if>
     -->
  </select>
  
  
  <select id="getListAll" resultMap="BaseResultMap">
   	select 
   	 <include refid="Base_Column_List" />
    from ts_Company where 1=1 
  </select>
  
  
  <select id="getPageByPars" resultMap="BaseResultMap">
   	select
	  A.id,
	  A.code,
	  A.name,
	  A.affiliation,
	  A.contactor,
	  A.tel,
	  A.address,
	  A.remark
	  from ts_Company as A
	  where A.isenabled=1
	  <if test="rightCondition != null" >
		  ${rightCondition}
	  </if>
	  <if test="name != null" >
       and A.name like CONCAT('%',#{name},'%')
	  </if>

    order by A.id desc
    <if test="offset!=null and pageSize!=null">
        limit #{offset},#{pageSize}
    </if>
</select>

<!-- 获取总记录数 -->
  <select id="getTotals" resultType="java.lang.Long">
   	select count(1) as totalCount from ts_Company where 1=1 
  </select>
  
   <!-- 根据参数获取总记录数 -->
  <select id="getTotalsByPars" resultType="java.lang.Long" parameterType="java.util.Map">
   	select count(1) as totalCount from ts_Company where 1=1 
   	 <!-- 
     <if test="name != null" >
         and name like '%' || #{name,jdbcType=VARCHAR} || '%'
      </if>
       <if test="age != null" >
        and age = #{age}
      </if>
     -->
  </select>
  
  
  <!-- 获取最大ID -->
  <select id="getMaxID"  resultType="java.lang.Long">
   	select max(id) as maxId from ts_Company where 1=1 
  </select>

	<!-- 更新编号 -->
	<update id="updateCode">
		update ts_Company
		<set>
			<!-- 编号 -->
			code = #{code,jdbcType=VARCHAR}
		</set>
		where id = #{id,jdbcType=INTEGER}
	</update>

  <insert id="insert" useGeneratedKeys="true" keyProperty="id" parameterType="com.cmw.entity.CompanyEntity" >
      insert into ts_Company (url,address,email,zipcode,tel,contactor,legal,builddate,offnum,orgcode,mnemonic,poid,potype,affiliation,name,code,
	  creator,createTime,orgid,
	  deptId,isenabled,remark)
    values (#{url,jdbcType=VARCHAR},#{address,jdbcType=VARCHAR},#{email,jdbcType=VARCHAR},
    #{zipcode,jdbcType=VARCHAR},#{tel,jdbcType=VARCHAR},#{contactor,jdbcType=VARCHAR},
    #{legal,jdbcType=VARCHAR},#{builddate,jdbcType=DATE},#{offnum,jdbcType=VARCHAR},
    #{orgcode,jdbcType=VARCHAR},#{mnemonic,jdbcType=VARCHAR},#{poid,jdbcType=BIGINT},
    #{potype,jdbcType=INTEGER},#{affiliation,jdbcType=INTEGER},#{name,jdbcType=VARCHAR},
    #{code,jdbcType=VARCHAR},
	#{creator,jdbcType=BIGINT},#{createTime,jdbcType=TIMESTAMP},#{orgid,jdbcType=BIGINT},#{deptId,jdbcType=BIGINT},#{isenabled,jdbcType=TINYINT},#{remark,jdbcType=VARCHAR})
  </insert>
  
  <insert id="batchInsert" parameterType="List" useGeneratedKeys="true" keyProperty="id">
	 insert into ts_Company (url,address,email,zipcode,tel,contactor,legal,builddate,offnum,orgcode,mnemonic,poid,potype,affiliation,name,code) values
	  <foreach item="item" collection="list" separator=",">
	    (#{url,jdbcType=VARCHAR},#{address,jdbcType=VARCHAR},#{email,jdbcType=VARCHAR},#{zipcode,jdbcType=VARCHAR},#{tel,jdbcType=VARCHAR},#{contactor,jdbcType=VARCHAR},#{legal,jdbcType=VARCHAR},#{builddate,jdbcType=DATE},#{offnum,jdbcType=VARCHAR},#{orgcode,jdbcType=VARCHAR},#{mnemonic,jdbcType=VARCHAR},#{poid,jdbcType=BIGINT},#{potype,jdbcType=INTEGER},#{affiliation,jdbcType=INTEGER},#{name,jdbcType=VARCHAR},#{code,jdbcType=VARCHAR})
	  </foreach>
	<!--
	  insert into ts_Company (name, age, phone) values
	  <foreach item="item" collection="list" separator=",">
	    (#{item.name}, #{item.age}, #{item.phone})
	  </foreach>
	  -->
  </insert>
  
   <update id="update" parameterType="com.cmw.entity.CompanyEntity" >
    update ts_Company
    <set>
    			<!-- 公司网址 -->
		<if test="url != null" >
		  url = #{url,jdbcType=VARCHAR},
		</if>
		<!-- 公司地址 -->
		<if test="address != null" >
		  address = #{address,jdbcType=VARCHAR},
		</if>
		<!-- 邮箱 -->
		<if test="email != null" >
		  email = #{email,jdbcType=VARCHAR},
		</if>
		<!-- 公司邮编 -->
		<if test="zipcode != null" >
		  zipcode = #{zipcode,jdbcType=VARCHAR},
		</if>
		<!-- 联系电话 -->
		<if test="tel != null" >
		  tel = #{tel,jdbcType=VARCHAR},
		</if>
		<!-- 联系人 -->
		<if test="contactor != null" >
		  contactor = #{contactor,jdbcType=VARCHAR},
		</if>
		<!-- 公司法人 -->
		<if test="legal != null" >
		  legal = #{legal,jdbcType=VARCHAR},
		</if>
		<!-- 成立时间 -->
		<if test="builddate != null" >
		  builddate = #{builddate,jdbcType=DATE},
		</if>
		<!-- 工商登记号 -->
		<if test="offnum != null" >
		  offnum = #{offnum,jdbcType=VARCHAR},
		</if>
		<!-- 组织机构码 -->
		<if test="orgcode != null" >
		  orgcode = #{orgcode,jdbcType=VARCHAR},
		</if>
		<!-- 拼音助记码 -->
		<if test="mnemonic != null" >
		  mnemonic = #{mnemonic,jdbcType=VARCHAR},
		</if>
		<!-- 上级单位ID -->
		<if test="poid != null" >
		  poid = #{poid,jdbcType=BIGINT},
		</if>
		<!-- 上级单位类型 -->
		<if test="potype != null" >
		  potype = #{potype,jdbcType=INTEGER},
		</if>
		<!-- 隶属关系 -->
		<if test="affiliation != null" >
		  affiliation = #{affiliation,jdbcType=INTEGER},
		</if>
		<!-- 公司名称 -->
		<if test="name != null" >
		  name = #{name,jdbcType=VARCHAR},
		</if>
		<!-- 公司编号 -->
		<if test="code != null" >
		  code = #{code,jdbcType=VARCHAR},
		</if>

    <!--
      <if test="name != null" >
        name = #{name,jdbcType=VARCHAR},
      </if>
       <if test="age != null" >
        age = #{age,jdbcType=INTEGER},
      </if>
       <if test="phone != null" >
        phone = #{phone,jdbcType=VARCHAR},
      </if>
      -->
    </set>
    where id = #{id,jdbcType=INTEGER}
  </update>
  
   <update id="updateByPars" parameterType="map">
    update ts_Company
    <set>
     			<!-- 公司网址 -->
		<if test="url != null" >
		  url = #{url,jdbcType=VARCHAR},
		</if>
		<!-- 公司地址 -->
		<if test="address != null" >
		  address = #{address,jdbcType=VARCHAR},
		</if>
		<!-- 邮箱 -->
		<if test="email != null" >
		  email = #{email,jdbcType=VARCHAR},
		</if>
		<!-- 公司邮编 -->
		<if test="zipcode != null" >
		  zipcode = #{zipcode,jdbcType=VARCHAR},
		</if>
		<!-- 联系电话 -->
		<if test="tel != null" >
		  tel = #{tel,jdbcType=VARCHAR},
		</if>
		<!-- 联系人 -->
		<if test="contactor != null" >
		  contactor = #{contactor,jdbcType=VARCHAR},
		</if>
		<!-- 公司法人 -->
		<if test="legal != null" >
		  legal = #{legal,jdbcType=VARCHAR},
		</if>
		<!-- 成立时间 -->
		<if test="builddate != null" >
		  builddate = #{builddate,jdbcType=DATE},
		</if>
		<!-- 工商登记号 -->
		<if test="offnum != null" >
		  offnum = #{offnum,jdbcType=VARCHAR},
		</if>
		<!-- 组织机构码 -->
		<if test="orgcode != null" >
		  orgcode = #{orgcode,jdbcType=VARCHAR},
		</if>
		<!-- 拼音助记码 -->
		<if test="mnemonic != null" >
		  mnemonic = #{mnemonic,jdbcType=VARCHAR},
		</if>
		<!-- 上级单位ID -->
		<if test="poid != null" >
		  poid = #{poid,jdbcType=BIGINT},
		</if>
		<!-- 上级单位类型 -->
		<if test="potype != null" >
		  potype = #{potype,jdbcType=INTEGER},
		</if>
		<!-- 隶属关系 -->
		<if test="affiliation != null" >
		  affiliation = #{affiliation,jdbcType=INTEGER},
		</if>
		<!-- 公司名称 -->
		<if test="name != null" >
		  name = #{name,jdbcType=VARCHAR},
		</if>
		<!-- 公司编号 -->
		<if test="code != null" >
		  code = #{code,jdbcType=VARCHAR},
		</if>

    <!--
      <if test="name != null" >
        name = #{name,jdbcType=VARCHAR},
      </if>
       <if test="age != null" >
        age = #{age,jdbcType=INTEGER},
      </if>
       <if test="phone != null" >
        phone = #{phone,jdbcType=VARCHAR},
      </if>
      -->
    </set>
    where 1=1 
     <!-- where 条件参数必须加上 par_+wherePars参数key -->
     <!-- 
      <if test="par_id != null" >
        and id = #{par_id}
      </if>
       
     <if test="par_name != null" >
         and name like '%' || #{par_name,jdbcType=VARCHAR} || '%'
      </if>
       <if test="par_phone != null" >
        and phone = '${par_phone}'
      </if>
      -->
  </update>
  
  
  <update id="batchUpdate"  parameterType="java.util.List">  
      <foreach collection="list" item="item" index="index" open="" close="" separator=";">  
            update ts_Company   
            <set>  
            			<!-- 公司网址 -->
		<if test="url != null" >
		  url = #{url,jdbcType=VARCHAR},
		</if>
		<!-- 公司地址 -->
		<if test="address != null" >
		  address = #{address,jdbcType=VARCHAR},
		</if>
		<!-- 邮箱 -->
		<if test="email != null" >
		  email = #{email,jdbcType=VARCHAR},
		</if>
		<!-- 公司邮编 -->
		<if test="zipcode != null" >
		  zipcode = #{zipcode,jdbcType=VARCHAR},
		</if>
		<!-- 联系电话 -->
		<if test="tel != null" >
		  tel = #{tel,jdbcType=VARCHAR},
		</if>
		<!-- 联系人 -->
		<if test="contactor != null" >
		  contactor = #{contactor,jdbcType=VARCHAR},
		</if>
		<!-- 公司法人 -->
		<if test="legal != null" >
		  legal = #{legal,jdbcType=VARCHAR},
		</if>
		<!-- 成立时间 -->
		<if test="builddate != null" >
		  builddate = #{builddate,jdbcType=DATE},
		</if>
		<!-- 工商登记号 -->
		<if test="offnum != null" >
		  offnum = #{offnum,jdbcType=VARCHAR},
		</if>
		<!-- 组织机构码 -->
		<if test="orgcode != null" >
		  orgcode = #{orgcode,jdbcType=VARCHAR},
		</if>
		<!-- 拼音助记码 -->
		<if test="mnemonic != null" >
		  mnemonic = #{mnemonic,jdbcType=VARCHAR},
		</if>
		<!-- 上级单位ID -->
		<if test="poid != null" >
		  poid = #{poid,jdbcType=BIGINT},
		</if>
		<!-- 上级单位类型 -->
		<if test="potype != null" >
		  potype = #{potype,jdbcType=INTEGER},
		</if>
		<!-- 隶属关系 -->
		<if test="affiliation != null" >
		  affiliation = #{affiliation,jdbcType=INTEGER},
		</if>
		<!-- 公司名称 -->
		<if test="name != null" >
		  name = #{name,jdbcType=VARCHAR},
		</if>
		<!-- 公司编号 -->
		<if test="code != null" >
		  code = #{code,jdbcType=VARCHAR},
		</if>

			    <!--
			      <if test="name != null" >
			        name = #{name,jdbcType=VARCHAR},
			      </if>
			       <if test="age != null" >
			        age = #{age,jdbcType=INTEGER},
			      </if>
			       <if test="phone != null" >
			        phone = #{phone,jdbcType=VARCHAR},
			      </if>
			      -->
		    </set>
		    where id = #{item.id,jdbcType=INTEGER}
     </foreach>  
  </update>  
  
  <delete id="delete" parameterType="java.lang.Long" >
    delete from ts_Company
    where id = #{id,jdbcType=INTEGER}
  </delete>
  
  <!-- 根据指定的参数，删除实体 -->
  <delete id="deleteByPars" parameterType="map" >
    delete from ts_Company
     where 1=1 
     
      <if test="id != null" >
        and id = #{id,jdbcType=INTEGER}
      </if>
       
     <if test="name != null" >
        and name like '%' || #{name,jdbcType=VARCHAR} || '%'
      </if>
       <if test="phone != null" >
        and phone = #{name,jdbcType=VARCHAR}
      </if>
  </delete>
  
   <delete id="deleteByIds" >
    delete from ts_Company
    where id in (${ids})
  </delete>
  
  <!-- 删除所有数据 -->
  <delete id="deleteAll" >
    delete from ts_Company
  </delete>
  
  <!-- 根据ID禁用或启用数据-->
  <update id="enabled">
    update ts_Company
    <set>
        isenabled = #{isenabled,jdbcType=INTEGER}
    </set>
    where id=#{id,jdbcType=INTEGER}
  </update>
  
   <!-- 根据ID禁用或启用数据-->
  <update id="enabledByPars" parameterType="map">
    update ts_Company
    <set>
        isenabled = #{isenabled,jdbcType=INTEGER}
    </set>
     where 1=1 
    
      <if test="id != null" >
        and id = #{id,jdbcType=INTEGER}
      </if>
       
     <if test="name != null" >
         and name like '%' || #{name,jdbcType=VARCHAR} || '%'
      </if>
       <if test="phone != null" >
         and phone = #{name,jdbcType=VARCHAR}
      </if>
     
  </update>
  
   <!-- 根据多个ID禁用或启用数据-->
  <update id="enabledByIds">
    update ts_Company
    <set>
        isenabled = #{isenabled,jdbcType=INTEGER}
    </set>
    where id in (${ids})
  </update>
  
</mapper>
