<?xml version="1.0" encoding="UTF-8" ?>
<!DOCTYPE mapper PUBLIC "-//mybatis.org//DTD Mapper 3.0//EN" "http://mybatis.org/dtd/mybatis-3-mapper.dtd" >
<mapper namespace="com.cmw.dao.CountryDao" >
  <resultMap id="BaseResultMap" type="com.cmw.entity.CountryEntity" >
  	<id column="id" property="id" jdbcType="BIGINT" />
	<!-- 韩文名称 -->
	<result column="koname" property="koname" jdbcType="VARCHAR"/>
	<!-- 法文名称 -->
	<result column="fname" property="fname" jdbcType="VARCHAR"/>
	<!-- 繁体中文名称 -->
	<result column="twname" property="twname" jdbcType="VARCHAR"/>
	<!-- 日文名称 -->
	<result column="jname" property="jname" jdbcType="VARCHAR"/>
	<!-- 英文名称 -->
	<result column="ename" property="ename" jdbcType="VARCHAR"/>
	<!-- 资源ID -->
	<result column="restypeId" property="restypeId" jdbcType="BIGINT"/>
	<!-- 是否默认显示 -->
	<result column="isdefault" property="isdefault" jdbcType="INTEGER"/>
	<!-- 国家名称 -->
	<result column="name" property="name" jdbcType="VARCHAR"/>
	<!-- 编号 -->
	<result column="code" property="code" jdbcType="VARCHAR"/>
  </resultMap>
  <sql id="Base_Column_List" >
 	id,koname,fname,twname,jname,ename,restypeId,isdefault,name,code
   <!-- id, name, age, phone-->
  </sql>

  <select id="get" resultMap="BaseResultMap" parameterType="java.lang.Long">
   	select 
   	 <include refid="Base_Column_List" />
    from ts_Country
    where id = #{id,jdbcType=INTEGER}
  </select>

  <select id="getByPars" resultMap="BaseResultMap">
   	select 
   	 <include refid="Base_Column_List" />
    from ts_Country where 1=1
      <!--
          <if test="name != null" >
            and name like '%' || #{name,jdbcType=VARCHAR} || '%'
         </if>
          <if test="age != null" >
           and age = #{age}
         </if>
        -->
  </select>
  
   <select id="getList" resultMap="BaseResultMap">
   	select 
   	 <include refid="Base_Column_List" />
    from ts_Country where 1=1 
    <!-- 
     <if test="name != null" >
         and name like '%' || #{name,jdbcType=VARCHAR} || '%'
      </if>
       <if test="age != null" >
        and age = #{age}
      </if>
     -->
  </select>
  
  <select id="getListMap" resultType="java.util.HashMap">
   	 select 
   	 <include refid="Base_Column_List" />
     from ts_Country where 1=1 
     <!-- 
   	 <if test="name != null" >
         and name like '%' || #{name,jdbcType=VARCHAR} || '%'
      </if>
       <if test="age != null" >
        and age = #{age}
      </if>
     -->
  </select>
  
  
  <select id="getListAll" resultMap="BaseResultMap">
   	select 
   	 <include refid="Base_Column_List" />
    from ts_Country where 1=1 
  </select>
  
  
  <select id="getPageByPars" resultMap="BaseResultMap">
   	select 
   	 <include refid="Base_Column_List" />
    from ts_Country where 1=1 
      <!-- 
   	  <if test="name != null" >
         and name like '%' || #{name,jdbcType=VARCHAR} || '%'
      </if>
       <if test="age != null" >
        and age = #{age}
      </if>
     -->
       order by id desc 
        <if test="offset!=null and pageSize!=null">  
	        limit #{offset},#{pageSize}
	    </if>
  </select>
  
  <!-- 获取总记录数 -->
  <select id="getTotals" resultType="java.lang.Long">
   	select count(1) as totalCount from ts_Country where 1=1 
  </select>
  
   <!-- 根据参数获取总记录数 -->
  <select id="getTotalsByPars" resultType="java.lang.Long" parameterType="java.util.Map">
   	select count(1) as totalCount from ts_Country where 1=1 
   	 <!-- 
     <if test="name != null" >
         and name like '%' || #{name,jdbcType=VARCHAR} || '%'
      </if>
       <if test="age != null" >
        and age = #{age}
      </if>
     -->
  </select>
  
  
  <!-- 获取最大ID -->
  <select id="getMaxID"  resultType="java.lang.Long">
   	select max(id) as maxId from ts_Country where 1=1 
  </select>
  
  <insert id="insert" useGeneratedKeys="true" keyProperty="id" parameterType="com.cmw.entity.CountryEntity" >
      insert into ts_Country (koname,fname,twname,jname,ename,restypeId,isdefault,name,code)
    values (#{koname,jdbcType=VARCHAR},#{fname,jdbcType=VARCHAR},#{twname,jdbcType=VARCHAR},#{jname,jdbcType=VARCHAR},#{ename,jdbcType=VARCHAR},#{restypeId,jdbcType=BIGINT},#{isdefault,jdbcType=INTEGER},#{name,jdbcType=VARCHAR},#{code,jdbcType=VARCHAR})
    <!--
    insert into student (name, age, phone)
    values (#{name,jdbcType=VARCHAR}, #{age,jdbcType=INTEGER}, #{phone,jdbcType=VARCHAR})
    -->
  </insert>
  
  <insert id="batchInsert" parameterType="List" useGeneratedKeys="true" keyProperty="id">
	 insert into ts_Country (koname,fname,twname,jname,ename,restypeId,isdefault,name,code) values
	  <foreach item="item" collection="list" separator=",">
	    (#{koname,jdbcType=VARCHAR},#{fname,jdbcType=VARCHAR},#{twname,jdbcType=VARCHAR},#{jname,jdbcType=VARCHAR},#{ename,jdbcType=VARCHAR},#{restypeId,jdbcType=BIGINT},#{isdefault,jdbcType=INTEGER},#{name,jdbcType=VARCHAR},#{code,jdbcType=VARCHAR})
	  </foreach>
	<!--
	  insert into ts_Country (name, age, phone) values
	  <foreach item="item" collection="list" separator=",">
	    (#{item.name}, #{item.age}, #{item.phone})
	  </foreach>
	  -->
  </insert>
  
   <update id="update" parameterType="com.cmw.entity.CountryEntity" >
    update ts_Country
    <set>
    			<!-- 韩文名称 -->
		<if test="koname != null" >
		  koname = #{koname,jdbcType=VARCHAR},
		</if>
		<!-- 法文名称 -->
		<if test="fname != null" >
		  fname = #{fname,jdbcType=VARCHAR},
		</if>
		<!-- 繁体中文名称 -->
		<if test="twname != null" >
		  twname = #{twname,jdbcType=VARCHAR},
		</if>
		<!-- 日文名称 -->
		<if test="jname != null" >
		  jname = #{jname,jdbcType=VARCHAR},
		</if>
		<!-- 英文名称 -->
		<if test="ename != null" >
		  ename = #{ename,jdbcType=VARCHAR},
		</if>
		<!-- 资源ID -->
		<if test="restypeId != null" >
		  restypeId = #{restypeId,jdbcType=BIGINT},
		</if>
		<!-- 是否默认显示 -->
		<if test="isdefault != null" >
		  isdefault = #{isdefault,jdbcType=INTEGER},
		</if>
		<!-- 国家名称 -->
		<if test="name != null" >
		  name = #{name,jdbcType=VARCHAR},
		</if>
		<!-- 编号 -->
		<if test="code != null" >
		  code = #{code,jdbcType=VARCHAR},
		</if>

    <!--
      <if test="name != null" >
        name = #{name,jdbcType=VARCHAR},
      </if>
       <if test="age != null" >
        age = #{age,jdbcType=INTEGER},
      </if>
       <if test="phone != null" >
        phone = #{phone,jdbcType=VARCHAR},
      </if>
      -->
    </set>
    where id = #{id,jdbcType=INTEGER}
  </update>
  
   <update id="updateByPars" parameterType="map">
    update ts_Country
    <set>
     			<!-- 韩文名称 -->
		<if test="koname != null" >
		  koname = #{koname,jdbcType=VARCHAR},
		</if>
		<!-- 法文名称 -->
		<if test="fname != null" >
		  fname = #{fname,jdbcType=VARCHAR},
		</if>
		<!-- 繁体中文名称 -->
		<if test="twname != null" >
		  twname = #{twname,jdbcType=VARCHAR},
		</if>
		<!-- 日文名称 -->
		<if test="jname != null" >
		  jname = #{jname,jdbcType=VARCHAR},
		</if>
		<!-- 英文名称 -->
		<if test="ename != null" >
		  ename = #{ename,jdbcType=VARCHAR},
		</if>
		<!-- 资源ID -->
		<if test="restypeId != null" >
		  restypeId = #{restypeId,jdbcType=BIGINT},
		</if>
		<!-- 是否默认显示 -->
		<if test="isdefault != null" >
		  isdefault = #{isdefault,jdbcType=INTEGER},
		</if>
		<!-- 国家名称 -->
		<if test="name != null" >
		  name = #{name,jdbcType=VARCHAR},
		</if>
		<!-- 编号 -->
		<if test="code != null" >
		  code = #{code,jdbcType=VARCHAR},
		</if>

    <!--
      <if test="name != null" >
        name = #{name,jdbcType=VARCHAR},
      </if>
       <if test="age != null" >
        age = #{age,jdbcType=INTEGER},
      </if>
       <if test="phone != null" >
        phone = #{phone,jdbcType=VARCHAR},
      </if>
      -->
    </set>
    where 1=1 
     <!-- where 条件参数必须加上 par_+wherePars参数key -->
     <!-- 
      <if test="par_id != null" >
        and id = #{par_id}
      </if>
       
     <if test="par_name != null" >
         and name like '%' || #{par_name,jdbcType=VARCHAR} || '%'
      </if>
       <if test="par_phone != null" >
        and phone = '${par_phone}'
      </if>
      -->
  </update>
  
  
  <update id="batchUpdate"  parameterType="java.util.List">  
      <foreach collection="list" item="item" index="index" open="" close="" separator=";">  
            update ts_Country   
            <set>  
            			<!-- 韩文名称 -->
		<if test="koname != null" >
		  koname = #{koname,jdbcType=VARCHAR},
		</if>
		<!-- 法文名称 -->
		<if test="fname != null" >
		  fname = #{fname,jdbcType=VARCHAR},
		</if>
		<!-- 繁体中文名称 -->
		<if test="twname != null" >
		  twname = #{twname,jdbcType=VARCHAR},
		</if>
		<!-- 日文名称 -->
		<if test="jname != null" >
		  jname = #{jname,jdbcType=VARCHAR},
		</if>
		<!-- 英文名称 -->
		<if test="ename != null" >
		  ename = #{ename,jdbcType=VARCHAR},
		</if>
		<!-- 资源ID -->
		<if test="restypeId != null" >
		  restypeId = #{restypeId,jdbcType=BIGINT},
		</if>
		<!-- 是否默认显示 -->
		<if test="isdefault != null" >
		  isdefault = #{isdefault,jdbcType=INTEGER},
		</if>
		<!-- 国家名称 -->
		<if test="name != null" >
		  name = #{name,jdbcType=VARCHAR},
		</if>
		<!-- 编号 -->
		<if test="code != null" >
		  code = #{code,jdbcType=VARCHAR},
		</if>

			    <!--
			      <if test="name != null" >
			        name = #{name,jdbcType=VARCHAR},
			      </if>
			       <if test="age != null" >
			        age = #{age,jdbcType=INTEGER},
			      </if>
			       <if test="phone != null" >
			        phone = #{phone,jdbcType=VARCHAR},
			      </if>
			      -->
		    </set>
		    where id = #{item.id,jdbcType=INTEGER}
     </foreach>  
  </update>  
  
  <delete id="delete" parameterType="java.lang.Long" >
    delete from ts_Country
    where id = #{id,jdbcType=INTEGER}
  </delete>
  
  <!-- 根据指定的参数，删除实体 -->
  <delete id="deleteByPars" parameterType="map" >
    delete from ts_Country
     where 1=1 
     
      <if test="id != null" >
        and id = #{id,jdbcType=INTEGER}
      </if>
       
     <if test="name != null" >
        and name like '%' || #{name,jdbcType=VARCHAR} || '%'
      </if>
       <if test="phone != null" >
        and phone = #{name,jdbcType=VARCHAR}
      </if>
  </delete>
  
   <delete id="deleteByIds" >
    delete from ts_Country
    where id in (${ids})
  </delete>
  
  <!-- 删除所有数据 -->
  <delete id="deleteAll" >
    delete from ts_Country
  </delete>
  
  <!-- 根据ID禁用或启用数据-->
  <update id="enabled">
    update ts_Country
    <set>
        isenabled = #{isenabled,jdbcType=INTEGER}
    </set>
    where id=#{id,jdbcType=INTEGER}
  </update>
  
   <!-- 根据ID禁用或启用数据-->
  <update id="enabledByPars" parameterType="map">
    update ts_Country
    <set>
        isenabled = #{isenabled,jdbcType=INTEGER}
    </set>
     where 1=1 
    
      <if test="id != null" >
        and id = #{id,jdbcType=INTEGER}
      </if>
       
     <if test="name != null" >
         and name like '%' || #{name,jdbcType=VARCHAR} || '%'
      </if>
       <if test="phone != null" >
         and phone = #{name,jdbcType=VARCHAR}
      </if>
     
  </update>
  
   <!-- 根据多个ID禁用或启用数据-->
  <update id="enabledByIds">
    update ts_Country
    <set>
        isenabled = #{isenabled,jdbcType=INTEGER}
    </set>
    where id in (${ids})
  </update>
  
</mapper>
