<?xml version="1.0" encoding="UTF-8" ?>
<!DOCTYPE mapper PUBLIC "-//mybatis.org//DTD Mapper 3.0//EN" "http://mybatis.org/dtd/mybatis-3-mapper.dtd" >
<mapper namespace="com.cmw.dao.CustOrderDao" >
  <resultMap id="BaseResultMap" type="com.cmw.entity.CustOrderEntity" >
  	<id column="id" property="id" jdbcType="BIGINT" />
	<!-- IP -->
	<result column="ip" property="ip" jdbcType="VARCHAR"/>
	<!-- 支付来源 -->
	<result column="psource" property="psource" jdbcType="INTEGER"/>
	<!-- 订单支付时间 -->
	<result column="payDate" property="payDate" jdbcType="TIMESTAMP"/>
	<!-- 订单类型 -->
	<result column="otype" property="otype" jdbcType="INTEGER"/>
	<!-- 订单状态 -->
	<result column="xstatus" property="xstatus" jdbcType="INTEGER"/>
	<!-- 审批状态 -->
	<result column="axstatus" property="axstatus" jdbcType="INTEGER"/>
	<!-- 付款方式 -->
	<result column="payType" property="payType" jdbcType="INTEGER"/>
	<!-- 实际价格 -->
	<result column="payPrice" property="payPrice" jdbcType="DECIMAL"/>
	<!-- 订单总价 -->
	<result column="totalPrice" property="totalPrice" jdbcType="DECIMAL"/>
  	<!-- 优惠金额 -->
  	<result column="disAmount" property="disAmount" jdbcType="DECIMAL"/>

	<!-- 有效期 -->
	<result column="endDate" property="endDate" jdbcType="TIMESTAMP"/>
	<!-- 时长类型 -->
	<result column="durationType" property="durationType" jdbcType="INTEGER"/>
	<!-- 购买时长 -->
	<result column="buyDuration" property="buyDuration" jdbcType="INTEGER"/>
	<!-- 业务类型 -->
	<result column="bussType" property="bussType" jdbcType="INTEGER"/>
	<!-- Saas产品ID -->
	<result column="productId" property="productId" jdbcType="BIGINT"/>
	<!-- 客户ID -->
	<result column="customerId" property="customerId" jdbcType="BIGINT"/>
	<!-- 订单编号 -->
	<result column="code" property="code" jdbcType="VARCHAR"/>

	<!-- 创建人 -->
	<result column="creator" property="creator" jdbcType="BIGINT"/>
	<!-- 创建时间 -->
	<result column="createTime" property="createTime" jdbcType="TIMESTAMP"/>
	<!-- 创建机构 -->
	<result column="orgid" property="orgid" jdbcType="BIGINT"/>
	<!-- 创建部门 -->
	<result column="deptId" property="deptId" jdbcType="BIGINT"/>
	<!-- 可用标识 -->
	<result column="isenabled" property="isenabled" jdbcType="TINYINT"/>
	<!-- 修改日期 -->
	<result column="modifytime" property="modifytime" jdbcType="TIMESTAMP"/>
	<!-- 修改人 -->
	<result column="modifier" property="modifier" jdbcType="BIGINT"/>
	<!-- 备注 -->
	<result column="remark" property="remark" jdbcType="VARCHAR"/>
	<!-- 付款截图 -->
	<result column="payPic" property="payPic" jdbcType="VARCHAR"/>
  	<!-- 支付流水 -->
  	<result column="payInfo" property="payInfo" jdbcType="VARCHAR"/>

  </resultMap>
  <sql id="Base_Column_List" >
 	id,ip,psource,payDate,otype,xstatus,axstatus,payType,payPrice,totalPrice,endDate,durationType,buyDuration,bussType,productId,customerId,code,disAmount,payPic,payInfo
  </sql>
  
  <select id="get" resultMap="BaseResultMap" parameterType="java.lang.Long">
   	select 
   	 <include refid="Base_Column_List" />
    from ts_CustOrder
    where id = #{id,jdbcType=INTEGER}
  </select>

	<!-- 获取订单基本信息 -->
  <select id="getBaseInfo" resultType="java.util.HashMap">
		select A.id,A.buyDuration,A.durationType,A.endDate,A.payPrice,A.remark,A.productId from ts_custorder AS A
		 where A.isenabled=1
			and A.xstatus=0
			and A.bussType=#{bussType}
			and customerId=#{customerId}
			<!-- and endDate=#{endDate}-->
			order by A.id
			desc limit 1
   </select>

  <select id="getByPars" resultMap="BaseResultMap">
   	select 
   	 <include refid="Base_Column_List" />
    from ts_CustOrder as A where A.isenabled=1
  </select>
  
   <select id="getList" resultMap="BaseResultMap">
   	select 
   	 <include refid="Base_Column_List" />
    from ts_CustOrder where 1=1 
    <!-- 
     <if test="name != null" >
         and name like '%' || #{name,jdbcType=VARCHAR} || '%'
      </if>
       <if test="age != null" >
        and age = #{age}
      </if>
     -->
  </select>
  
  <select id="getListMap" resultType="java.util.HashMap">
   	 select 
   	 <include refid="Base_Column_List" />
     from ts_CustOrder where 1=1 
     <!-- 
   	 <if test="name != null" >
         and name like '%' || #{name,jdbcType=VARCHAR} || '%'
      </if>
       <if test="age != null" >
        and age = #{age}
      </if>
     -->
  </select>
  
  
  <select id="getListAll" resultMap="BaseResultMap">
   	select 
   	 <include refid="Base_Column_List" />
    from ts_CustOrder where 1=1 
  </select>
  
  
  <select id="getPageByPars" resultType="java.util.HashMap">
	  select A.id,A.code,B.oname,B.contacts,B.tel,
	  C.pname,A.bussType,A.buyDuration,A.durationType,A.endDate,
	  A.totalPrice,A.disAmount,A.payPrice,A.payType,A.axstatus,
	  A.xstatus,A.payDate,A.psource,A.remark,A.createTime,ifnull(D.empName,D.userName) as creatorName
	  from ts_custorder as A inner join ts_orgcustomer as B on A.customerId=B.id
	  inner join ts_saasProd as C on A.productId=C.id
	  inner join ts_user as D on A.creator=D.userId
	  <where>
		  A.isenabled=1
		  <!-- 订单状态 -->
		  <if test="xstatus != null">
			  and A.xstatus = #{xstatus}
		  </if>

		  <!-- 订单支付开始日期 -->
		  <if test="startDate != null">
			  and A.payDate &gt;= #{startDate}
		  </if>

		  <!-- 订单支付截止日期 -->
		  <if test="endDate != null">
			  and A.payDate &lt; #{endDate}
		  </if>


		  <!-- 购买产品ID -->
		  <if test="productId != null">
			  and A.productId = #{productId}
		  </if>

		  <!-- 购买时长 -->
		  <if test="buyDuration != null">
			  and A.buyDuration = #{buyDuration}
		  </if>

		  <!-- 客户名称 -->
		  <if test="oname != null">
			  and B.oname like CONCAT('%',#{oname},'%')
		  </if>

		  <!-- 实付金额 -->
		  <if test="payPrice != null">
			  and A.payPrice #{logicalSymbol} #{payPrice}
		  </if>

		  <!-- 业务类型 -->
		  <if test="bussType != null">
			  and A.bussType = #{bussType}
		  </if>

		  <!-- 付款方式 -->
		  <if test="payType != null">
			  and A.payType = #{payType}
		  </if>

		  <!-- 创建人 -->
		  <if test="creatorName != null">
			  and (D.userName like CONCAT('%',#{creatorName},'%') or D.empName like  CONCAT('%',#{creatorName},'%'))
		  </if>

		  <!-- 过滤权限 -->
		  <if test="rightCondition != null">
            ${rightCondition}
		  </if>
	  </where>
	  order by A.id desc
        <if test="offset!=null and pageSize!=null">  
	        limit #{offset},#{pageSize}
	    </if>
  </select>


	<!-- 获取历史签单数量 -->
	<select id="getRenewal" resultType="java.lang.Long" parameterType="java.util.Map">
	select count(1) as totalCount from ts_CustOrder where isenabled=1 and xstatus in (2,6)
	 and customerId=#{customerId} and bussType=1
	</select>

  <!-- 获取总记录数 -->
  <select id="getTotals" resultType="java.lang.Long">
   	select count(1) as totalCount from ts_CustOrder where 1=1 
  </select>
  
   <!-- 根据参数获取总记录数 -->
  <select id="getTotalsByPars" resultType="java.lang.Long" parameterType="java.util.Map">
   	select count(1) as totalCount from ts_CustOrder where isenabled=1
   	 <!-- 
     <if test="name != null" >
         and name like '%' || #{name,jdbcType=VARCHAR} || '%'
      </if>
       <if test="age != null" >
        and age = #{age}
      </if>
     -->
  </select>
  
  
  <!-- 获取最大ID -->
  <select id="getMaxID"  resultType="java.lang.Long">
   	select max(id) as maxId from ts_CustOrder where 1=1 
  </select>

  <!-- 更新编号 -->
	<update id="updateCode">
		update ts_CustOrder
		<set>
			<!-- 编号 -->
			code = #{code,jdbcType=VARCHAR}
		</set>
		where id = #{id,jdbcType=INTEGER}
	</update>

  <insert id="insert" useGeneratedKeys="true" keyProperty="id" parameterType="com.cmw.entity.CustOrderEntity" >
      insert into ts_CustOrder (ip,psource,payDate,otype,xstatus,axstatus,payType,payPrice,totalPrice,endDate,durationType,buyDuration,bussType,productId,customerId,code,disAmount,
      creator,createTime,orgid,deptId,isenabled,remark,payPic,payInfo)
    values (#{ip,jdbcType=VARCHAR},#{psource,jdbcType=INTEGER},#{payDate,jdbcType=TIMESTAMP},#{otype,jdbcType=INTEGER},#{xstatus,jdbcType=INTEGER},#{axstatus,jdbcType=INTEGER},#{payType,jdbcType=INTEGER},#{payPrice,jdbcType=DECIMAL},#{totalPrice,jdbcType=DECIMAL},#{endDate,jdbcType=TIMESTAMP},#{durationType,jdbcType=INTEGER},#{buyDuration,jdbcType=INTEGER},#{bussType,jdbcType=INTEGER},#{productId,jdbcType=BIGINT},#{customerId,jdbcType=BIGINT},#{code,jdbcType=VARCHAR},#{disAmount,jdbcType=DECIMAL},
      #{creator,jdbcType=BIGINT},#{createTime,jdbcType=TIMESTAMP},#{orgid,jdbcType=BIGINT},#{deptId,jdbcType=BIGINT},#{isenabled,jdbcType=TINYINT},#{remark,jdbcType=VARCHAR},#{payPic,jdbcType=VARCHAR},#{payInfo,jdbcType=VARCHAR})
  </insert>
  
  <insert id="batchInsert" parameterType="List" useGeneratedKeys="true" keyProperty="id">
	 insert into ts_CustOrder (ip,psource,payDate,otype,xstatus,axstatus,payType,payPrice,totalPrice,endDate,durationType,buyDuration,bussType,productId,customerId,code,disAmount,
	  creator,createTime,orgid,deptId,isenabled,remark,payPic,payInfo) values
	  <foreach item="item" collection="list" separator=",">
	    (#{ip,jdbcType=VARCHAR},#{psource,jdbcType=INTEGER},#{payDate,jdbcType=TIMESTAMP},#{otype,jdbcType=INTEGER},#{xstatus,jdbcType=INTEGER},#{axstatus,jdbcType=INTEGER},#{payType,jdbcType=INTEGER},#{payPrice,jdbcType=DECIMAL},#{totalPrice,jdbcType=DECIMAL},#{endDate,jdbcType=TIMESTAMP},#{durationType,jdbcType=INTEGER},#{buyDuration,jdbcType=INTEGER},#{bussType,jdbcType=INTEGER},#{productId,jdbcType=BIGINT},#{customerId,jdbcType=BIGINT},#{code,jdbcType=VARCHAR},#{disAmount,jdbcType=DECIMAL},
		  #{creator,jdbcType=BIGINT},#{createTime,jdbcType=TIMESTAMP},#{orgid,jdbcType=BIGINT},#{deptId,jdbcType=BIGINT},#{isenabled,jdbcType=TINYINT},#{remark,jdbcType=VARCHAR},#{payPic,jdbcType=VARCHAR},#{payInfo,jdbcType=VARCHAR})
	  </foreach>
  </insert>
  
   <update id="update" parameterType="com.cmw.entity.CustOrderEntity" >
    update ts_CustOrder
    <set>
		<!-- 付款截图 -->
		<if test="payPic != null" >
			payPic = #{payPic,jdbcType=VARCHAR},
		</if>
		<!-- 支付流水 -->
		<if test="payInfo != null" >
			payInfo = #{payInfo,jdbcType=VARCHAR},
		</if>

		<!-- IP -->
		<if test="ip != null" >
		  ip = #{ip,jdbcType=VARCHAR},
		</if>
		<!-- 支付来源 -->
		<if test="psource != null" >
		  psource = #{psource,jdbcType=INTEGER},
		</if>
		<!-- 订单支付时间 -->
		<if test="payDate != null" >
		  payDate = #{payDate,jdbcType=TIMESTAMP},
		</if>
		<!-- 订单类型 -->
		<if test="otype != null" >
		  otype = #{otype,jdbcType=INTEGER},
		</if>
		<!-- 订单状态 -->
		<if test="xstatus != null" >
		  xstatus = #{xstatus,jdbcType=INTEGER},
		</if>
		<!-- 审批状态 -->
		<if test="axstatus != null" >
		  axstatus = #{axstatus,jdbcType=INTEGER},
		</if>
		<!-- 付款方式 -->
		<if test="payType != null" >
		  payType = #{payType,jdbcType=INTEGER},
		</if>
		<!-- 优惠金额 -->
		<if test="disAmount != null" >
			disAmount = #{disAmount,jdbcType=DECIMAL},
		</if>

		<!-- 实际价格 -->
		<if test="payPrice != null" >
		  payPrice = #{payPrice,jdbcType=DECIMAL},
		</if>
		<!-- 订单总价 -->
		<if test="totalPrice != null" >
		  totalPrice = #{totalPrice,jdbcType=DECIMAL},
		</if>
		<!-- 有效期 -->
		<if test="endDate != null" >
		  endDate = #{endDate,jdbcType=TIMESTAMP},
		</if>
		<!-- 时长类型 -->
		<if test="durationType != null" >
		  durationType = #{durationType,jdbcType=INTEGER},
		</if>
		<!-- 购买时长 -->
		<if test="buyDuration != null" >
		  buyDuration = #{buyDuration,jdbcType=INTEGER},
		</if>
		<!-- 业务类型 -->
		<if test="bussType != null" >
		  bussType = #{bussType,jdbcType=INTEGER},
		</if>
		<!-- Saas产品ID -->
		<if test="productId != null" >
		  productId = #{productId,jdbcType=BIGINT},
		</if>
		<!-- 客户ID -->
		<if test="customerId != null" >
		  customerId = #{customerId,jdbcType=BIGINT},
		</if>
		<!-- 订单编号 -->
		<if test="code != null" >
		  code = #{code,jdbcType=VARCHAR},
		</if>

		<!-- 可用标识 -->
		<if test="isenabled != null">
			isenabled = #{isenabled,jdbcType=TINYINT},
		</if>
		<!-- 修改日期 -->
		<if test="modifytime != null">
			modifytime = #{modifytime,jdbcType=TIMESTAMP},
		</if>
		<!-- 修改人 -->
		<if test="modifier != null">
			modifier = #{modifier,jdbcType=BIGINT},
		</if>
		<!-- 备注 -->
		<if test="remark != null">
			remark = #{remark,jdbcType=VARCHAR},
		</if>

    </set>
    where id = #{id,jdbcType=INTEGER}
  </update>
  
   <update id="updateByPars" parameterType="map">
    update ts_CustOrder
    <set>
		<!-- 付款截图 -->
		<if test="payPic != null" >
			payPic = #{payPic,jdbcType=VARCHAR},
		</if>
		<!-- 支付流水 -->
		<if test="payInfo != null" >
			payInfo = #{payInfo,jdbcType=VARCHAR},
		</if>

		<!-- IP -->
		<if test="ip != null" >
		  ip = #{ip,jdbcType=VARCHAR},
		</if>
		<!-- 支付来源 -->
		<if test="psource != null" >
		  psource = #{psource,jdbcType=INTEGER},
		</if>
		<!-- 订单支付时间 -->
		<if test="payDate != null" >
		  payDate = #{payDate,jdbcType=TIMESTAMP},
		</if>
		<!-- 订单类型 -->
		<if test="otype != null" >
		  otype = #{otype,jdbcType=INTEGER},
		</if>
		<!-- 订单状态 -->
		<if test="xstatus != null" >
		  xstatus = #{xstatus,jdbcType=INTEGER},
		</if>
		<!-- 审批状态 -->
		<if test="axstatus != null" >
		  axstatus = #{axstatus,jdbcType=INTEGER},
		</if>
		<!-- 付款方式 -->
		<if test="payType != null" >
		  payType = #{payType,jdbcType=INTEGER},
		</if>
		<!-- 实际价格 -->
		<if test="payPrice != null" >
		  payPrice = #{payPrice,jdbcType=DECIMAL},
		</if>
		<!-- 订单总价 -->
		<if test="totalPrice != null" >
		  totalPrice = #{totalPrice,jdbcType=DECIMAL},
		</if>
		<!-- 优惠金额 -->
		<if test="disAmount != null" >
			disAmount = #{disAmount,jdbcType=DECIMAL},
		</if>
		<!-- 有效期 -->
		<if test="endDate != null" >
		  endDate = #{endDate,jdbcType=TIMESTAMP},
		</if>
		<!-- 时长类型 -->
		<if test="durationType != null" >
		  durationType = #{durationType,jdbcType=INTEGER},
		</if>
		<!-- 购买时长 -->
		<if test="buyDuration != null" >
		  buyDuration = #{buyDuration,jdbcType=INTEGER},
		</if>
		<!-- 业务类型 -->
		<if test="bussType != null" >
		  bussType = #{bussType,jdbcType=INTEGER},
		</if>
		<!-- Saas产品ID -->
		<if test="productId != null" >
		  productId = #{productId,jdbcType=BIGINT},
		</if>
		<!-- 客户ID -->
		<if test="customerId != null" >
		  customerId = #{customerId,jdbcType=BIGINT},
		</if>
		<!-- 订单编号 -->
		<if test="code != null" >
		  code = #{code,jdbcType=VARCHAR},
		</if>

		<!-- 可用标识 -->
		<if test="isenabled != null">
			isenabled = #{isenabled,jdbcType=TINYINT},
		</if>
		<!-- 修改日期 -->
		<if test="modifytime != null">
			modifytime = #{modifytime,jdbcType=TIMESTAMP},
		</if>
		<!-- 修改人 -->
		<if test="modifier != null">
			modifier = #{modifier,jdbcType=BIGINT},
		</if>
		<!-- 备注 -->
		<if test="remark != null">
			remark = #{remark,jdbcType=VARCHAR},
		</if>
    </set>
    where 1=1 
     <!-- where 条件参数必须加上 par_+wherePars参数key -->
     <!-- 
      <if test="par_id != null" >
        and id = #{par_id}
      </if>
       
     <if test="par_name != null" >
         and name like '%' || #{par_name,jdbcType=VARCHAR} || '%'
      </if>
       <if test="par_phone != null" >
        and phone = '${par_phone}'
      </if>
      -->
  </update>
  
  
  <update id="batchUpdate"  parameterType="java.util.List">  
      <foreach collection="list" item="item" index="index" open="" close="" separator=";">  
		update ts_CustOrder
		<set>
		<!-- 付款截图 -->
		<if test="payPic != null" >
			payPic = #{payPic,jdbcType=VARCHAR},
		</if>
		<!-- 支付流水 -->
		<if test="payInfo != null" >
			payInfo = #{payInfo,jdbcType=VARCHAR},
		</if>
		<!-- IP -->
		<if test="ip != null" >
		  ip = #{ip,jdbcType=VARCHAR},
		</if>
		<!-- 支付来源 -->
		<if test="psource != null" >
		  psource = #{psource,jdbcType=INTEGER},
		</if>
		<!-- 订单支付时间 -->
		<if test="payDate != null" >
		  payDate = #{payDate,jdbcType=TIMESTAMP},
		</if>
		<!-- 订单类型 -->
		<if test="otype != null" >
		  otype = #{otype,jdbcType=INTEGER},
		</if>
		<!-- 订单状态 -->
		<if test="xstatus != null" >
		  xstatus = #{xstatus,jdbcType=INTEGER},
		</if>
		<!-- 审批状态 -->
		<if test="axstatus != null" >
		  axstatus = #{axstatus,jdbcType=INTEGER},
		</if>
		<!-- 付款方式 -->
		<if test="payType != null" >
		  payType = #{payType,jdbcType=INTEGER},
		</if>
		<!-- 实际价格 -->
		<if test="payPrice != null" >
		  payPrice = #{payPrice,jdbcType=DECIMAL},
		</if>
		<!-- 订单总价 -->
		<if test="totalPrice != null" >
		  totalPrice = #{totalPrice,jdbcType=DECIMAL},
		</if>
		<!-- 优惠金额 -->
		<if test="disAmount != null" >
			disAmount = #{disAmount,jdbcType=DECIMAL},
		</if>
		<!-- 有效期 -->
		<if test="endDate != null" >
		  endDate = #{endDate,jdbcType=TIMESTAMP},
		</if>
		<!-- 时长类型 -->
		<if test="durationType != null" >
		  durationType = #{durationType,jdbcType=INTEGER},
		</if>
		<!-- 购买时长 -->
		<if test="buyDuration != null" >
		  buyDuration = #{buyDuration,jdbcType=INTEGER},
		</if>
		<!-- 业务类型 -->
		<if test="bussType != null" >
		  bussType = #{bussType,jdbcType=INTEGER},
		</if>
		<!-- Saas产品ID -->
		<if test="productId != null" >
		  productId = #{productId,jdbcType=BIGINT},
		</if>
		<!-- 客户ID -->
		<if test="customerId != null" >
		  customerId = #{customerId,jdbcType=BIGINT},
		</if>
		<!-- 订单编号 -->
		<if test="code != null" >
		  code = #{code,jdbcType=VARCHAR},
		</if>
		<!-- 可用标识 -->
		<if test="isenabled != null">
			isenabled = #{isenabled,jdbcType=TINYINT},
		</if>
		<!-- 修改日期 -->
		<if test="modifytime != null">
			modifytime = #{modifytime,jdbcType=TIMESTAMP},
		</if>
		<!-- 修改人 -->
		<if test="modifier != null">
			modifier = #{modifier,jdbcType=BIGINT},
		</if>
		<!-- 备注 -->
		<if test="remark != null">
			remark = #{remark,jdbcType=VARCHAR},
		</if>
		</set>
		where id = #{item.id,jdbcType=INTEGER}
     </foreach>  
  </update>  
  
  <delete id="delete" parameterType="java.lang.Long" >
    delete from ts_CustOrder
    where id = #{id,jdbcType=INTEGER}
  </delete>
  
  <!-- 根据指定的参数，删除实体 -->
  <delete id="deleteByPars" parameterType="map" >
    delete from ts_CustOrder
     where 1=1 
     
      <if test="id != null" >
        and id = #{id,jdbcType=INTEGER}
      </if>

       <if test="orderId != null" >
        and orderId = #{orderId}
      </if>
  </delete>
  
   <delete id="deleteByIds" >
    delete from ts_CustOrder
    where id in (${ids})
  </delete>
  
  <!-- 删除所有数据 -->
  <delete id="deleteAll" >
    delete from ts_CustOrder
  </delete>
  
  <!-- 根据ID禁用或启用数据-->
  <update id="enabled">
    update ts_CustOrder
    <set>
        isenabled = #{isenabled,jdbcType=INTEGER}
    </set>
    where id=#{id,jdbcType=INTEGER}
  </update>
  
   <!-- 根据ID禁用或启用数据-->
  <update id="enabledByPars" parameterType="map">
    update ts_CustOrder
    <set>
        isenabled = #{isenabled,jdbcType=INTEGER}
    </set>
     where 1=1 
    
      <if test="id != null" >
        and id = #{id,jdbcType=INTEGER}
      </if>
       
     <if test="name != null" >
         and name like '%' || #{name,jdbcType=VARCHAR} || '%'
      </if>
       <if test="phone != null" >
         and phone = #{name,jdbcType=VARCHAR}
      </if>
     
  </update>
  
   <!-- 根据多个ID禁用或启用数据-->
  <update id="enabledByIds">
    update ts_CustOrder
    <set>
        isenabled = #{isenabled,jdbcType=INTEGER}
    </set>
    where id in (${ids})
  </update>
  
</mapper>
