<?xml version="1.0" encoding="UTF-8" ?>
<!DOCTYPE mapper PUBLIC "-//mybatis.org//DTD Mapper 3.0//EN" "http://mybatis.org/dtd/mybatis-3-mapper.dtd" >
<mapper namespace="com.cmw.dao.CustFollowUpDao" >
  <resultMap id="BaseResultMap" type="com.cmw.entity.CustFollowUpEntity" >
  	<id column="id" property="id" jdbcType="BIGINT" />
	<!-- 下次跟进日期 -->
	<result column="ndate" property="ndate" jdbcType="TIMESTAMP"/>
	<!-- 跟进说明 -->
	<result column="instru" property="instru" jdbcType="VARCHAR"/>
	<!-- 意向级别 -->
	<result column="ilevel" property="ilevel" jdbcType="INTEGER"/>
	<!-- 跟进状态 -->
	<result column="xstatus" property="xstatus" jdbcType="INTEGER"/>
	<!-- 机构客户ID -->
	<result column="ocustomerId" property="ocustomerId" jdbcType="BIGINT"/>

  </resultMap>
  <sql id="Base_Column_List" >
 	id,ndate,instru,ilevel,xstatus,ocustomerId
  </sql>
  
  <select id="get" resultMap="BaseResultMap" parameterType="java.lang.Long">
   	select 
   	 <include refid="Base_Column_List" />
    from ts_CustFollowUp
    where id = #{id,jdbcType=INTEGER}
  </select>

  <select id="getByPars" resultMap="BaseResultMap">
   	select 
   	 <include refid="Base_Column_List" />
    from ts_CustFollowUp where 1=1
      <!--
          <if test="name != null" >
            and name like '%' || #{name,jdbcType=VARCHAR} || '%'
         </if>
          <if test="age != null" >
           and age = #{age}
         </if>
        -->
  </select>
  
   <select id="getList" resultMap="BaseResultMap">
   	select 
   	 <include refid="Base_Column_List" />
    from ts_CustFollowUp where 1=1 
    <!-- 
     <if test="name != null" >
         and name like '%' || #{name,jdbcType=VARCHAR} || '%'
      </if>
       <if test="age != null" >
        and age = #{age}
      </if>
     -->
  </select>
  
  <select id="getListMap" resultType="java.util.HashMap">
   	 select 
   	 <include refid="Base_Column_List" />
     from ts_CustFollowUp where 1=1 
     <!-- 
   	 <if test="name != null" >
         and name like '%' || #{name,jdbcType=VARCHAR} || '%'
      </if>
       <if test="age != null" >
        and age = #{age}
      </if>
     -->
  </select>
  
  
  <select id="getListAll" resultMap="BaseResultMap">
   	select 
   	 <include refid="Base_Column_List" />
    from ts_CustFollowUp where 1=1 
  </select>
  
  
  <select id="getPageByPars" resultMap="BaseResultMap">
   	select 
   	 <include refid="Base_Column_List" />
    from ts_CustFollowUp where 1=1 
      <!-- 
   	  <if test="name != null" >
         and name like '%' || #{name,jdbcType=VARCHAR} || '%'
      </if>
       <if test="age != null" >
        and age = #{age}
      </if>
     -->
       order by id desc 
        <if test="offset!=null and pageSize!=null">  
	        limit #{offset},#{pageSize}
	    </if>
  </select>
  
  <!-- 获取总记录数 -->
  <select id="getTotals" resultType="java.lang.Long">
   	select count(1) as totalCount from ts_CustFollowUp where 1=1 
  </select>
  
   <!-- 根据参数获取总记录数 -->
  <select id="getTotalsByPars" resultType="java.lang.Long" parameterType="java.util.Map">
   	select count(1) as totalCount from ts_CustFollowUp where 1=1 
   	 <!-- 
     <if test="name != null" >
         and name like '%' || #{name,jdbcType=VARCHAR} || '%'
      </if>
       <if test="age != null" >
        and age = #{age}
      </if>
     -->
  </select>
  
  
  <!-- 获取最大ID -->
  <select id="getMaxID"  resultType="java.lang.Long">
   	select max(id) as maxId from ts_CustFollowUp where 1=1 
  </select>
  
  <insert id="insert" useGeneratedKeys="true" keyProperty="id" parameterType="com.cmw.entity.CustFollowUpEntity" >
      insert into ts_CustFollowUp (ndate,instru,ilevel,xstatus,ocustomerId)
    values (#{ndate,jdbcType=TIMESTAMP},#{instru,jdbcType=VARCHAR},#{ilevel,jdbcType=INTEGER},#{xstatus,jdbcType=INTEGER},#{ocustomerId,jdbcType=BIGINT})
    <!--
    insert into student (name, age, phone)
    values (#{name,jdbcType=VARCHAR}, #{age,jdbcType=INTEGER}, #{phone,jdbcType=VARCHAR})
    -->
  </insert>
  
  <insert id="batchInsert" parameterType="List" useGeneratedKeys="true" keyProperty="id">
	 insert into ts_CustFollowUp (ndate,instru,ilevel,xstatus,ocustomerId) values
	  <foreach item="item" collection="list" separator=",">
	    (#{ndate,jdbcType=TIMESTAMP},#{instru,jdbcType=VARCHAR},#{ilevel,jdbcType=INTEGER},#{xstatus,jdbcType=INTEGER},#{ocustomerId,jdbcType=BIGINT})
	  </foreach>
	<!--
	  insert into ts_CustFollowUp (name, age, phone) values
	  <foreach item="item" collection="list" separator=",">
	    (#{item.name}, #{item.age}, #{item.phone})
	  </foreach>
	  -->
  </insert>
  
   <update id="update" parameterType="com.cmw.entity.CustFollowUpEntity" >
    update ts_CustFollowUp
    <set>
    			<!-- 下次跟进日期 -->
		<if test="ndate != null" >
		  ndate = #{ndate,jdbcType=TIMESTAMP},
		</if>
		<!-- 跟进说明 -->
		<if test="instru != null" >
		  instru = #{instru,jdbcType=VARCHAR},
		</if>
		<!-- 意向级别 -->
		<if test="ilevel != null" >
		  ilevel = #{ilevel,jdbcType=INTEGER},
		</if>
		<!-- 跟进状态 -->
		<if test="xstatus != null" >
		  xstatus = #{xstatus,jdbcType=INTEGER},
		</if>
		<!-- 机构客户ID -->
		<if test="ocustomerId != null" >
		  ocustomerId = #{ocustomerId,jdbcType=BIGINT},
		</if>

    <!--
      <if test="name != null" >
        name = #{name,jdbcType=VARCHAR},
      </if>
       <if test="age != null" >
        age = #{age,jdbcType=INTEGER},
      </if>
       <if test="phone != null" >
        phone = #{phone,jdbcType=VARCHAR},
      </if>
      -->
    </set>
    where id = #{id,jdbcType=INTEGER}
  </update>
  
   <update id="updateByPars" parameterType="map">
    update ts_CustFollowUp
    <set>
     			<!-- 下次跟进日期 -->
		<if test="ndate != null" >
		  ndate = #{ndate,jdbcType=TIMESTAMP},
		</if>
		<!-- 跟进说明 -->
		<if test="instru != null" >
		  instru = #{instru,jdbcType=VARCHAR},
		</if>
		<!-- 意向级别 -->
		<if test="ilevel != null" >
		  ilevel = #{ilevel,jdbcType=INTEGER},
		</if>
		<!-- 跟进状态 -->
		<if test="xstatus != null" >
		  xstatus = #{xstatus,jdbcType=INTEGER},
		</if>
		<!-- 机构客户ID -->
		<if test="ocustomerId != null" >
		  ocustomerId = #{ocustomerId,jdbcType=BIGINT},
		</if>

    <!--
      <if test="name != null" >
        name = #{name,jdbcType=VARCHAR},
      </if>
       <if test="age != null" >
        age = #{age,jdbcType=INTEGER},
      </if>
       <if test="phone != null" >
        phone = #{phone,jdbcType=VARCHAR},
      </if>
      -->
    </set>
    where 1=1 
     <!-- where 条件参数必须加上 par_+wherePars参数key -->
     <!-- 
      <if test="par_id != null" >
        and id = #{par_id}
      </if>
       
     <if test="par_name != null" >
         and name like '%' || #{par_name,jdbcType=VARCHAR} || '%'
      </if>
       <if test="par_phone != null" >
        and phone = '${par_phone}'
      </if>
      -->
  </update>
  
  
  <update id="batchUpdate"  parameterType="java.util.List">  
      <foreach collection="list" item="item" index="index" open="" close="" separator=";">  
            update ts_CustFollowUp   
            <set>  
            			<!-- 下次跟进日期 -->
		<if test="ndate != null" >
		  ndate = #{ndate,jdbcType=TIMESTAMP},
		</if>
		<!-- 跟进说明 -->
		<if test="instru != null" >
		  instru = #{instru,jdbcType=VARCHAR},
		</if>
		<!-- 意向级别 -->
		<if test="ilevel != null" >
		  ilevel = #{ilevel,jdbcType=INTEGER},
		</if>
		<!-- 跟进状态 -->
		<if test="xstatus != null" >
		  xstatus = #{xstatus,jdbcType=INTEGER},
		</if>
		<!-- 机构客户ID -->
		<if test="ocustomerId != null" >
		  ocustomerId = #{ocustomerId,jdbcType=BIGINT},
		</if>

			    <!--
			      <if test="name != null" >
			        name = #{name,jdbcType=VARCHAR},
			      </if>
			       <if test="age != null" >
			        age = #{age,jdbcType=INTEGER},
			      </if>
			       <if test="phone != null" >
			        phone = #{phone,jdbcType=VARCHAR},
			      </if>
			      -->
		    </set>
		    where id = #{item.id,jdbcType=INTEGER}
     </foreach>  
  </update>  
  
  <delete id="delete" parameterType="java.lang.Long" >
    delete from ts_CustFollowUp
    where id = #{id,jdbcType=INTEGER}
  </delete>
  
  <!-- 根据指定的参数，删除实体 -->
  <delete id="deleteByPars" parameterType="map" >
    delete from ts_CustFollowUp
     where 1=1 
     
      <if test="id != null" >
        and id = #{id,jdbcType=INTEGER}
      </if>
       
     <if test="name != null" >
        and name like '%' || #{name,jdbcType=VARCHAR} || '%'
      </if>
       <if test="phone != null" >
        and phone = #{name,jdbcType=VARCHAR}
      </if>
  </delete>
  
   <delete id="deleteByIds" >
    delete from ts_CustFollowUp
    where id in (${ids})
  </delete>
  
  <!-- 删除所有数据 -->
  <delete id="deleteAll" >
    delete from ts_CustFollowUp
  </delete>
  
  <!-- 根据ID禁用或启用数据-->
  <update id="enabled">
    update ts_CustFollowUp
    <set>
        isenabled = #{isenabled,jdbcType=INTEGER}
    </set>
    where id=#{id,jdbcType=INTEGER}
  </update>
  
   <!-- 根据ID禁用或启用数据-->
  <update id="enabledByPars" parameterType="map">
    update ts_CustFollowUp
    <set>
        isenabled = #{isenabled,jdbcType=INTEGER}
    </set>
     where 1=1 
    
      <if test="id != null" >
        and id = #{id,jdbcType=INTEGER}
      </if>
       
     <if test="name != null" >
         and name like '%' || #{name,jdbcType=VARCHAR} || '%'
      </if>
       <if test="phone != null" >
         and phone = #{name,jdbcType=VARCHAR}
      </if>
     
  </update>
  
   <!-- 根据多个ID禁用或启用数据-->
  <update id="enabledByIds">
    update ts_CustFollowUp
    <set>
        isenabled = #{isenabled,jdbcType=INTEGER}
    </set>
    where id in (${ids})
  </update>
  
</mapper>
