<?xml version="1.0" encoding="UTF-8" ?>
<!DOCTYPE mapper PUBLIC "-//mybatis.org//DTD Mapper 3.0//EN" "http://mybatis.org/dtd/mybatis-3-mapper.dtd" >
<mapper namespace="com.cmw.dao.CustOrderItemDao" >
  <resultMap id="BaseResultMap" type="com.cmw.entity.CustOrderItemEntity" >
  	<id column="id" property="id" jdbcType="BIGINT" />
	<!-- 实际价格 -->
	<result column="payAmount" property="payAmount" jdbcType="DECIMAL"/>
	<!-- 商品总价格 -->
	<result column="totalAmount" property="totalAmount" jdbcType="DECIMAL"/>
	<!-- 商品数量 -->
	<result column="goodCount" property="goodCount" jdbcType="INTEGER"/>
	<!-- 商品单价 -->
	<result column="price" property="price" jdbcType="DECIMAL"/>
	<!-- 商品名称 -->
	<result column="goodName" property="goodName" jdbcType="VARCHAR"/>
	<!-- 商品类型 -->
	<result column="goodType" property="goodType" jdbcType="INTEGER"/>
	<!-- 订单ID -->
	<result column="orderId" property="orderId" jdbcType="BIGINT"/>

    <!-- 2020.09.22 0:42 CMW ADD Field START -->
    <!-- 商品ID -->
    <result column="goodId" property="goodId" jdbcType="BIGINT"/>
    <!-- 是否赠送商品 -->
    <result column="giveFlag" property="giveFlag" jdbcType="TINYINT"/>
    <!-- 优惠金额 -->
    <result column="disAmount" property="disAmount" jdbcType="DECIMAL"/>

    <!-- 2020.09.22 0:42 CMW ADD Field END -->
  </resultMap>
  <sql id="Base_Column_List" >
 	id,payAmount,totalAmount,goodCount,price,goodName,goodType,orderId,goodId,giveFlag,disAmount
  </sql>
  
  <select id="get" resultMap="BaseResultMap" parameterType="java.lang.Long">
   	select 
   	 <include refid="Base_Column_List" />
    from ts_CustOrderItem
    where id = #{id,jdbcType=INTEGER}
  </select>

  <select id="getByPars" resultMap="BaseResultMap">
   	select 
   	 <include refid="Base_Column_List" />
    from ts_CustOrderItem where 1=1
      <!--
          <if test="name != null" >
            and name like '%' || #{name,jdbcType=VARCHAR} || '%'
         </if>
          <if test="age != null" >
           and age = #{age}
         </if>
        -->
  </select>
  
   <select id="getList" resultMap="BaseResultMap">
   	select 
   	 <include refid="Base_Column_List" />
    from ts_CustOrderItem where 1=1
       <if test="orderId != null" >
           and orderId = #{orderId}
       </if>
  </select>
  
  <select id="getListMap" resultType="java.util.HashMap">
    select A.goodId,A.goodName,A.giveFlag, B.endDate
    from ts_custorderitem as A inner join ts_custorder as B on A.orderId=B.id
    where A.goodType=2 and B.isenabled=1
    <if test="orderId != null">
        and B.id = #{orderId}
    </if>
    <if test="customerId != null">
      and B.customerId = #{customerId}
    </if>
      group by A.goodId
  </select>
  
  
  <select id="getListAll" resultMap="BaseResultMap">
   	select 
   	 <include refid="Base_Column_List" />
    from ts_CustOrderItem where 1=1 
  </select>
  
  
  <select id="getPageByPars" resultMap="BaseResultMap">
   	select 
   	 <include refid="Base_Column_List" />
    from ts_CustOrderItem where 1=1 
      <!-- 
   	  <if test="name != null" >
         and name like '%' || #{name,jdbcType=VARCHAR} || '%'
      </if>
       <if test="age != null" >
        and age = #{age}
      </if>
     -->
       order by id desc 
        <if test="offset!=null and pageSize!=null">  
	        limit #{offset},#{pageSize}
	    </if>
  </select>
  
  <!-- 获取总记录数 -->
  <select id="getTotals" resultType="java.lang.Long">
   	select count(1) as totalCount from ts_CustOrderItem where 1=1 
  </select>
  
   <!-- 根据参数获取总记录数 -->
  <select id="getTotalsByPars" resultType="java.lang.Long" parameterType="java.util.Map">
   	select count(1) as totalCount from ts_CustOrderItem where 1=1 
   	 <!-- 
     <if test="name != null" >
         and name like '%' || #{name,jdbcType=VARCHAR} || '%'
      </if>
       <if test="age != null" >
        and age = #{age}
      </if>
     -->
  </select>
  
  
  <!-- 获取最大ID -->
  <select id="getMaxID"  resultType="java.lang.Long">
   	select max(id) as maxId from ts_CustOrderItem where 1=1 
  </select>
  
  <insert id="insert" useGeneratedKeys="true" keyProperty="id" parameterType="com.cmw.entity.CustOrderItemEntity" >
      insert into ts_CustOrderItem (payAmount,totalAmount,goodCount,price,goodName,goodType,orderId,
      goodId,giveFlag,disAmount)
    values (#{payAmount,jdbcType=DECIMAL},#{totalAmount,jdbcType=DECIMAL},#{goodCount,jdbcType=INTEGER},#{price,jdbcType=DECIMAL},#{goodName,jdbcType=VARCHAR},#{goodType,jdbcType=INTEGER},#{orderId,jdbcType=BIGINT},
    #{goodId,jdbcType=BIGINT},#{giveFlag,jdbcType=TINYINT},#{disAmount,jdbcType=DECIMAL})

  </insert>
  
  <insert id="batchInsert" parameterType="List" useGeneratedKeys="true" keyProperty="id">
	 insert into ts_CustOrderItem (payAmount,totalAmount,goodCount,price,goodName,goodType,orderId,
      goodId,giveFlag,disAmount) values
	  <foreach item="item" collection="list" separator=",">
	    (#{item.payAmount,jdbcType=DECIMAL},#{item.totalAmount,jdbcType=DECIMAL},#{item.goodCount,jdbcType=INTEGER},#{item.price,jdbcType=DECIMAL},#{item.goodName,jdbcType=VARCHAR},#{item.goodType,jdbcType=INTEGER},#{item.orderId,jdbcType=BIGINT},
          #{item.goodId,jdbcType=BIGINT},#{item.giveFlag,jdbcType=TINYINT},#{item.disAmount,jdbcType=DECIMAL})
	  </foreach>
  </insert>
  
   <update id="update" parameterType="com.cmw.entity.CustOrderItemEntity" >
    update ts_CustOrderItem
    <set>
        <!-- 商品ID -->
        <if test="goodId != null" >
            goodId = #{goodId,jdbcType=BIGINT},
        </if>
        <!-- 是否赠送商品 -->
        <if test="giveFlag != null" >
            giveFlag = #{giveFlag,jdbcType=TINYINT},
        </if>

        <!-- 优惠金额 -->
        <if test="disAmount != null" >
            disAmount = #{disAmount,jdbcType=DECIMAL},
        </if>

        <!-- 实际价格 -->
		<if test="payAmount != null" >
		  payAmount = #{payAmount,jdbcType=DECIMAL},
		</if>
		<!-- 商品总价格 -->
		<if test="totalAmount != null" >
		  totalAmount = #{totalAmount,jdbcType=DECIMAL},
		</if>
		<!-- 商品数量 -->
		<if test="goodCount != null" >
		  goodCount = #{goodCount,jdbcType=INTEGER},
		</if>
		<!-- 商品单价 -->
		<if test="price != null" >
		  price = #{price,jdbcType=DECIMAL},
		</if>
		<!-- 商品名称 -->
		<if test="goodName != null" >
		  goodName = #{goodName,jdbcType=VARCHAR},
		</if>
		<!-- 商品类型 -->
		<if test="goodType != null" >
		  goodType = #{goodType,jdbcType=INTEGER},
		</if>
		<!-- 订单ID -->
		<if test="orderId != null" >
		  orderId = #{orderId,jdbcType=BIGINT},
		</if>
    </set>
    where id = #{id,jdbcType=INTEGER}
  </update>
  
   <update id="updateByPars" parameterType="map">
    update ts_CustOrderItem
    <set>
        <!-- 商品ID -->
        <if test="goodId != null" >
            goodId = #{goodId,jdbcType=BIGINT},
        </if>
        <!-- 是否赠送商品 -->
        <if test="giveFlag != null" >
            giveFlag = #{giveFlag,jdbcType=TINYINT},
        </if>

        <!-- 优惠金额 -->
        <if test="disAmount != null" >
            disAmount = #{disAmount,jdbcType=DECIMAL},
        </if>
        <!-- 实际价格 -->
		<if test="payAmount != null" >
		  payAmount = #{payAmount,jdbcType=DECIMAL},
		</if>
		<!-- 商品总价格 -->
		<if test="totalAmount != null" >
		  totalAmount = #{totalAmount,jdbcType=DECIMAL},
		</if>
		<!-- 商品数量 -->
		<if test="goodCount != null" >
		  goodCount = #{goodCount,jdbcType=INTEGER},
		</if>
		<!-- 商品单价 -->
		<if test="price != null" >
		  price = #{price,jdbcType=DECIMAL},
		</if>
		<!-- 商品名称 -->
		<if test="goodName != null" >
		  goodName = #{goodName,jdbcType=VARCHAR},
		</if>
		<!-- 商品类型 -->
		<if test="goodType != null" >
		  goodType = #{goodType,jdbcType=INTEGER},
		</if>
		<!-- 订单ID -->
		<if test="orderId != null" >
		  orderId = #{orderId,jdbcType=BIGINT},
		</if>
    </set>
    where 1=1 
     <!-- where 条件参数必须加上 par_+wherePars参数key -->
     <!-- 
      <if test="par_id != null" >
        and id = #{par_id}
      </if>
       
     <if test="par_name != null" >
         and name like '%' || #{par_name,jdbcType=VARCHAR} || '%'
      </if>
       <if test="par_phone != null" >
        and phone = '${par_phone}'
      </if>
      -->
  </update>
  
  
  <update id="batchUpdate"  parameterType="java.util.List">  
      <foreach collection="list" item="item" index="index" open="" close="" separator=";">  
        update ts_CustOrderItem
        <set>
        <!-- 商品ID -->
        <if test="goodId != null" >
            goodId = #{goodId,jdbcType=BIGINT},
        </if>
        <!-- 是否赠送商品 -->
        <if test="giveFlag != null" >
            giveFlag = #{giveFlag,jdbcType=TINYINT},
        </if>

        <!-- 优惠金额 -->
        <if test="disAmount != null" >
            disAmount = #{disAmount,jdbcType=DECIMAL},
        </if>
        <!-- 实际价格 -->
		<if test="payAmount != null" >
		  payAmount = #{payAmount,jdbcType=DECIMAL},
		</if>
		<!-- 商品总价格 -->
		<if test="totalAmount != null" >
		  totalAmount = #{totalAmount,jdbcType=DECIMAL},
		</if>
		<!-- 商品数量 -->
		<if test="goodCount != null" >
		  goodCount = #{goodCount,jdbcType=INTEGER},
		</if>
		<!-- 商品单价 -->
		<if test="price != null" >
		  price = #{price,jdbcType=DECIMAL},
		</if>
		<!-- 商品名称 -->
		<if test="goodName != null" >
		  goodName = #{goodName,jdbcType=VARCHAR},
		</if>
		<!-- 商品类型 -->
		<if test="goodType != null" >
		  goodType = #{goodType,jdbcType=INTEGER},
		</if>
		<!-- 订单ID -->
		<if test="orderId != null" >
		  orderId = #{orderId,jdbcType=BIGINT},
		</if>
        </set>
        where id = #{item.id,jdbcType=INTEGER}
     </foreach>  
  </update>  
  
  <delete id="delete" parameterType="java.lang.Long" >
    delete from ts_CustOrderItem
    where id = #{id,jdbcType=INTEGER}
  </delete>
  
  <!-- 根据指定的参数，删除实体 -->
  <delete id="deleteByPars" parameterType="map" >
    delete from ts_CustOrderItem
     where 1=1 
     
      <if test="id != null" >
        and id = #{id,jdbcType=INTEGER}
      </if>
       
     <if test="name != null" >
        and name like '%' || #{name,jdbcType=VARCHAR} || '%'
      </if>
       <if test="phone != null" >
        and phone = #{name,jdbcType=VARCHAR}
      </if>
  </delete>
  
   <delete id="deleteByIds" >
    delete from ts_CustOrderItem
    where id in (${ids})
  </delete>
  
  <!-- 删除所有数据 -->
  <delete id="deleteAll" >
    delete from ts_CustOrderItem
  </delete>
  
  <!-- 根据ID禁用或启用数据-->
  <update id="enabled">
    update ts_CustOrderItem
    <set>
        isenabled = #{isenabled,jdbcType=INTEGER}
    </set>
    where id=#{id,jdbcType=INTEGER}
  </update>
  
   <!-- 根据ID禁用或启用数据-->
  <update id="enabledByPars" parameterType="map">
    update ts_CustOrderItem
    <set>
        isenabled = #{isenabled,jdbcType=INTEGER}
    </set>
     where 1=1 
    
      <if test="id != null" >
        and id = #{id,jdbcType=INTEGER}
      </if>
       
     <if test="name != null" >
         and name like '%' || #{name,jdbcType=VARCHAR} || '%'
      </if>
       <if test="phone != null" >
         and phone = #{name,jdbcType=VARCHAR}
      </if>
     
  </update>
  
   <!-- 根据多个ID禁用或启用数据-->
  <update id="enabledByIds">
    update ts_CustOrderItem
    <set>
        isenabled = #{isenabled,jdbcType=INTEGER}
    </set>
    where id in (${ids})
  </update>
  
</mapper>
