<?xml version="1.0" encoding="UTF-8" ?>
<!DOCTYPE mapper PUBLIC "-//mybatis.org//DTD Mapper 3.0//EN" "http://mybatis.org/dtd/mybatis-3-mapper.dtd" >
<mapper namespace="com.cmw.dao.DataAccessDao" >
  <resultMap id="BaseResultMap" type="com.cmw.entity.DataAccessEntity" >
  	<id column="id" property="id" jdbcType="BIGINT" />
	<!-- 数据过滤名称 -->
	<result column="accessNames" property="accessNames" jdbcType="VARCHAR"/>
	<!-- 数据过滤ID列表 -->
	<result column="accessIds" property="accessIds" jdbcType="VARCHAR"/>
	<!-- 数据访问级别 -->
	<result column="level" property="level" jdbcType="INTEGER"/>
	<!-- 菜单ID -->
	<result column="menuId" property="menuId" jdbcType="BIGINT"/>
	<!-- 用户ID -->
	<result column="userId" property="userId" jdbcType="BIGINT"/>

  	<!--
    <id column="id" property="id" jdbcType="INTEGER" />
    <result column="name" property="name" jdbcType="VARCHAR"/>
    <result column="age" property="age" jdbcType="INTEGER" />
    <result column="phone" property="phone" jdbcType="VARCHAR" />
    -->
  </resultMap>
  <sql id="Base_Column_List" >
 	id,accessNames,accessIds,level,menuId,userId
   <!-- id, name, age, phone-->
  </sql>
  
  <select id="get" resultMap="BaseResultMap" parameterType="java.lang.Long">
   	select 
   	 <include refid="Base_Column_List" />
    from ts_DataAccess
    where id = #{id,jdbcType=INTEGER}
  </select>

  <select id="getByPars" resultMap="BaseResultMap">
   	select 
   	 <include refid="Base_Column_List" />
    from ts_DataAccess where 1=1
      <!--
          <if test="name != null" >
            and name like '%' || #{name,jdbcType=VARCHAR} || '%'
         </if>
          <if test="age != null" >
           and age = #{age}
         </if>
        -->
  </select>
  
   <select id="getList" resultMap="BaseResultMap">
   	select 
   	 <include refid="Base_Column_List" />
    from ts_DataAccess where 1=1 
    <!-- 
     <if test="name != null" >
         and name like '%' || #{name,jdbcType=VARCHAR} || '%'
      </if>
       <if test="age != null" >
        and age = #{age}
      </if>
     -->
  </select>
  
  <select id="getListMap" resultType="java.util.HashMap">
   	 select 
   	 <include refid="Base_Column_List" />
     from ts_DataAccess where 1=1 
     <!-- 
   	 <if test="name != null" >
         and name like '%' || #{name,jdbcType=VARCHAR} || '%'
      </if>
       <if test="age != null" >
        and age = #{age}
      </if>
     -->
  </select>
  
  
  <select id="getListAll" resultMap="BaseResultMap">
   	select 
   	 <include refid="Base_Column_List" />
    from ts_DataAccess where 1=1 
  </select>
  
  
  <select id="getPageByPars" resultMap="BaseResultMap">
   	select 
   	 <include refid="Base_Column_List" />
    from ts_DataAccess where 1=1 
      <!-- 
   	  <if test="name != null" >
         and name like '%' || #{name,jdbcType=VARCHAR} || '%'
      </if>
       <if test="age != null" >
        and age = #{age}
      </if>
     -->
       order by id desc 
        <if test="offset!=null and pageSize!=null">  
	        limit #{offset},#{pageSize}
	    </if>
  </select>
  
  <!-- 获取总记录数 -->
  <select id="getTotals" resultType="java.lang.Long">
   	select count(1) as totalCount from ts_DataAccess where 1=1 
  </select>
  
   <!-- 根据参数获取总记录数 -->
  <select id="getTotalsByPars" resultType="java.lang.Long" parameterType="java.util.Map">
   	select count(1) as totalCount from ts_DataAccess where 1=1 
   	 <!-- 
     <if test="name != null" >
         and name like '%' || #{name,jdbcType=VARCHAR} || '%'
      </if>
       <if test="age != null" >
        and age = #{age}
      </if>
     -->
  </select>
  
  
  <!-- 获取最大ID -->
  <select id="getMaxID"  resultType="java.lang.Long">
   	select max(id) as maxId from ts_DataAccess where 1=1 
  </select>
  
  <insert id="insert" useGeneratedKeys="true" keyProperty="id" parameterType="com.cmw.entity.DataAccessEntity" >
      insert into ts_DataAccess (accessNames,accessIds,level,menuId,userId)
    values (#{accessNames,jdbcType=VARCHAR},#{accessIds,jdbcType=VARCHAR},#{level,jdbcType=INTEGER},#{menuId,jdbcType=BIGINT},#{userId,jdbcType=BIGINT})
    <!--
    insert into student (name, age, phone)
    values (#{name,jdbcType=VARCHAR}, #{age,jdbcType=INTEGER}, #{phone,jdbcType=VARCHAR})
    -->
  </insert>
  
  <insert id="batchInsert" parameterType="List" useGeneratedKeys="true" keyProperty="id">
	 insert into ts_DataAccess (accessNames,accessIds,level,menuId,userId) values
	  <foreach item="item" collection="list" separator=",">
	    (#{accessNames,jdbcType=VARCHAR},#{accessIds,jdbcType=VARCHAR},#{level,jdbcType=INTEGER},#{menuId,jdbcType=BIGINT},#{userId,jdbcType=BIGINT})
	  </foreach>
	<!--
	  insert into ts_DataAccess (name, age, phone) values
	  <foreach item="item" collection="list" separator=",">
	    (#{item.name}, #{item.age}, #{item.phone})
	  </foreach>
	  -->
  </insert>
  
   <update id="update" parameterType="com.cmw.entity.DataAccessEntity" >
    update ts_DataAccess
    <set>
    			<!-- 数据过滤名称 -->
		<if test="accessNames != null" >
		  accessNames = #{accessNames,jdbcType=VARCHAR},
		</if>
		<!-- 数据过滤ID列表 -->
		<if test="accessIds != null" >
		  accessIds = #{accessIds,jdbcType=VARCHAR},
		</if>
		<!-- 数据访问级别 -->
		<if test="level != null" >
		  level = #{level,jdbcType=INTEGER},
		</if>
		<!-- 菜单ID -->
		<if test="menuId != null" >
		  menuId = #{menuId,jdbcType=BIGINT},
		</if>
		<!-- 用户ID -->
		<if test="userId != null" >
		  userId = #{userId,jdbcType=BIGINT},
		</if>

    <!--
      <if test="name != null" >
        name = #{name,jdbcType=VARCHAR},
      </if>
       <if test="age != null" >
        age = #{age,jdbcType=INTEGER},
      </if>
       <if test="phone != null" >
        phone = #{phone,jdbcType=VARCHAR},
      </if>
      -->
    </set>
    where id = #{id,jdbcType=INTEGER}
  </update>
  
   <update id="updateByPars" parameterType="map">
    update ts_DataAccess
    <set>
     			<!-- 数据过滤名称 -->
		<if test="accessNames != null" >
		  accessNames = #{accessNames,jdbcType=VARCHAR},
		</if>
		<!-- 数据过滤ID列表 -->
		<if test="accessIds != null" >
		  accessIds = #{accessIds,jdbcType=VARCHAR},
		</if>
		<!-- 数据访问级别 -->
		<if test="level != null" >
		  level = #{level,jdbcType=INTEGER},
		</if>
		<!-- 菜单ID -->
		<if test="menuId != null" >
		  menuId = #{menuId,jdbcType=BIGINT},
		</if>
		<!-- 用户ID -->
		<if test="userId != null" >
		  userId = #{userId,jdbcType=BIGINT},
		</if>

    <!--
      <if test="name != null" >
        name = #{name,jdbcType=VARCHAR},
      </if>
       <if test="age != null" >
        age = #{age,jdbcType=INTEGER},
      </if>
       <if test="phone != null" >
        phone = #{phone,jdbcType=VARCHAR},
      </if>
      -->
    </set>
    where 1=1 
     <!-- where 条件参数必须加上 par_+wherePars参数key -->
     <!-- 
      <if test="par_id != null" >
        and id = #{par_id}
      </if>
       
     <if test="par_name != null" >
         and name like '%' || #{par_name,jdbcType=VARCHAR} || '%'
      </if>
       <if test="par_phone != null" >
        and phone = '${par_phone}'
      </if>
      -->
  </update>
  
  
  <update id="batchUpdate"  parameterType="java.util.List">  
      <foreach collection="list" item="item" index="index" open="" close="" separator=";">  
            update ts_DataAccess   
            <set>  
            			<!-- 数据过滤名称 -->
		<if test="accessNames != null" >
		  accessNames = #{accessNames,jdbcType=VARCHAR},
		</if>
		<!-- 数据过滤ID列表 -->
		<if test="accessIds != null" >
		  accessIds = #{accessIds,jdbcType=VARCHAR},
		</if>
		<!-- 数据访问级别 -->
		<if test="level != null" >
		  level = #{level,jdbcType=INTEGER},
		</if>
		<!-- 菜单ID -->
		<if test="menuId != null" >
		  menuId = #{menuId,jdbcType=BIGINT},
		</if>
		<!-- 用户ID -->
		<if test="userId != null" >
		  userId = #{userId,jdbcType=BIGINT},
		</if>

			    <!--
			      <if test="name != null" >
			        name = #{name,jdbcType=VARCHAR},
			      </if>
			       <if test="age != null" >
			        age = #{age,jdbcType=INTEGER},
			      </if>
			       <if test="phone != null" >
			        phone = #{phone,jdbcType=VARCHAR},
			      </if>
			      -->
		    </set>
		    where id = #{item.id,jdbcType=INTEGER}
     </foreach>  
  </update>  
  
  <delete id="delete" parameterType="java.lang.Long" >
    delete from ts_DataAccess
    where id = #{id,jdbcType=INTEGER}
  </delete>
  
  <!-- 根据指定的参数，删除实体 -->
  <delete id="deleteByPars" parameterType="map" >
    delete from ts_DataAccess
     where 1=1 
     
      <if test="id != null" >
        and id = #{id,jdbcType=INTEGER}
      </if>
       
     <if test="name != null" >
        and name like '%' || #{name,jdbcType=VARCHAR} || '%'
      </if>
       <if test="phone != null" >
        and phone = #{name,jdbcType=VARCHAR}
      </if>
  </delete>
  
   <delete id="deleteByIds" >
    delete from ts_DataAccess
    where id in (${ids})
  </delete>
  
  <!-- 删除所有数据 -->
  <delete id="deleteAll" >
    delete from ts_DataAccess
  </delete>
  
  <!-- 根据ID禁用或启用数据-->
  <update id="enabled">
    update ts_DataAccess
    <set>
        isenabled = #{isenabled,jdbcType=INTEGER}
    </set>
    where id=#{id,jdbcType=INTEGER}
  </update>
  
   <!-- 根据ID禁用或启用数据-->
  <update id="enabledByPars" parameterType="map">
    update ts_DataAccess
    <set>
        isenabled = #{isenabled,jdbcType=INTEGER}
    </set>
     where 1=1 
    
      <if test="id != null" >
        and id = #{id,jdbcType=INTEGER}
      </if>
       
     <if test="name != null" >
         and name like '%' || #{name,jdbcType=VARCHAR} || '%'
      </if>
       <if test="phone != null" >
         and phone = #{name,jdbcType=VARCHAR}
      </if>
     
  </update>
  
   <!-- 根据多个ID禁用或启用数据-->
  <update id="enabledByIds">
    update ts_DataAccess
    <set>
        isenabled = #{isenabled,jdbcType=INTEGER}
    </set>
    where id in (${ids})
  </update>
  
</mapper>
