<?xml version="1.0" encoding="UTF-8" ?>
<!DOCTYPE mapper PUBLIC "-//mybatis.org//DTD Mapper 3.0//EN" "http://mybatis.org/dtd/mybatis-3-mapper.dtd" >
<mapper namespace="com.cmw.dao.DepartmentDao" >
  <resultMap id="BaseResultMap" type="com.cmw.entity.DepartmentEntity" >
  	<id column="id" property="id" jdbcType="BIGINT" />
	<!-- 部门类型 -->
	<result column="dtype" property="dtype" jdbcType="INTEGER"/>
	<!-- 上级单位ID -->
	<result column="poid" property="poid" jdbcType="BIGINT"/>
	<!-- 上级单位类型 -->
	<result column="potype" property="potype" jdbcType="INTEGER"/>
	<!-- 名称 -->
	<result column="name" property="name" jdbcType="VARCHAR"/>
	<!-- 编号 -->
	<result column="code" property="code" jdbcType="VARCHAR"/>

      <!-- 联系人 -->
      <result column="contactor" property="contactor" jdbcType="VARCHAR"/>

      <!-- 联系电话 -->
      <result column="tel" property="tel" jdbcType="VARCHAR"/>

  	<!--
    <id column="id" property="id" jdbcType="INTEGER" />
    <result column="name" property="name" jdbcType="VARCHAR"/>
    <result column="age" property="age" jdbcType="INTEGER" />
    <result column="phone" property="phone" jdbcType="VARCHAR" />
    -->
  </resultMap>
  <sql id="Base_Column_List" >
 	id,dtype,poid,potype,name,code
   <!-- id, name, age, phone-->
  </sql>
  
  <select id="get" resultMap="BaseResultMap" parameterType="java.lang.Long">
   	select 
   	 <include refid="Base_Column_List" />
    from ts_Department
    where isenabled=1 and  id = #{id,jdbcType=INTEGER}
  </select>

  <select id="getByPars" resultMap="BaseResultMap">
   	select 
   	 <include refid="Base_Column_List" />
    from ts_Department where 1=1
      <!--
          <if test="name != null" >
            and name like '%' || #{name,jdbcType=VARCHAR} || '%'
         </if>
          <if test="age != null" >
           and age = #{age}
         </if>
        -->
  </select>
  
   <select id="getList" resultMap="BaseResultMap" parameterType="java.util.HashMap">
   	select 
   	 <include refid="Base_Column_List" />
    from ts_Department where 1=1 

     <if test="name != null" >
         and name = #{name,jdbcType=VARCHAR}
      </if>
       and  isenabled =1
    <!--    <if test="age != null" >
        and age = #{age}
      </if>
     -->
  </select>
  
  <select id="getListMap" resultType="java.util.HashMap">
   	 select 
   	 <include refid="Base_Column_List" />
     from ts_Department where 1=1 
     <!-- 
   	 <if test="name != null" >
         and name like '%' || #{name,jdbcType=VARCHAR} || '%'
      </if>
       <if test="age != null" >
        and age = #{age}
      </if>
     -->
  </select>
  
  
  <select id="getListAll" resultMap="BaseResultMap">
   	select 
   	 <include refid="Base_Column_List" />
    from ts_Department where 1=1 
  </select>
  
  
  <select id="getPageByPars" resultMap="BaseResultMap">
      select
      A.id,
      A.code,
      A.name,
      A.potype,
      A.poid,
      A.dtype,
      A.contactor,
      A.tel,
      A.remark
      from ts_Department as A
      where A.isenabled=1
      <if test="rightCondition != null" >
          ${rightCondition}
      </if>
      <if test="name != null" >
          and A.name like CONCAT('%',#{name},'%')
      </if>
      order by A.id desc
      <if test="offset!=null and pageSize!=null">
          limit #{offset},#{pageSize}
      </if>
  </select>
  
  <!-- 获取总记录数 -->
  <select id="getTotals" resultType="java.lang.Long">
   	select count(1) as totalCount from ts_Department where 1=1 
  </select>
  
   <!-- 根据参数获取总记录数 -->
  <select id="getTotalsByPars" resultType="java.lang.Long" parameterType="java.util.Map">
   	select count(1) as totalCount from ts_Department where 1=1 
   	 <!-- 
     <if test="name != null" >
         and name like '%' || #{name,jdbcType=VARCHAR} || '%'
      </if>
       <if test="age != null" >
        and age = #{age}
      </if>
     -->
  </select>
  
  
  <!-- 获取最大ID -->
  <select id="getMaxID"  resultType="java.lang.Long">
   	select max(id) as maxId from ts_Department where 1=1 
  </select>


  <insert id="insert" useGeneratedKeys="true" keyProperty="id" parameterType="com.cmw.entity.DepartmentEntity" >
      insert into ts_Department (dtype,poid,potype,name,code,
      contactor,tel,
      creator,createTime,orgid,
      deptId,isenabled,remark)
    values (#{dtype,jdbcType=INTEGER},#{poid,jdbcType=BIGINT},#{potype,jdbcType=INTEGER},
    #{name,jdbcType=VARCHAR},#{code,jdbcType=VARCHAR},#{contactor,jdbcType=VARCHAR},#{tel,jdbcType=VARCHAR},
    #{creator,jdbcType=BIGINT},#{createTime,jdbcType=TIMESTAMP},#{orgid,jdbcType=BIGINT},#{deptId,jdbcType=BIGINT},#{isenabled,jdbcType=TINYINT},#{remark,jdbcType=VARCHAR})
  </insert>
  
  <insert id="batchInsert" parameterType="List" useGeneratedKeys="true" keyProperty="id">
	 insert into ts_Department (dtype,poid,potype,name,code) values
	  <foreach item="item" collection="list" separator=",">
	    (#{dtype,jdbcType=INTEGER},#{poid,jdbcType=BIGINT},#{potype,jdbcType=INTEGER},#{name,jdbcType=VARCHAR},#{code,jdbcType=VARCHAR})
	  </foreach>
	<!--
	  insert into ts_Department (name, age, phone) values
	  <foreach item="item" collection="list" separator=",">
	    (#{item.name}, #{item.age}, #{item.phone})
	  </foreach>
	  -->
  </insert>
  
   <update id="update" parameterType="com.cmw.entity.DepartmentEntity" >
    update ts_Department
    <set>
    			<!-- 部门类型 -->
		<if test="dtype != null" >
		  dtype = #{dtype,jdbcType=INTEGER},
		</if>
		<!-- 上级单位ID -->
		<if test="poid != null" >
		  poid = #{poid,jdbcType=BIGINT},
		</if>
		<!-- 上级单位类型 -->
		<if test="potype != null" >
		  potype = #{potype,jdbcType=INTEGER},
		</if>
		<!-- 名称 -->
		<if test="name != null" >
		  name = #{name,jdbcType=VARCHAR},
		</if>
		<!-- 编号 -->
		<if test="code != null" >
		  code = #{code,jdbcType=VARCHAR},
		</if>

    <!--
      <if test="name != null" >
        name = #{name,jdbcType=VARCHAR},
      </if>
       <if test="age != null" >
        age = #{age,jdbcType=INTEGER},
      </if>
       <if test="phone != null" >
        phone = #{phone,jdbcType=VARCHAR},
      </if>
      -->
    </set>
    where id = #{id,jdbcType=INTEGER}
  </update>
  
   <update id="updateByPars" parameterType="map">
    update ts_Department
    <set>
     			<!-- 部门类型 -->
		<if test="dtype != null" >
		  dtype = #{dtype,jdbcType=INTEGER},
		</if>
		<!-- 上级单位ID -->
		<if test="poid != null" >
		  poid = #{poid,jdbcType=BIGINT},
		</if>
		<!-- 上级单位类型 -->
		<if test="potype != null" >
		  potype = #{potype,jdbcType=INTEGER},
		</if>
		<!-- 名称 -->
		<if test="name != null" >
		  name = #{name,jdbcType=VARCHAR},
		</if>
		<!-- 编号 -->
		<if test="code != null" >
		  code = #{code,jdbcType=VARCHAR},
		</if>

    <!--
      <if test="name != null" >
        name = #{name,jdbcType=VARCHAR},
      </if>
       <if test="age != null" >
        age = #{age,jdbcType=INTEGER},
      </if>
       <if test="phone != null" >
        phone = #{phone,jdbcType=VARCHAR},
      </if>
      -->
    </set>
    where 1=1 
     <!-- where 条件参数必须加上 par_+wherePars参数key -->
     <!-- 
      <if test="par_id != null" >
        and id = #{par_id}
      </if>
       
     <if test="par_name != null" >
         and name like '%' || #{par_name,jdbcType=VARCHAR} || '%'
      </if>
       <if test="par_phone != null" >
        and phone = '${par_phone}'
      </if>
      -->
  </update>
  
  
  <update id="batchUpdate"  parameterType="java.util.List">  
      <foreach collection="list" item="item" index="index" open="" close="" separator=";">  
            update ts_Department   
            <set>  
            			<!-- 部门类型 -->
		<if test="dtype != null" >
		  dtype = #{dtype,jdbcType=INTEGER},
		</if>
		<!-- 上级单位ID -->
		<if test="poid != null" >
		  poid = #{poid,jdbcType=BIGINT},
		</if>
		<!-- 上级单位类型 -->
		<if test="potype != null" >
		  potype = #{potype,jdbcType=INTEGER},
		</if>
		<!-- 名称 -->
		<if test="name != null" >
		  name = #{name,jdbcType=VARCHAR},
		</if>
		<!-- 编号 -->
		<if test="code != null" >
		  code = #{code,jdbcType=VARCHAR},
		</if>

			    <!--
			      <if test="name != null" >
			        name = #{name,jdbcType=VARCHAR},
			      </if>
			       <if test="age != null" >
			        age = #{age,jdbcType=INTEGER},
			      </if>
			       <if test="phone != null" >
			        phone = #{phone,jdbcType=VARCHAR},
			      </if>
			      -->
		    </set>
		    where id = #{item.id,jdbcType=INTEGER}
     </foreach>  
  </update>  
  
  <delete id="delete" parameterType="java.lang.Long" >
    delete from ts_Department
    where id = #{id,jdbcType=INTEGER}
  </delete>
  
  <!-- 根据指定的参数，删除实体 -->
  <delete id="deleteByPars" parameterType="map" >
    delete from ts_Department
     where 1=1 
     
      <if test="id != null" >
        and id = #{id,jdbcType=INTEGER}
      </if>
       
     <if test="name != null" >
        and name like '%' || #{name,jdbcType=VARCHAR} || '%'
      </if>
       <if test="phone != null" >
        and phone = #{name,jdbcType=VARCHAR}
      </if>
  </delete>
  
   <delete id="deleteByIds" >
    delete from ts_Department
    where id in (${ids})
  </delete>
  
  <!-- 删除所有数据 -->
  <delete id="deleteAll" >
    delete from ts_Department
  </delete>
  
  <!-- 根据ID禁用或启用数据-->
  <update id="enabled">
    update ts_Department
    <set>
        isenabled = #{isenabled,jdbcType=INTEGER}
    </set>
    where id=#{id,jdbcType=INTEGER}
  </update>
  
   <!-- 根据ID禁用或启用数据-->
  <update id="enabledByPars" parameterType="map">
    update ts_Department
    <set>
        isenabled = #{isenabled,jdbcType=INTEGER}
    </set>
     where 1=1 
    
      <if test="id != null" >
        and id = #{id,jdbcType=INTEGER}
      </if>
       
     <if test="name != null" >
         and name like '%' || #{name,jdbcType=VARCHAR} || '%'
      </if>
       <if test="phone != null" >
         and phone = #{name,jdbcType=VARCHAR}
      </if>
     
  </update>
  
   <!-- 根据多个ID禁用或启用数据-->
  <update id="enabledByIds">
    update ts_Department
    <set>
        isenabled = #{isenabled,jdbcType=INTEGER}
    </set>
    where id in (${ids})
  </update>
  
</mapper>
