<?xml version="1.0" encoding="UTF-8" ?>
<!DOCTYPE mapper PUBLIC "-//mybatis.org//DTD Mapper 3.0//EN" "http://mybatis.org/dtd/mybatis-3-mapper.dtd" >
<mapper namespace="com.cmw.dao.EmployeeDao" >
  <resultMap id="BaseResultMap" type="com.cmw.entity.EmployeeEntity" >
  	<id column="id" property="id" jdbcType="BIGINT" />
	<!-- 员工编号 -->
	<result column="code" property="code" jdbcType="VARCHAR"/>
	<!-- 姓名 -->
	<result column="name" property="name" jdbcType="VARCHAR"/>
	<!-- 手机号 -->
	<result column="phone" property="phone" jdbcType="VARCHAR"/>
	<!-- Email -->
	<result column="email" property="email" jdbcType="VARCHAR"/>
	<!-- 生日 -->
	<result column="birthday" property="birthday" jdbcType="DATE"/>
	<!-- 入职日期 -->
	<result column="indate" property="indate" jdbcType="DATE"/>
	<!-- 职位 -->
	<result column="postId" property="postId" jdbcType="BIGINT"/>
	<!-- 所属部门 -->
	<result column="indeptId" property="indeptId" jdbcType="BIGINT"/>
	<!-- 所属公司 -->
	<result column="incompId" property="incompId" jdbcType="BIGINT"/>
	<!-- 状态 -->
	<result column="xstatus" property="xstatus" jdbcType="INTEGER"/>

  	<!--
    <id column="id" property="id" jdbcType="INTEGER" />
    <result column="name" property="name" jdbcType="VARCHAR"/>
    <result column="age" property="age" jdbcType="INTEGER" />
    <result column="phone" property="phone" jdbcType="VARCHAR" />
    -->
  </resultMap>
  <sql id="Base_Column_List" >
 	id,code,name,phone,sex,email,birthday,indate,postId,indeptId,incompId,xstatus,remark
   <!-- id, name, age, phone-->
  </sql>
  
  <select id="get" resultMap="BaseResultMap" parameterType="java.lang.Long">
   	select 
   	 <include refid="Base_Column_List" />
    from ts_Employee
    where id = #{id,jdbcType=INTEGER}
  </select>

  <select id="getByPars" resultMap="BaseResultMap">
	  select
	  <include refid="Base_Column_List" />
	  from ts_Employee where 1=1
	  <!--
         <if test="name != null" >
         and name like '%' || #{name,jdbcType=VARCHAR} || '%'
      </if>
       <if test="age != null" >
        and age = #{age}
      </if>
     -->
  </select>
  
   <select id="getList" resultMap="BaseResultMap">
   	select 
   	 <include refid="Base_Column_List" />
    from ts_Employee where 1=1 
    <!-- 
     <if test="name != null" >
         and name like '%' || #{name,jdbcType=VARCHAR} || '%'
      </if>
       <if test="age != null" >
        and age = #{age}
      </if>
     -->
  </select>
  
  <select id="getListMap" resultType="java.util.HashMap">
   	 select 
   	 <include refid="Base_Column_List" />
     from ts_Employee where 1=1 
     <!-- 
   	 <if test="name != null" >
         and name like '%' || #{name,jdbcType=VARCHAR} || '%'
      </if>
       <if test="age != null" >
        and age = #{age}
      </if>
     -->
  </select>
  
  
  <select id="getListAll" resultMap="BaseResultMap">
   	select 
   	 <include refid="Base_Column_List" />
    from ts_Employee where 1=1 
  </select>
  
  
  <select id="getPageByPars" resultMap="BaseResultMap">
	  select
	  A.id,
	  A.code,
	  A.name,
	  A.phone,
	  A.email,
	  A.birthday,
	  A.sex,
	  A.indate,
	  A.postId,
	  A.indeptId,
	  A.incompId,
	  A.xstatus,
	  P.name as pname,
	  D.name as dname,
	  C.name as cname
	  from ts_employee as A
	  inner join ts_Post as P on P.id=A.postId
	  inner join  ts_Department as D on D.id=A.indeptId
	  inner join  ts_Company as C on C.id=A.incompId
	  where A.isenabled=1
	  <if test="name != null" >
		  and A.name like CONCAT('%',#{name},'%')
	  </if>
	  order by A.id desc
	  <if test="offset!=null and pageSize!=null">
		  limit #{offset},#{pageSize}
	  </if>
  </select>
  
  <!-- 获取总记录数 -->
  <select id="getTotals" resultType="java.lang.Long">
   	select count(1) as totalCount from ts_Employee where 1=1 
  </select>
  
   <!-- 根据参数获取总记录数 -->
  <select id="getTotalsByPars" resultType="java.lang.Long" parameterType="java.util.Map">
   	select count(1) as totalCount from ts_Employee where 1=1 
   	 <!-- 
     <if test="name != null" >
         and name like '%' || #{name,jdbcType=VARCHAR} || '%'
      </if>
       <if test="age != null" >
        and age = #{age}
      </if>
     -->
  </select>
  
  
  <!-- 获取最大ID -->
  <select id="getMaxID"  resultType="java.lang.Long">
   	select max(id) as maxId from ts_Employee where 1=1 
  </select>
  
  <insert id="insert" useGeneratedKeys="true" keyProperty="id" parameterType="com.cmw.entity.EmployeeEntity" >
    insert into ts_Employee (
	  code,name,sex,phone,birthday,
	  indate,postId,indeptId,incompId,
	  xstatus,creator,createTime,orgid,
	  deptId,isenabled,remark)
    values (
    #{code,jdbcType=VARCHAR},#{name,jdbcType=VARCHAR},
	  #{sex,jdbcType=TINYINT},#{phone,jdbcType=VARCHAR},
	  #{birthday,jdbcType=DATE},#{indate,jdbcType=VARCHAR},
	  #{postId,jdbcType=TINYINT},#{indeptId,jdbcType=BIGINT},
	  #{incompId,jdbcType=VARCHAR},
	  #{xstatus,jdbcType=INTEGER},#{creator,jdbcType=BIGINT},#{createTime,jdbcType=TIMESTAMP},#{orgid,jdbcType=BIGINT},#{deptId,jdbcType=BIGINT},#{isenabled,jdbcType=TINYINT},#{remark,jdbcType=VARCHAR})
  </insert>

  <insert id="batchInsert" parameterType="List" useGeneratedKeys="true" keyProperty="id">
	 insert into ts_Employee (code,name,phone,email,birthday,indate,postId,indeptId,incompId,xstatus) values
	  <foreach item="item" collection="list" separator=",">
	    (#{code,jdbcType=VARCHAR},#{name,jdbcType=VARCHAR},#{phone,jdbcType=VARCHAR},#{email,jdbcType=VARCHAR},#{birthday,jdbcType=DATE},#{indate,jdbcType=DATE},#{postId,jdbcType=BIGINT},#{indeptId,jdbcType=BIGINT},#{incompId,jdbcType=BIGINT},#{xstatus,jdbcType=INTEGER})
	  </foreach>
	<!--
	  insert into ts_Employee (name, age, phone) values
	  <foreach item="item" collection="list" separator=",">
	    (#{item.name}, #{item.age}, #{item.phone})
	  </foreach>
	  -->
  </insert>
  
   <update id="update" parameterType="com.cmw.entity.EmployeeEntity" >
    update ts_Employee
    <set>
    			<!-- 员工编号 -->
		<if test="code != null" >
		  code = #{code,jdbcType=VARCHAR},
		</if>
		<!-- 姓名 -->
		<if test="name != null" >
		  name = #{name,jdbcType=VARCHAR},
		</if>
		<!-- 手机号 -->
		<if test="phone != null" >
		  phone = #{phone,jdbcType=VARCHAR},
		</if>
		<!-- Email -->
		<if test="email != null" >
		  email = #{email,jdbcType=VARCHAR},
		</if>
		<!-- 生日 -->
		<if test="birthday != null" >
		  birthday = #{birthday,jdbcType=DATE},
		</if>
		<!-- 入职日期 -->
		<if test="indate != null" >
		  indate = #{indate,jdbcType=DATE},
		</if>
		<!-- 职位 -->
		<if test="postId != null" >
		  postId = #{postId,jdbcType=BIGINT},
		</if>
		<!-- 所属部门 -->
		<if test="indeptId != null" >
		  indeptId = #{indeptId,jdbcType=BIGINT},
		</if>
		<!-- 所属公司 -->
		<if test="incompId != null" >
		  incompId = #{incompId,jdbcType=BIGINT},
		</if>
		<!-- 状态 -->
		<if test="xstatus != null" >
		  xstatus = #{xstatus,jdbcType=INTEGER},
		</if>

    <!--
      <if test="name != null" >
        name = #{name,jdbcType=VARCHAR},
      </if>
       <if test="age != null" >
        age = #{age,jdbcType=INTEGER},
      </if>
       <if test="phone != null" >
        phone = #{phone,jdbcType=VARCHAR},
      </if>
      -->
    </set>
    where id = #{id,jdbcType=INTEGER}
  </update>
  
   <update id="updateByPars" parameterType="map">
    update ts_Employee
    <set>
     			<!-- 员工编号 -->
		<if test="code != null" >
		  code = #{code,jdbcType=VARCHAR},
		</if>
		<!-- 姓名 -->
		<if test="name != null" >
		  name = #{name,jdbcType=VARCHAR},
		</if>
		<!-- 手机号 -->
		<if test="phone != null" >
		  phone = #{phone,jdbcType=VARCHAR},
		</if>
		<!-- Email -->
		<if test="email != null" >
		  email = #{email,jdbcType=VARCHAR},
		</if>
		<!-- 生日 -->
		<if test="birthday != null" >
		  birthday = #{birthday,jdbcType=DATE},
		</if>
		<!-- 入职日期 -->
		<if test="indate != null" >
		  indate = #{indate,jdbcType=DATE},
		</if>
		<!-- 职位 -->
		<if test="postId != null" >
		  postId = #{postId,jdbcType=BIGINT},
		</if>
		<!-- 所属部门 -->
		<if test="indeptId != null" >
		  indeptId = #{indeptId,jdbcType=BIGINT},
		</if>
		<!-- 所属公司 -->
		<if test="incompId != null" >
		  incompId = #{incompId,jdbcType=BIGINT},
		</if>
		<!-- 状态 -->
		<if test="xstatus != null" >
		  xstatus = #{xstatus,jdbcType=INTEGER},
		</if>

    <!--
      <if test="name != null" >
        name = #{name,jdbcType=VARCHAR},
      </if>
       <if test="age != null" >
        age = #{age,jdbcType=INTEGER},
      </if>
       <if test="phone != null" >
        phone = #{phone,jdbcType=VARCHAR},
      </if>
      -->
    </set>
    where 1=1 
     <!-- where 条件参数必须加上 par_+wherePars参数key -->
     <!-- 
      <if test="par_id != null" >
        and id = #{par_id}
      </if>
       
     <if test="par_name != null" >
         and name like '%' || #{par_name,jdbcType=VARCHAR} || '%'
      </if>
       <if test="par_phone != null" >
        and phone = '${par_phone}'
      </if>
      -->
  </update>
  
  
  <update id="batchUpdate"  parameterType="java.util.List">  
      <foreach collection="list" item="item" index="index" open="" close="" separator=";">  
            update ts_Employee   
            <set>  
            			<!-- 员工编号 -->
		<if test="code != null" >
		  code = #{code,jdbcType=VARCHAR},
		</if>
		<!-- 姓名 -->
		<if test="name != null" >
		  name = #{name,jdbcType=VARCHAR},
		</if>
		<!-- 手机号 -->
		<if test="phone != null" >
		  phone = #{phone,jdbcType=VARCHAR},
		</if>
		<!-- Email -->
		<if test="email != null" >
		  email = #{email,jdbcType=VARCHAR},
		</if>
		<!-- 生日 -->
		<if test="birthday != null" >
		  birthday = #{birthday,jdbcType=DATE},
		</if>
		<!-- 入职日期 -->
		<if test="indate != null" >
		  indate = #{indate,jdbcType=DATE},
		</if>
		<!-- 职位 -->
		<if test="postId != null" >
		  postId = #{postId,jdbcType=BIGINT},
		</if>
		<!-- 所属部门 -->
		<if test="indeptId != null" >
		  indeptId = #{indeptId,jdbcType=BIGINT},
		</if>
		<!-- 所属公司 -->
		<if test="incompId != null" >
		  incompId = #{incompId,jdbcType=BIGINT},
		</if>
		<!-- 状态 -->
		<if test="xstatus != null" >
		  xstatus = #{xstatus,jdbcType=INTEGER},
		</if>

			    <!--
			      <if test="name != null" >
			        name = #{name,jdbcType=VARCHAR},
			      </if>
			       <if test="age != null" >
			        age = #{age,jdbcType=INTEGER},
			      </if>
			       <if test="phone != null" >
			        phone = #{phone,jdbcType=VARCHAR},
			      </if>
			      -->
		    </set>
		    where id = #{item.id,jdbcType=INTEGER}
     </foreach>  
  </update>  
  
  <delete id="delete" parameterType="java.lang.Long" >
    delete from ts_Employee
    where id = #{id,jdbcType=INTEGER}
  </delete>
  
  <!-- 根据指定的参数，删除实体 -->
  <delete id="deleteByPars" parameterType="map" >
    delete from ts_Employee
     where 1=1 
     
      <if test="id != null" >
        and id = #{id,jdbcType=INTEGER}
      </if>
       
     <if test="name != null" >
        and name like '%' || #{name,jdbcType=VARCHAR} || '%'
      </if>
       <if test="phone != null" >
        and phone = #{name,jdbcType=VARCHAR}
      </if>
  </delete>
  
   <delete id="deleteByIds" >
    delete from ts_Employee
    where id in (${ids})
  </delete>
  
  <!-- 删除所有数据 -->
  <delete id="deleteAll" >
    delete from ts_Employee
  </delete>
  
  <!-- 根据ID禁用或启用数据-->
  <update id="enabled">
    update ts_Employee
    <set>
        isenabled = #{isenabled,jdbcType=INTEGER}
    </set>
    where id=#{id,jdbcType=INTEGER}
  </update>
  
   <!-- 根据ID禁用或启用数据-->
  <update id="enabledByPars" parameterType="map">
    update ts_Employee
    <set>
        isenabled = #{isenabled,jdbcType=INTEGER}
    </set>
     where 1=1 
    
      <if test="id != null" >
        and id = #{id,jdbcType=INTEGER}
      </if>
       
     <if test="name != null" >
         and name like '%' || #{name,jdbcType=VARCHAR} || '%'
      </if>
       <if test="phone != null" >
         and phone = #{name,jdbcType=VARCHAR}
      </if>
     
  </update>
  
   <!-- 根据多个ID禁用或启用数据-->
  <update id="enabledByIds">
    update ts_Employee
    <set>
        isenabled = #{isenabled,jdbcType=INTEGER}
    </set>
    where id in (${ids})
  </update>
  
</mapper>
