<?xml version="1.0" encoding="UTF-8" ?>
<!DOCTYPE mapper PUBLIC "-//mybatis.org//DTD Mapper 3.0//EN" "http://mybatis.org/dtd/mybatis-3-mapper.dtd" >
<mapper namespace="com.cmw.dao.MenuDao">
    
    <!--
        系统菜单
        @Author 肖家添
        @Date 2019/5/9 23:43
    -->
    
    <resultMap id="BaseResultMap" type="com.cmw.entity.MenuEntity" extends="com.mybatis.BaseMapper.BaseResultMap">
        <id column="id" property="id" jdbcType="BIGINT"/>
        <!-- 排列顺序 -->
        <result column="orderNo" property="orderNo" jdbcType="INTEGER"/>
        <!-- 叶子 -->
        <result column="leaf" property="leaf" jdbcType="VARCHAR"/>
        <!-- TabId -->
        <result column="tabId" property="tabId" jdbcType="VARCHAR"/>
        <!-- 附加参数 -->
        <result column="params" property="params" jdbcType="VARCHAR"/>
        <!-- url -->
        <result column="jsArray" property="jsArray" jdbcType="VARCHAR"/>
        <!-- UI加载方式 -->
        <result column="loadType" property="loadType" jdbcType="INTEGER"/>
        <!-- 菜单大图标 -->
        <result column="biconCls" property="biconCls" jdbcType="VARCHAR"/>
        <!-- 菜单样式 -->
        <result column="iconCls" property="iconCls" jdbcType="VARCHAR"/>
        <!-- 父菜单类型 -->
        <result column="type" property="type" jdbcType="INTEGER"/>
        <!-- 菜单名称 -->
        <result column="name" property="name" jdbcType="VARCHAR"/>
        <!-- 菜单编码 -->
        <result column="code" property="code" jdbcType="VARCHAR"/>
        <!-- 父菜单ID -->
        <result column="pid" property="pid" jdbcType="BIGINT"/>
        <!-- 卡片ID -->
        <result column="accordionId" property="accordionId" jdbcType="BIGINT"/>
        <!-- 菜单ID -->
        <result column="menuID" property="menuID" jdbcType="BIGINT"/>
    </resultMap>

    <resultMap id="FullResultMap" type="com.cmw.entity.MenuEntity" extends="BaseResultMap">
        <association column="modifier" property="modifierUser" resultMap="com.cmw.dao.UserDao.BaseResultMap"></association>
    </resultMap>

    <sql id="Base_Column_List">
        id, orderNo, leaf, tabId, params, jsArray, loadType, biconCls,
        iconCls, `type`, `name`, code, pid, accordionId, menuID
    </sql>

    <sql id="Base_Entity_Column">
        orgid, deptId, isenabled, remark, creator, createTime, modifier, modifytime
    </sql>

    <sql id="Base_Table">
        ts_Menu
    </sql>

    <!--
        GET
        @Author 肖家添
        @Date 2019/5/10 11:39
    -->
    <select id="get" resultMap="BaseResultMap" parameterType="java.lang.Long">
        select
        <include refid="Base_Column_List"/>
        from
        <include refid="Base_Table"/>
        where id = #{id}
    </select>

    <!--
        获取系统菜单
        @Author 肖家添
        @Date 2019/5/10 11:38
    -->
    <select id="getSystemMenu" resultMap="BaseResultMap" parameterType="java.util.Map">
        select DISTINCTROW tmu.id, tmu.name, tmu.params, tmu.jsArray, tmu.iconCls
        from
        <include refid="Base_Table"/> tmu
        <!-- 根据权限获取系统菜单 -->
        <if test="getMenuByUserRight != null">
            inner join ts_right trt on trt.mmId = tmu.id
            inner join ts_role tre on tre.id = trt.roleId
            inner join ts_urole tue on tue.roleId = tre.id
            inner join ts_user tur on tur.userId = tue.userId
        </if>

        where 1 = 1

        <if test="getMenuByUserRight != null">
            and tur.isenabled = 1
            and tre.isenabled = 1
            and trt.type = 1
            and trt.objtype = 0
            and tur.userId = #{userId}
        </if>

        and tmu.isenabled = 1
        and tmu.type = 2

        <!-- 父级菜单 -->
        <if test="pid != null">
            and tmu.pid = #{pid}
        </if>

        order by tmu.orderNo asc
    </select>
    
    <!--
        获取菜单列表
        @Author 肖家添
        @Date 2019/5/10 19:13
    -->
    <select id="getList" resultMap="FullResultMap" parameterType="java.util.Map">
        select *
        from
        <include refid="Base_Table"/> tmu
        left join ts_user tur on tur.userId = tmu.modifier
        where tmu.isenabled != -1
        <!-- 菜单名称 -->
        <if test="name != null">
            and tmu.name like '%' #{name} '%'
        </if>
        <!-- 请求地址 -->
        <if test="jsArray != null">
            and tmu.jsArray like '%' #{jsArray} '%'
        </if>
        order by tmu.createTime desc
    </select>
    
    <!--
        获取没有权限记录的上级节点
        @Author 肖家添
        @Date 2019/5/12 20:37
    -->
    <select id="getNotHasRightForParentNode" resultType="java.util.Map" parameterType="java.lang.Long">
        select * from (
            select DISTINCT tmu.pid,
            (
                select IFNULL(count(childTrt.id),0)
                from ts_right childTrt
                where childTrt.roleId = #{roleId}
                and childTrt.mmId = tmu.pid
            ) as parent
            from ts_right trt
            inner join ts_menu tmu on tmu.id = trt.mmId
            where tmu.isenabled = 1
            and trt.roleId = #{roleId}
        ) tb
        where tb.parent = 0
    </select>

    <!--
        新增
        @Author 肖家添
        @Date 2019/5/9 23:54
    -->
    <insert id="insert" useGeneratedKeys="true" keyProperty="id" parameterType="com.cmw.entity.MenuEntity">
        insert into
        <include refid="Base_Table"/>
        (
            <include refid="Base_Column_List"/>,
            <include refid="Base_Entity_Column"/>
        )
        values
        (
            #{id}, #{orderNo}, #{leaf}, #{tabId}, #{params}, #{jsArray}, #{loadType}, #{biconCls},
            #{iconCls}, #{type}, #{name}, #{code}, #{pid}, #{accordionId}, #{menuID},
            #{orgid}, #{deptId}, #{isenabled}, #{remark}, #{creator}, #{createTime}, #{modifier}, #{modifytime}
        )
    </insert>
    
    <!--
        更新
        @Author 肖家添
        @Date 2019/5/9 23:54
    -->
    <update id="update" parameterType="com.cmw.entity.MenuEntity">
        update
        <include refid="Base_Table"/>
        <trim prefix="set" suffixOverrides=",">
            <!-- 排列顺序 -->
            <if test="orderNo != null">
                orderNo = #{orderNo},
            </if>
            <!-- 叶子 -->
            <if test="leaf != null">
                leaf = #{leaf},
            </if>
            <!-- TabId -->
            <if test="tabId != null">
                tabId = #{tabId},
            </if>
            <!-- 附加参数 -->
            <if test="params != null">
                params = #{params},
            </if>
            <!-- url -->
            <if test="jsArray != null">
                jsArray = #{jsArray},
            </if>
            <!-- UI加载方式 -->
            <if test="loadType != null">
                loadType = #{loadType},
            </if>
            <!-- 菜单大图标 -->
            <if test="biconCls != null">
                biconCls = #{biconCls},
            </if>
            <!-- 菜单样式 -->
            <if test="iconCls != null">
                iconCls = #{iconCls},
            </if>
            <!-- 父菜单类型 -->
            <if test="type != null">
                type = #{type},
            </if>
            <!-- 菜单名称 -->
            <if test="name != null">
                name = #{name},
            </if>
            <!-- 菜单编码 -->
            <if test="code != null">
                code = #{code},
            </if>
            <!-- 父菜单ID -->
            <if test="pid != null">
                pid = #{pid},
            </if>
            <!-- 卡片ID -->
            <if test="accordionId != null">
                accordionId = #{accordionId},
            </if>
            <!-- 菜单ID -->
            <if test="menuID != null">
                menuID = #{menuID},
            </if>
            <!-- 修改人 -->
            <if test="modifier != null">
                modifier = #{modifier},
            </if>
            <!-- 修改时间 -->
            <if test="modifytime != null">
                modifytime = #{modifytime},
            </if>
            <!-- 备注 -->
            <if test="remark != null">
                remark = #{remark},
            </if>
        </trim>
        where id = #{id}
    </update>

    <!--
        上架/下架/删除
        @Author 肖家添
        @Date 2019/5/9 23:55
    -->
    <update id="enabled">
        update
        <include refid="Base_Table"/>
        <set>
            isenabled = #{isenabled,jdbcType=INTEGER}
        </set>
        where id=#{id,jdbcType=INTEGER}
    </update>

    <!--
        上架/下架/删除
        @Author 肖家添
        @Date 2019/5/13 10:23
    -->
    <update id="enabledByIds">
        update
        <include refid="Base_Table"/>
        <set>
            isenabled = #{isenabled}
        </set>
        where id in (${ids})
    </update>

</mapper>
