<?xml version="1.0" encoding="UTF-8" ?>
<!DOCTYPE mapper PUBLIC "-//mybatis.org//DTD Mapper 3.0//EN" "http://mybatis.org/dtd/mybatis-3-mapper.dtd" >
<mapper namespace="com.cmw.dao.OrgCustomerDao" >
  <resultMap id="BaseResultMap" type="com.cmw.entity.OrgCustomerEntity" >
  	<id column="id" property="id" jdbcType="BIGINT" />
    <!-- 机构客户编号 -->
    <result column="code" property="code" jdbcType="VARCHAR"/>
    <!-- 产品ID -->
	<result column="productId" property="productId" jdbcType="BIGINT"/>
	<!-- 跟进状态 -->
	<result column="fstatus" property="fstatus" jdbcType="INTEGER"/>
	<!-- 审批意见 -->
	<result column="auditRemark" property="auditRemark" jdbcType="VARCHAR"/>
	<!-- 审批状态 -->
	<result column="xstatus" property="xstatus" jdbcType="INTEGER"/>
	<!-- 是否试用状态 -->
	<result column="tryFlag" property="tryFlag" jdbcType="TINYINT"/>
	<!-- 公司ID -->
	<result column="companyId" property="companyId" jdbcType="BIGINT"/>
	<!-- 有效期 -->
	<result column="endDate" property="endDate" jdbcType="TIMESTAMP"/>
	<!-- 销售人员 -->
	<result column="salerId" property="salerId" jdbcType="BIGINT"/>
	<!-- 详细地址 -->
	<result column="address" property="address" jdbcType="VARCHAR"/>

	<!-- 区 -->
	<result column="areaId" property="areaId" jdbcType="BIGINT"/>
	<!-- 市 -->
	<result column="cityId" property="cityId" jdbcType="BIGINT"/>
	<!-- 省 -->
	<result column="provinceId" property="provinceId" jdbcType="BIGINT"/>
	<!-- 邮箱 -->
	<result column="email" property="email" jdbcType="VARCHAR"/>
	<!-- 联系电话 -->
	<result column="tel" property="tel" jdbcType="VARCHAR"/>
	<!-- 联系人 -->
	<result column="contacts" property="contacts" jdbcType="VARCHAR"/>
	<!-- 机构名称 -->
	<result column="oname" property="oname" jdbcType="VARCHAR"/>
	  <!-- 创建人 -->
	  <result column="creator" property="creator" jdbcType="BIGINT"/>
	  <!-- 创建时间 -->
	  <result column="createTime" property="createTime" jdbcType="TIMESTAMP"/>
	  <!-- 创建机构 -->
	  <result column="orgid" property="orgid" jdbcType="BIGINT"/>
	  <!-- 创建部门 -->
	  <result column="deptId" property="deptId" jdbcType="BIGINT"/>
	  <!-- 可用标识 -->
	  <result column="isenabled" property="isenabled" jdbcType="TINYINT"/>
	  <!-- 修改日期 -->
	  <result column="modifytime" property="modifytime" jdbcType="TIMESTAMP"/>
	  <!-- 修改人 -->
	  <result column="modifier" property="modifier" jdbcType="BIGINT"/>
	  <!-- 备注 -->
	  <result column="remark" property="remark" jdbcType="VARCHAR"/>
  </resultMap>
  <sql id="Base_Column_List" >
 	id,fstatus,auditRemark,xstatus,tryFlag,companyId,endDate,salerId,address,areaId,cityId,provinceId,email,tel,contacts,oname,productId,
 	creator,createTime,orgid,deptId,isenabled,modifytime,modifier,remark,code
  </sql>

	<sql id="page_list_query_criteria">
		and A.isenabled=1
		<!-- 机构名称 -->
		<if test="oname != null">
			and A.oname like CONCAT('%',#{oname},'%')
		</if>
		<!-- 联系人 -->
		<if test="contacts != null">
			and A.contacts like CONCAT('%',#{contacts},'%')
		</if>

		<!-- 电话 -->
		<if test="tel != null">
			and A.tel = #{tel}
		</if>
		<!-- 审批状态 -->
		<if test="xstatus != null">
			and A.xstatus = #{xstatus}
		</if>
		<!-- 购买产品 -->
		<if test="productId != null">
			and A.productId = #{productId}
		</if>
		<!-- 有效期 开始时间 -->
		<if test="endDate_start != null">
			and A.endDate &gt;= #{endDate_start}
		</if>
		<!-- 有效期 截止时间 -->
		<if test="endDate_end != null">
			and A.endDate  &lt; #{endDate_end}
		</if>

		<!-- 创建时间 开始时间 -->
		<if test="createTime_start != null">
			and A.createTime &gt;= #{createTime_start}
		</if>
		<!-- 创建时间 截止时间 -->
		<if test="createTime_end != null">
			and A.createTime  &lt; #{createTime_end}
		</if>

		<!-- 试用状态 -->
		<if test="tryFlag != null">
			and A.tryFlag = #{tryFlag}
		</if>

	</sql>
  
  <select id="get" resultMap="BaseResultMap" parameterType="java.lang.Long">
   	select 
   	 <include refid="Base_Column_List" />
    from ts_OrgCustomer
    where id = #{id,jdbcType=INTEGER}
  </select>

  <select id="getByPars" resultMap="BaseResultMap">
   	select 
   	 <include refid="Base_Column_List" />
    from ts_OrgCustomer where 1 = 1
    <!-- 公司ID -->
	  <if test="companyId != null" >
		  and companyId = #{companyId} and isenabled = 1
	  </if>
	  <if test="tel != null" >
		  and tel = #{tel} and isenabled != -1
	  </if>
  </select>
  
   <select id="getList" resultMap="BaseResultMap">
   	select 
   	 <include refid="Base_Column_List" />
    from ts_OrgCustomer where 1=1 
    <!-- 
     <if test="name != null" >
         and name like '%' || #{name,jdbcType=VARCHAR} || '%'
      </if>
       <if test="age != null" >
        and age = #{age}
      </if>
     -->
  </select>
  
  <select id="getListMap" resultType="java.util.HashMap">
   	 select
   	 <include refid="Base_Column_List" />
     from ts_OrgCustomer where 1=1
     <!--
   	 <if test="name != null" >
         and name like '%' || #{name,jdbcType=VARCHAR} || '%'
      </if>
       <if test="age != null" >
        and age = #{age}
      </if>
     -->
  </select>
  
  
  <select id="getListAll" resultMap="BaseResultMap">
   	select 
   	 <include refid="Base_Column_List" />
    from ts_OrgCustomer where 1=1 
  </select>
  
  
  <select id="getPageByPars" resultType="java.util.HashMap">

	  select A.id,A.code,A.oname,A.contacts,A.tel,CONCAT(D.name,'/',E.name,'/',F.name,'/', A.address) as address,B.pname as productName,A.endDate,C.empName as salerName,
	  A.tryFlag,A.xstatus,A.fstatus,A.createTime
	  from ts_orgcustomer AS A left join ts_SaasProd as B on A.productId=B.id
	  left join ts_user AS c on A.salerId=C.userId
	  left join ts_province as D on A.provinceId=D.id
	  left join ts_city as E on A.cityId=E.id
	  left join ts_Region as F on A.areaId=F.id
	  where 1=1
	  <include refid="page_list_query_criteria" />
	  order by A.xstatus asc,A.id desc
        <if test="offset!=null and pageSize!=null">  
	        limit #{offset},#{pageSize}
	    </if>
  </select>
  
  <!-- 获取总记录数 -->
  <select id="getTotals" resultType="java.lang.Long">
   	select count(1) as totalCount from ts_OrgCustomer where 1=1 
  </select>
  
   <!-- 根据参数获取总记录数 -->
  <select id="getTotalsByPars" resultType="java.lang.Long" parameterType="java.util.Map">
   	select count(1) as totalCount
	  from ts_orgcustomer AS A left join ts_SaasProd as B on A.productId=B.id
	  left join ts_user AS c on A.salerId=C.userId
	  where 1=1
	  <include refid="page_list_query_criteria" />
  </select>
  
  
  <!-- 获取最大ID -->
  <select id="getMaxID"  resultType="java.lang.Long">
   	select max(id) as maxId from ts_OrgCustomer where 1=1 
  </select>

	<!-- 更新编号 -->
	<update id="updateCode">
		update ts_OrgCustomer
		<set>
			<!-- 编号 -->
			code = #{code,jdbcType=VARCHAR}
		</set>
		where id = #{id,jdbcType=INTEGER}
	</update>
  
  <insert id="insert" useGeneratedKeys="true" keyProperty="id" parameterType="com.cmw.entity.OrgCustomerEntity" >
      insert into ts_OrgCustomer (fstatus,auditRemark,xstatus,tryFlag,companyId,endDate,salerId,address,areaId,cityId,provinceId,email,tel,contacts,oname,
	  productId,creator,createTime,orgid,deptId,isenabled,remark,code)
    values (#{fstatus,jdbcType=INTEGER},#{auditRemark,jdbcType=VARCHAR},#{xstatus,jdbcType=INTEGER},#{tryFlag,jdbcType=TINYINT},
    #{companyId,jdbcType=BIGINT},#{endDate,jdbcType=TIMESTAMP},#{salerId,jdbcType=BIGINT},#{address,jdbcType=VARCHAR},#{areaId,jdbcType=BIGINT},
    #{cityId,jdbcType=BIGINT},#{provinceId,jdbcType=BIGINT},#{email,jdbcType=VARCHAR},#{tel,jdbcType=VARCHAR},#{contacts,jdbcType=VARCHAR},
    #{oname,jdbcType=VARCHAR},#{productId,jdbcType=BIGINT},#{creator,jdbcType=BIGINT},#{createTime,jdbcType=TIMESTAMP},#{orgid,jdbcType=BIGINT},#{deptId,jdbcType=BIGINT},#{isenabled,jdbcType=TINYINT},#{remark,jdbcType=VARCHAR},#{code,jdbcType=VARCHAR})
  </insert>
  
  <insert id="batchInsert" parameterType="List" useGeneratedKeys="true" keyProperty="id">
	 insert into ts_OrgCustomer (fstatus,auditRemark,xstatus,tryFlag,companyId,endDate,salerId,address,areaId,cityId,provinceId,email,tel,contacts,oname,
	  productId,creator,createTime,orgid,deptId,isenabled,remark,code) values
	  <foreach item="item" collection="list" separator=",">
	    (#{fstatus,jdbcType=INTEGER},#{auditRemark,jdbcType=VARCHAR},#{xstatus,jdbcType=INTEGER},#{tryFlag,jdbcType=TINYINT},#{companyId,jdbcType=BIGINT},#{endDate,jdbcType=TIMESTAMP},#{salerId,jdbcType=BIGINT},#{address,jdbcType=VARCHAR},#{areaId,jdbcType=BIGINT},#{cityId,jdbcType=BIGINT},#{provinceId,jdbcType=BIGINT},#{email,jdbcType=VARCHAR},#{tel,jdbcType=VARCHAR},#{contacts,jdbcType=VARCHAR},#{oname,jdbcType=VARCHAR},
		  #{productId,jdbcType=BIGINT},#{creator,jdbcType=BIGINT},#{createTime,jdbcType=TIMESTAMP},#{orgid,jdbcType=BIGINT},#{deptId,jdbcType=BIGINT},#{isenabled,jdbcType=TINYINT},#{remark,jdbcType=VARCHAR},#{code,jdbcType=VARCHAR})
	  </foreach>
  </insert>



	<update id="update" parameterType="com.cmw.entity.OrgCustomerEntity" >
    update ts_OrgCustomer
    <set>
		<!-- 产品ID -->
		<if test="productId != null" >
			productId = #{productId,jdbcType=BIGINT},
		</if>
		<!-- 机构客户编号 -->
		<if test="code != null" >
			code = #{code,jdbcType=VARCHAR},
		</if>
		<!-- 跟进状态 -->
		<if test="fstatus != null" >
		  fstatus = #{fstatus,jdbcType=INTEGER},
		</if>
		<!-- 审批意见 -->
		<if test="auditRemark != null" >
		  auditRemark = #{auditRemark,jdbcType=VARCHAR},
		</if>
		<!-- 审批状态 -->
		<if test="xstatus != null" >
		  xstatus = #{xstatus,jdbcType=INTEGER},
		</if>
		<!-- 是否试用状态 -->
		<if test="tryFlag != null" >
		  tryFlag = #{tryFlag,jdbcType=TINYINT},
		</if>
		<!-- 公司ID -->
		<if test="companyId != null" >
		  companyId = #{companyId,jdbcType=BIGINT},
		</if>
		<!-- 有效期 -->
		<if test="endDate != null" >
		  endDate = #{endDate,jdbcType=TIMESTAMP},
		</if>
		<!-- 销售人员 -->
		<if test="salerId != null" >
		  salerId = #{salerId,jdbcType=BIGINT},
		</if>
		<!-- 详细地址 -->
		<if test="address != null" >
		  address = #{address,jdbcType=VARCHAR},
		</if>
		<!-- 区 -->
		<if test="areaId != null" >
		  areaId = #{areaId,jdbcType=BIGINT},
		</if>
		<!-- 市 -->
		<if test="cityId != null" >
		  cityId = #{cityId,jdbcType=BIGINT},
		</if>
		<!-- 省 -->
		<if test="provinceId != null" >
		  provinceId = #{provinceId,jdbcType=BIGINT},
		</if>
		<!-- 邮箱 -->
		<if test="email != null" >
		  email = #{email,jdbcType=VARCHAR},
		</if>
		<!-- 联系电话 -->
		<if test="tel != null" >
		  tel = #{tel,jdbcType=VARCHAR},
		</if>
		<!-- 联系人 -->
		<if test="contacts != null" >
		  contacts = #{contacts,jdbcType=VARCHAR},
		</if>
		<!-- 机构名称 -->
		<if test="oname != null" >
		  oname = #{oname,jdbcType=VARCHAR},
		</if>
		<!-- 修改日期 -->
		<if test="modifytime != null">
			modifytime = #{modifytime,jdbcType=TIMESTAMP},
		</if>
		<!-- 修改人 -->
		<if test="modifier != null">
			modifier = #{modifier,jdbcType=BIGINT},
		</if>
		<!-- 备注 -->
		<if test="remark != null">
			remark = #{remark,jdbcType=VARCHAR},
		</if>
    </set>
    where id = #{id,jdbcType=INTEGER}
  </update>
  
   <update id="updateByPars" parameterType="map">
    update ts_OrgCustomer
    <set>
		<!-- 产品ID -->
		<if test="productId != null" >
			productId = #{productId,jdbcType=BIGINT},
		</if>
		<!-- 机构客户编号 -->
		<if test="code != null" >
			code = #{code,jdbcType=VARCHAR},
		</if>
		<!-- 跟进状态 -->
		<if test="fstatus != null" >
		  fstatus = #{fstatus,jdbcType=INTEGER},
		</if>
		<!-- 审批意见 -->
		<if test="auditRemark != null" >
		  auditRemark = #{auditRemark,jdbcType=VARCHAR},
		</if>
		<!-- 审批状态 -->
		<if test="xstatus != null" >
		  xstatus = #{xstatus,jdbcType=INTEGER},
		</if>
		<!-- 是否试用状态 -->
		<if test="tryFlag != null" >
		  tryFlag = #{tryFlag,jdbcType=TINYINT},
		</if>
		<!-- 公司ID -->
		<if test="companyId != null" >
		  companyId = #{companyId,jdbcType=BIGINT},
		</if>
		<!-- 有效期 -->
		<if test="endDate != null" >
		  endDate = #{endDate,jdbcType=TIMESTAMP},
		</if>
		<!-- 销售人员 -->
		<if test="salerId != null" >
		  salerId = #{salerId,jdbcType=BIGINT},
		</if>
		<!-- 详细地址 -->
		<if test="address != null" >
		  address = #{address,jdbcType=VARCHAR},
		</if>
		<!-- 区 -->
		<if test="areaId != null" >
		  areaId = #{areaId,jdbcType=BIGINT},
		</if>
		<!-- 市 -->
		<if test="cityId != null" >
		  cityId = #{cityId,jdbcType=BIGINT},
		</if>
		<!-- 省 -->
		<if test="provinceId != null" >
		  provinceId = #{provinceId,jdbcType=BIGINT},
		</if>
		<!-- 邮箱 -->
		<if test="email != null" >
		  email = #{email,jdbcType=VARCHAR},
		</if>
		<!-- 联系电话 -->
		<if test="tel != null" >
		  tel = #{tel,jdbcType=VARCHAR},
		</if>
		<!-- 联系人 -->
		<if test="contacts != null" >
		  contacts = #{contacts,jdbcType=VARCHAR},
		</if>
		<!-- 机构名称 -->
		<if test="oname != null" >
		  oname = #{oname,jdbcType=VARCHAR},
		</if>
		<!-- 修改日期 -->
		<if test="modifytime != null">
			modifytime = #{modifytime,jdbcType=TIMESTAMP},
		</if>
		<!-- 修改人 -->
		<if test="modifier != null">
			modifier = #{modifier,jdbcType=BIGINT},
		</if>
		<!-- 备注 -->
		<if test="remark != null">
			remark = #{remark,jdbcType=VARCHAR},
		</if>
    </set>
    where 1=1 
     <!-- where 条件参数必须加上 par_+wherePars参数key -->
     <!-- 
      <if test="par_id != null" >
        and id = #{par_id}
      </if>
       
     <if test="par_name != null" >
         and name like '%' || #{par_name,jdbcType=VARCHAR} || '%'
      </if>
       <if test="par_phone != null" >
        and phone = '${par_phone}'
      </if>
      -->
  </update>
  
  
  <update id="batchUpdate"  parameterType="java.util.List">  
      <foreach collection="list" item="item" index="index" open="" close="" separator=";">  
		update ts_OrgCustomer
		<set>
		<!-- 产品ID -->
		<if test="productId != null" >
			productId = #{productId,jdbcType=BIGINT},
		</if>
		<!-- 跟进状态 -->
		<if test="fstatus != null" >
		  fstatus = #{fstatus,jdbcType=INTEGER},
		</if>
		<!-- 审批意见 -->
		<if test="auditRemark != null" >
		  auditRemark = #{auditRemark,jdbcType=VARCHAR},
		</if>
		<!-- 审批状态 -->
		<if test="xstatus != null" >
		  xstatus = #{xstatus,jdbcType=INTEGER},
		</if>
		<!-- 是否试用状态 -->
		<if test="tryFlag != null" >
		  tryFlag = #{tryFlag,jdbcType=TINYINT},
		</if>
		<!-- 公司ID -->
		<if test="companyId != null" >
		  companyId = #{companyId,jdbcType=BIGINT},
		</if>
		<!-- 有效期 -->
		<if test="endDate != null" >
		  endDate = #{endDate,jdbcType=TIMESTAMP},
		</if>
		<!-- 销售人员 -->
		<if test="salerId != null" >
		  salerId = #{salerId,jdbcType=BIGINT},
		</if>
		<!-- 详细地址 -->
		<if test="address != null" >
		  address = #{address,jdbcType=VARCHAR},
		</if>
		<!-- 区 -->
		<if test="areaId != null" >
		  areaId = #{areaId,jdbcType=BIGINT},
		</if>
		<!-- 市 -->
		<if test="cityId != null" >
		  cityId = #{cityId,jdbcType=BIGINT},
		</if>
		<!-- 省 -->
		<if test="provinceId != null" >
		  provinceId = #{provinceId,jdbcType=BIGINT},
		</if>
		<!-- 邮箱 -->
		<if test="email != null" >
		  email = #{email,jdbcType=VARCHAR},
		</if>
		<!-- 联系电话 -->
		<if test="tel != null" >
		  tel = #{tel,jdbcType=VARCHAR},
		</if>
		<!-- 联系人 -->
		<if test="contacts != null" >
		  contacts = #{contacts,jdbcType=VARCHAR},
		</if>
		<!-- 机构名称 -->
		<if test="oname != null" >
		  oname = #{oname,jdbcType=VARCHAR},
		</if>
		<!-- 修改日期 -->
		<if test="modifytime != null">
			modifytime = #{modifytime,jdbcType=TIMESTAMP},
		</if>
		<!-- 修改人 -->
		<if test="modifier != null">
			modifier = #{modifier,jdbcType=BIGINT},
		</if>
		<!-- 备注 -->
		<if test="remark != null">
			remark = #{remark,jdbcType=VARCHAR},
		</if>
		</set>
		where id = #{item.id,jdbcType=INTEGER}
     </foreach>  
  </update>  
  
  <delete id="delete" parameterType="java.lang.Long" >
    delete from ts_OrgCustomer
    where id = #{id,jdbcType=INTEGER}
  </delete>
  
  <!-- 根据指定的参数，删除实体 -->
  <delete id="deleteByPars" parameterType="map" >
    delete from ts_OrgCustomer
     where 1=1 
     
      <if test="id != null" >
        and id = #{id,jdbcType=INTEGER}
      </if>
       
     <if test="name != null" >
        and name like '%' || #{name,jdbcType=VARCHAR} || '%'
      </if>
       <if test="phone != null" >
        and phone = #{name,jdbcType=VARCHAR}
      </if>
  </delete>
  
   <delete id="deleteByIds" >
    delete from ts_OrgCustomer
    where id in (${ids})
  </delete>
  
  <!-- 删除所有数据 -->
  <delete id="deleteAll" >
    delete from ts_OrgCustomer
  </delete>
  
  <!-- 根据ID禁用或启用数据-->
  <update id="enabled">
    update ts_OrgCustomer
    <set>
        isenabled = #{isenabled,jdbcType=INTEGER}
    </set>
    where id=#{id,jdbcType=INTEGER}
  </update>

	<!-- 根据ID禁用或启用数据-->
	<update id="enabledByPars" parameterType="map">
		update ts_OrgCustomer
		<set>
			isenabled = #{isenabled,jdbcType=INTEGER},
			<!-- 备注 -->
			<if test="remark != null" >
				remark = #{remark,jdbcType=VARCHAR},
			</if>
			<!-- 修改人 -->
			<if test="modifier != null" >
				modifier = #{modifier},
			</if>

			<!-- 修改时间 -->
			<if test="modifytime != null" >
				modifytime = #{modifytime,jdbcType=TIMESTAMP},
			</if>
		</set>
		where 1=1

		<if test="id != null" >
			and id = #{id,jdbcType=INTEGER}
		</if>

		<if test="ids != null" >
			and id in (${ids})
		</if>

	</update>
  
   <!-- 根据多个ID禁用或启用数据-->
  <update id="enabledByIds">
    update ts_OrgCustomer
    <set>
        isenabled = #{isenabled,jdbcType=INTEGER}
    </set>
    where id in (${ids})
  </update>
  
</mapper>
