<?xml version="1.0" encoding="UTF-8" ?>
<!DOCTYPE mapper PUBLIC "-//mybatis.org//DTD Mapper 3.0//EN" "http://mybatis.org/dtd/mybatis-3-mapper.dtd" >
<mapper namespace="com.cmw.dao.ProdDiscountDao" >
  <resultMap id="BaseResultMap" type="com.cmw.entity.ProdDiscountEntity" >
  	<id column="id" property="id" jdbcType="BIGINT" />
  	<!-- 产品ID -->
  	<result column="productId" property="productId" jdbcType="BIGINT"/>
	<!-- 失效日期 -->
	<result column="expireDate" property="expireDate" jdbcType="TIMESTAMP"/>
	<!-- 生效日期 -->
	<result column="effectiveDate" property="effectiveDate" jdbcType="TIMESTAMP"/>
	<!-- 折扣率 -->
	<result column="rate" property="rate" jdbcType="FLOAT"/>
	<!-- 时长值 -->
	<result column="durationVal" property="durationVal" jdbcType="INTEGER"/>
	<!-- 比较方式 -->
	<result column="eqType" property="eqType" jdbcType="INTEGER"/>
	<!-- 打折方式 -->
	<result column="disType" property="disType" jdbcType="INTEGER"/>
	<!-- 优惠方式 -->
	<result column="preWay" property="preWay" jdbcType="TINYINT"/>
	<!-- 折扣名称 -->
	<result column="dname" property="dname" jdbcType="VARCHAR"/>
	<!-- 产品ID -->
	<result column="productId" property="productId" jdbcType="BIGINT"/>
	  <!-- 折扣编号 -->
	  <result column="code" property="code" jdbcType="VARCHAR"/>
	  <!-- 创建人 -->
	  <result column="creator" property="creator" jdbcType="BIGINT"/>
	  <!-- 创建时间 -->
	  <result column="createTime" property="createTime" jdbcType="TIMESTAMP"/>
	  <!-- 创建机构 -->
	  <result column="orgid" property="orgid" jdbcType="BIGINT"/>
	  <!-- 创建部门 -->
	  <result column="deptId" property="deptId" jdbcType="BIGINT"/>
	  <!-- 可用标识 -->
	  <result column="isenabled" property="isenabled" jdbcType="TINYINT"/>
	  <!-- 修改日期 -->
	  <result column="modifytime" property="modifytime" jdbcType="TIMESTAMP"/>
	  <!-- 修改人 -->
	  <result column="modifier" property="modifier" jdbcType="BIGINT"/>
	  <!-- 备注 -->
	  <result column="remark" property="remark" jdbcType="VARCHAR"/>
  </resultMap>
  <sql id="Base_Column_List" >
 	id,expireDate,effectiveDate,rate,durationVal,eqType,disType,preWay,dname,code,productId,creator,createTime,orgid,deptId,isenabled,modifytime,modifier,remark
  </sql>
  
  <select id="get" resultMap="BaseResultMap" parameterType="java.lang.Long">
   	select 
   	 <include refid="Base_Column_List" />
    from ts_ProdDiscount
    where id = #{id,jdbcType=INTEGER}
  </select>

  <select id="getByPars" resultMap="BaseResultMap">
   	select 
   	 <include refid="Base_Column_List" />
    from ts_ProdDiscount as A where A.isenabled=1
    <!-- 产品ID -->
	<if test="productId != null">
		and A.productId = #{productId}
	</if>
	  <!-- 业务标识：获取计算折扣金额的记录 -->
	  <if test="bussTag != null">
		  and A.durationVal &lt;= #{durationVal}
		  and (A.effectiveDate &lt;= #{today} and A.expireDate &gt;= #{today})
		  order by A.durationVal desc limit 1
	  </if>
  </select>
  
   <select id="getList" resultMap="BaseResultMap">
   	select 
   	 <include refid="Base_Column_List" />
    from ts_ProdDiscount where 1=1 
    <!-- 
     <if test="name != null" >
         and name like '%' || #{name,jdbcType=VARCHAR} || '%'
      </if>
       <if test="age != null" >
        and age = #{age}
      </if>
     -->
  </select>
  
  <select id="getListMap" resultType="java.util.HashMap">
   	 select 
   	 <include refid="Base_Column_List" />
     from ts_ProdDiscount where isenabled=1
	  <if test="productId != null" >
		  and productId = #{productId}
	  </if>
  </select>
  
  
  <select id="getListAll" resultMap="BaseResultMap">
   	select 
   	 <include refid="Base_Column_List" />
    from ts_ProdDiscount where 1=1 
  </select>
  
  
  <select id="getPageByPars" resultMap="BaseResultMap">
   	select 
   	 <include refid="Base_Column_List" />
    from ts_ProdDiscount where isenabled=1
	  <if test="productId != null" >
		  and productId = #{productId}
	  </if>
       order by id desc 
        <if test="offset!=null and pageSize!=null">  
	        limit #{offset},#{pageSize}
	    </if>
  </select>
  
  <!-- 获取总记录数 -->
  <select id="getTotals" resultType="java.lang.Long">
   	select count(1) as totalCount from ts_ProdDiscount where 1=1 
  </select>
  
   <!-- 根据参数获取总记录数 -->
  <select id="getTotalsByPars" resultType="java.lang.Long" parameterType="java.util.Map">
   	select count(1) as totalCount from ts_ProdDiscount where 1=1 
   	 <!-- 
     <if test="name != null" >
         and name like '%' || #{name,jdbcType=VARCHAR} || '%'
      </if>
       <if test="age != null" >
        and age = #{age}
      </if>
     -->
  </select>
  
  
  <!-- 获取最大ID -->
  <select id="getMaxID"  resultType="java.lang.Long">
   	select max(id) as maxId from ts_ProdDiscount where 1=1 
  </select>
  
  <insert id="insert" useGeneratedKeys="true" keyProperty="id" parameterType="com.cmw.entity.ProdDiscountEntity" >
      insert into ts_ProdDiscount (expireDate,effectiveDate,rate,durationVal,eqType,disType,preWay,dname,
      productId,code,creator,createTime,orgid,deptId,isenabled,remark)
    values (#{expireDate,jdbcType=TIMESTAMP},#{effectiveDate,jdbcType=TIMESTAMP},#{rate,jdbcType=FLOAT},#{durationVal,jdbcType=INTEGER},#{eqType,jdbcType=INTEGER},#{disType,jdbcType=INTEGER},#{preWay,jdbcType=TINYINT},#{dname,jdbcType=VARCHAR},
    #{productId,jdbcType=BIGINT},#{code,jdbcType=VARCHAR},#{creator,jdbcType=BIGINT},#{createTime,jdbcType=TIMESTAMP},#{orgid,jdbcType=BIGINT},#{deptId,jdbcType=BIGINT},#{isenabled,jdbcType=TINYINT},#{remark,jdbcType=VARCHAR})
  </insert>
  
  <insert id="batchInsert" parameterType="List" useGeneratedKeys="true" keyProperty="id">
	 insert into ts_ProdDiscount (expireDate,effectiveDate,rate,durationVal,eqType,disType,preWay,dname,
	 productId,code,creator,createTime,orgid,deptId,isenabled,remark) values
	  <foreach item="item" collection="list" separator=",">
	    (#{expireDate,jdbcType=TIMESTAMP},#{effectiveDate,jdbcType=TIMESTAMP},#{rate,jdbcType=FLOAT},#{durationVal,jdbcType=INTEGER},#{eqType,jdbcType=INTEGER},#{disType,jdbcType=INTEGER},
	    #{preWay,jdbcType=TINYINT},#{dname,jdbcType=VARCHAR},
	    #{productId,jdbcType=BIGINT},#{code,jdbcType=VARCHAR},#{creator,jdbcType=BIGINT},#{createTime,jdbcType=TIMESTAMP},#{orgid,jdbcType=BIGINT},#{deptId,jdbcType=BIGINT},#{isenabled,jdbcType=TINYINT},#{remark,jdbcType=VARCHAR})
	  </foreach>
  </insert>
  
   <update id="update" parameterType="com.cmw.entity.ProdDiscountEntity" >
    update ts_ProdDiscount
    <set>
		<!-- 失效日期 -->
		<if test="expireDate != null" >
		  expireDate = #{expireDate,jdbcType=TIMESTAMP},
		</if>
		<!-- 生效日期 -->
		<if test="effectiveDate != null" >
		  effectiveDate = #{effectiveDate,jdbcType=TIMESTAMP},
		</if>
		<!-- 折扣率 -->
		<if test="rate != null" >
		  rate = #{rate,jdbcType=FLOAT},
		</if>
		<!-- 时长值 -->
		<if test="durationVal != null" >
		  durationVal = #{durationVal,jdbcType=INTEGER},
		</if>
		<!-- 比较方式 -->
		<if test="eqType != null" >
		  eqType = #{eqType,jdbcType=INTEGER},
		</if>
		<!-- 打折方式 -->
		<if test="disType != null" >
		  disType = #{disType,jdbcType=INTEGER},
		</if>
		<!-- 优惠方式 -->
		<if test="preWay != null" >
		  preWay = #{preWay,jdbcType=TINYINT},
		</if>
		<!-- 折扣名称 -->
		<if test="dname != null" >
		  dname = #{dname,jdbcType=VARCHAR},
		</if>
		<!-- 产品ID -->
		<if test="productId != null" >
			productId = #{productId,jdbcType=BIGINT},
		</if>
		<!-- 折扣编号 -->
		<if test="code != null" >
		  code = #{code,jdbcType=VARCHAR},
		</if>
		 <!-- 修改日期 -->
		<if test="modifytime != null">
			modifytime = #{modifytime,jdbcType=TIMESTAMP},
		</if>
		<!-- 修改人 -->
		<if test="modifier != null">
			modifier = #{modifier,jdbcType=BIGINT},
		</if>
		<!-- 备注 -->
		<if test="remark != null">
			remark = #{remark,jdbcType=VARCHAR},
		</if>
    </set>
    where id = #{id,jdbcType=INTEGER}
  </update>
  
   <update id="updateByPars" parameterType="map">
    update ts_ProdDiscount
    <set>
		<!-- 失效日期 -->
		<if test="expireDate != null" >
		  expireDate = #{expireDate,jdbcType=TIMESTAMP},
		</if>
		<!-- 生效日期 -->
		<if test="effectiveDate != null" >
		  effectiveDate = #{effectiveDate,jdbcType=TIMESTAMP},
		</if>
		<!-- 折扣率 -->
		<if test="rate != null" >
		  rate = #{rate,jdbcType=FLOAT},
		</if>
		<!-- 时长值 -->
		<if test="durationVal != null" >
		  durationVal = #{durationVal,jdbcType=INTEGER},
		</if>
		<!-- 比较方式 -->
		<if test="eqType != null" >
		  eqType = #{eqType,jdbcType=INTEGER},
		</if>
		<!-- 打折方式 -->
		<if test="disType != null" >
		  disType = #{disType,jdbcType=INTEGER},
		</if>
		<!-- 优惠方式 -->
		<if test="preWay != null" >
		  preWay = #{preWay,jdbcType=TINYINT},
		</if>
		<!-- 折扣名称 -->
		<if test="dname != null" >
		  dname = #{dname,jdbcType=VARCHAR},
		</if>
		<!-- 产品ID -->
		<if test="productId != null" >
			productId = #{productId,jdbcType=BIGINT},
		</if>
		<!-- 折扣编号 -->
		<if test="code != null" >
			code = #{code,jdbcType=VARCHAR},
		</if>
		<!-- 修改日期 -->
		<if test="modifytime != null">
			modifytime = #{modifytime,jdbcType=TIMESTAMP},
		</if>
		<!-- 修改人 -->
		<if test="modifier != null">
			modifier = #{modifier,jdbcType=BIGINT},
		</if>
		<!-- 备注 -->
		<if test="remark != null">
			remark = #{remark,jdbcType=VARCHAR},
		</if>
    </set>
    where 1=1 
     <!-- where 条件参数必须加上 par_+wherePars参数key -->
     <!-- 
      <if test="par_id != null" >
        and id = #{par_id}
      </if>
       
     <if test="par_name != null" >
         and name like '%' || #{par_name,jdbcType=VARCHAR} || '%'
      </if>
       <if test="par_phone != null" >
        and phone = '${par_phone}'
      </if>
      -->
  </update>
  
  
  <update id="batchUpdate"  parameterType="java.util.List">  
      <foreach collection="list" item="item" index="index" open="" close="" separator=";">  
		update ts_ProdDiscount
		<set>
		<!-- 失效日期 -->
		<if test="expireDate != null" >
		  expireDate = #{expireDate,jdbcType=TIMESTAMP},
		</if>
		<!-- 生效日期 -->
		<if test="effectiveDate != null" >
		  effectiveDate = #{effectiveDate,jdbcType=TIMESTAMP},
		</if>
		<!-- 折扣率 -->
		<if test="rate != null" >
		  rate = #{rate,jdbcType=FLOAT},
		</if>
		<!-- 时长值 -->
		<if test="durationVal != null" >
		  durationVal = #{durationVal,jdbcType=INTEGER},
		</if>
		<!-- 比较方式 -->
		<if test="eqType != null" >
		  eqType = #{eqType,jdbcType=INTEGER},
		</if>
		<!-- 打折方式 -->
		<if test="disType != null" >
		  disType = #{disType,jdbcType=INTEGER},
		</if>
		<!-- 优惠方式 -->
		<if test="preWay != null" >
		  preWay = #{preWay,jdbcType=TINYINT},
		</if>
		<!-- 折扣名称 -->
		<if test="dname != null" >
		  dname = #{dname,jdbcType=VARCHAR},
		</if>
		<!-- 产品ID -->
		<if test="productId != null" >
			productId = #{productId,jdbcType=BIGINT},
		</if>
		<!-- 折扣编号 -->
		<if test="code != null" >
			code = #{code,jdbcType=VARCHAR},
		</if>
		<!-- 修改日期 -->
		<if test="modifytime != null">
			modifytime = #{modifytime,jdbcType=TIMESTAMP},
		</if>
		<!-- 修改人 -->
		<if test="modifier != null">
			modifier = #{modifier,jdbcType=BIGINT},
		</if>
		<!-- 备注 -->
		<if test="remark != null">
			remark = #{remark,jdbcType=VARCHAR},
		</if>
		</set>
		where id = #{item.id,jdbcType=INTEGER}
     </foreach>  
  </update>  
  
  <delete id="delete" parameterType="java.lang.Long" >
    delete from ts_ProdDiscount
    where id = #{id,jdbcType=INTEGER}
  </delete>
  
  <!-- 根据指定的参数，删除实体 -->
  <delete id="deleteByPars" parameterType="map" >
    delete from ts_ProdDiscount
     where 1=1 
     
      <if test="id != null" >
        and id = #{id,jdbcType=INTEGER}
      </if>
       
     <if test="name != null" >
        and name like '%' || #{name,jdbcType=VARCHAR} || '%'
      </if>
       <if test="phone != null" >
        and phone = #{name,jdbcType=VARCHAR}
      </if>
  </delete>
  
   <delete id="deleteByIds" >
    delete from ts_ProdDiscount
    where id in (${ids})
  </delete>
  
  <!-- 删除所有数据 -->
  <delete id="deleteAll" >
    delete from ts_ProdDiscount
  </delete>
  
  <!-- 根据ID禁用或启用数据-->
  <update id="enabled">
    update ts_ProdDiscount
    <set>
        isenabled = #{isenabled,jdbcType=INTEGER}
    </set>
    where id=#{id,jdbcType=INTEGER}
  </update>
  
   <!-- 根据ID禁用或启用数据-->
  <update id="enabledByPars" parameterType="map">
    update ts_ProdDiscount
	  <set>
		  isenabled = #{isenabled,jdbcType=INTEGER},
		  <!-- 备注 -->
		  <if test="remark != null" >
			  remark = #{remark,jdbcType=VARCHAR},
		  </if>
		  <!-- 修改人 -->
		  <if test="modifier != null" >
			  modifier = #{modifier},
		  </if>

		  <!-- 修改时间 -->
		  <if test="modifytime != null" >
			  modifytime = #{modifytime,jdbcType=TIMESTAMP},
		  </if>
	  </set>
	  where 1=1

	  <if test="id != null" >
		  and id = #{id,jdbcType=INTEGER}
	  </if>

	  <if test="ids != null" >
		  and id in (${ids})
	  </if>

  </update>
  
   <!-- 根据多个ID禁用或启用数据-->
  <update id="enabledByIds">
    update ts_ProdDiscount
    <set>
        isenabled = #{isenabled,jdbcType=INTEGER}
    </set>
    where id in (${ids})
  </update>
  
</mapper>
