<?xml version="1.0" encoding="UTF-8" ?>
<!DOCTYPE mapper PUBLIC "-//mybatis.org//DTD Mapper 3.0//EN" "http://mybatis.org/dtd/mybatis-3-mapper.dtd" >
<mapper namespace="com.cmw.dao.RegionDao">
    
    <!--
        地区
        @Author 肖家添
        @Date 2019/5/14 16:19
    -->
    
    <resultMap id="BaseResultMap" type="com.cmw.entity.RegionEntity" extends="com.mybatis.BaseMapper.BaseResultMap">
        <id column="id" property="id" jdbcType="BIGINT"/>
        <!-- 韩文名称 -->
        <result column="koname" property="koname" jdbcType="VARCHAR"/>
        <!-- 法文名称 -->
        <result column="fname" property="fname" jdbcType="VARCHAR"/>
        <!-- 繁体中文名称 -->
        <result column="twname" property="twname" jdbcType="VARCHAR"/>
        <!-- 日文名称 -->
        <result column="jname" property="jname" jdbcType="VARCHAR"/>
        <!-- 英文名称 -->
        <result column="ename" property="ename" jdbcType="VARCHAR"/>
        <!-- 城市ID -->
        <result column="cityId" property="cityId" jdbcType="BIGINT"/>
        <!-- 是否默认显示 -->
        <result column="isdefault" property="isdefault" jdbcType="INTEGER"/>
        <!-- 地区名称 -->
        <result column="name" property="name" jdbcType="VARCHAR"/>
        <!-- 编号 -->
        <result column="code" property="code" jdbcType="VARCHAR"/>
    </resultMap>

    <sql id="Base_Column_List">
        id, koname, fname, twname, jname, ename, cityId, isdefault, `name`, code
    </sql>

    <sql id="Base_Entity_Column">
        orgid, deptId, isenabled, remark, creator, createTime, modifier, modifytime
    </sql>

    <sql id="Base_Table">
        ts_Region
    </sql>

    <!--
        获取地区
        @Author 肖家添
        @Date 2019/5/14 16:20
    -->
    <select id="getListMap" resultType="java.util.Map">
        select id as `value`, `name` as `label`
        from
        <include refid="Base_Table"/>
        where 1 = 1
        <!-- 数据状态 -->
        <if test="isEnabled != null">
            and isEnabled = #{isEnabled}
        </if>
        <!-- 城市Id -->
        <if test="cityId != null">
            and cityId = #{cityId}
        </if>
    </select>

    <insert id="insert" useGeneratedKeys="true" keyProperty="id" parameterType="com.cmw.entity.RegionEntity" >
        INSERT INTO `ts_region`
        (
        `id`, `createTime`, `creator`, `deptId`,
        `isenabled`, `modifier`, `modifytime`, `orgid`, `remark`,
        `cityId`, `code`, `ename`, `fname`, `isdefault`,
        `jname`, `koname`, `name`, `twname`
        )
        VALUES
        (
        #{id},#{createTime},#{creator},#{deptId},
        #{isenabled},#{modifier},#{modifytime},#{orgid},#{remark},
        #{cityId},#{code},#{ename},#{fname},#{isdefault},
        #{jname},#{koname},#{name},#{twname}
        )
    </insert>
</mapper>
