<?xml version="1.0" encoding="UTF-8" ?>
<!DOCTYPE mapper PUBLIC "-//mybatis.org//DTD Mapper 3.0//EN" "http://mybatis.org/dtd/mybatis-3-mapper.dtd" >
<mapper namespace="com.cmw.dao.RightDao">

    <!--
        菜单权限
        @Author 肖家添
        @Date 2019/5/10 11:07
    -->

    <resultMap id="BaseResultMap" type="com.cmw.entity.RightEntity">
        <id column="id" property="id" jdbcType="BIGINT"/>
        <!-- 卡片/菜单/模块ID -->
        <result column="mmId" property="mmId" jdbcType="BIGINT"/>
        <!-- 权限类型 -->
        <result column="type" property="type" jdbcType="INTEGER"/>
        <!-- 角色ID -->
        <result column="roleId" property="roleId" jdbcType="BIGINT"/>
        <!-- 对象类型 -->
        <result column="objtype" property="objtype" jdbcType="INTEGER"/>
    </resultMap>

    <sql id="Base_Column_List">
        id, mmId, `type`, roleId, objtype
    </sql>
    <sql id="Base_Table">
        ts_Right
    </sql>

    <!--
        GET
        @Author 肖家添
        @Date 2019/5/10 11:38
    -->
    <select id="get" resultMap="BaseResultMap" parameterType="java.lang.Long">
        select
        <include refid="Base_Column_List"/>
        from
        <include refid="Base_Table"/>
        where id = #{id,jdbcType=INTEGER}
    </select>

    <!--
        获取权限列表
        @Author 肖家添
        @Date 2019/5/11 10:04
    -->
    <select id="getList" resultMap="BaseResultMap" parameterType="java.util.Map">
        select
        trt.*
        from
        <include refid="Base_Table"/> trt
        inner join ts_menu tmu on tmu.id = trt.mmId
        where 1 = 1
        and tmu.isenabled = 1
        and tmu.type = 2
        <if test="roleId != null">
          and roleId = #{roleId}
        </if>
    </select>

    <!--
        获取总记录数
        @Author 肖家添
        @Date 2019/5/12 19:15
    -->
    <select id="getTotalsByPars" resultType="java.lang.Long" parameterType="java.util.Map">
        select count(id) as totalCount
        from
        <include refid="Base_Table"/>
        where 1 = 1
        <if test="roleId != null">
            and roleId = #{roleId}
        </if>
    </select>

    <!--
        新增
        @Author 肖家添
        @Date 2019/5/10 11:10
    -->
    <insert id="insert" useGeneratedKeys="true" keyProperty="id" parameterType="com.cmw.entity.RightEntity">
        insert into
        <include refid="Base_Table"/>
        (
            <include refid="Base_Column_List"/>
        )
        values
        (
            #{id}, #{mmId}, #{type}, #{roleId}, #{objtype}
        )
    </insert>

    <!-- 批量新增 -->
    <insert id="batchInsert" parameterType="List" useGeneratedKeys="true" keyProperty="id">
        insert into
        <include refid="Base_Table"/>
        (
        <include refid="Base_Column_List"/>
        )
        values
        <foreach item="item" collection="list" separator=",">
            (
              #{item.id}, #{item.mmId}, #{item.type}, #{item.roleId}, #{item.objtype}
            )
        </foreach>
    </insert>

    <!--
        更新
        @Author 肖家添
        @Date 2019/5/10 11:11
    -->
    <update id="update" parameterType="com.cmw.entity.RightEntity">
        update
        <include refid="Base_Table"/>
        <trim prefix="set" suffixOverrides=",">
            <!-- 卡片/菜单/模块ID -->
            <if test="mmId != null">
                mmId = #{mmId},
            </if>
            <!-- 权限类型 -->
            <if test="type != null">
                type = #{type},
            </if>
            <!-- 角色ID -->
            <if test="roleId != null">
                roleId = #{roleId},
            </if>
            <!-- 对象类型 -->
            <if test="objtype != null">
                objtype = #{objtype},
            </if>
        </trim>
        where id = #{id}
    </update>

    <!--
        删除
        @Author 肖家添
        @Date 2019/5/10 19:23
    -->
    <delete id="deleteByPars" parameterType="map">
        <if test="roleId != null">
            delete from
            <include refid="Base_Table"/>
            where roleId = #{roleId}
        </if>
    </delete>

</mapper>
