<?xml version="1.0" encoding="UTF-8" ?>
<!DOCTYPE mapper PUBLIC "-//mybatis.org//DTD Mapper 3.0//EN" "http://mybatis.org/dtd/mybatis-3-mapper.dtd" >
<mapper namespace="com.cmw.dao.RoleDao">

    <resultMap id="BaseResultMap" type="com.cmw.entity.RoleEntity" extends="com.mybatis.BaseMapper.FullResultMap">
        <id column="id" property="id" jdbcType="BIGINT"/>
        <!-- 角色名称 -->
        <result column="name" property="name" jdbcType="VARCHAR"/>
        <!-- 角色编号 -->
        <result column="code" property="code" jdbcType="VARCHAR"/>
    </resultMap>

    <sql id="Base_Column_List">
        id, name, code
    </sql>

    <!--
        菜单权限 ==> 获取角色列表
        @Author 肖家添
        @Date 2019/5/12 14:13
    -->
    <select id="getRoleForRightMenu" resultType="java.util.Map">
        select tre.id as `key`, tre.`name` as title
        from ts_role tre
        where tre.isenabled = 1
        order by tre.createTime asc
    </select>

    <select id="get" resultMap="BaseResultMap" parameterType="java.lang.Long">
        select
        <include refid="Base_Column_List"/>
        from ts_Role
        where id = #{id,jdbcType=INTEGER}
    </select>

    <select id="getByPars" resultMap="BaseResultMap">
        select
        <include refid="Base_Column_List"/>
        from ts_Role where 1=1
        <if test="code != null" >
            and code =#{code,jdbcType=VARCHAR}
        </if>
    </select>

    <select id="getList" resultMap="BaseResultMap">
        select
        <include refid="Base_Column_List"/>
        from ts_Role where 1=1

         <if test="name != null" >
             and name =#{name,jdbcType=VARCHAR}
          </if>
          and isenabled =1
        <if test="codes != null" >
            and code in (${codes})
        </if>
    </select>

    <select id="getListMap" resultType="java.util.HashMap">
        select
        <include refid="Base_Column_List"/>
        from ts_Role where 1 = 1

        <if test="name != null">
            and name like '%' #{name} '%'
        </if>

        <if test="appendSQL != null">
            ${appendSQL}
        </if>
    </select>


    <select id="getListAll" resultMap="BaseResultMap">
        select
        <include refid="Base_Column_List"/>
        from ts_Role where 1=1
    </select>


    <select id="getPageByPars" resultMap="BaseResultMap">
        SELECT
        A.id,
        A.code,
        A.name,
        A.remark
        from ts_Role as A
        where A.isenabled=1
        <if test="rightCondition != null">
            ${rightCondition}
        </if>
        <if test="name != null" >
            and A.name like CONCAT('%',#{name},'%')
        </if>
        order by A.id desc
        <if test="offset!=null and pageSize!=null">
            limit #{offset},#{pageSize}
        </if>

    </select>

    <!-- 获取总记录数 -->
    <select id="getTotals" resultType="java.lang.Long">
   	select count(1) as totalCount from ts_Role where 1=1 
  </select>

    <!-- 根据参数获取总记录数 -->
    <select id="getTotalsByPars" resultType="java.lang.Long" parameterType="java.util.Map">
        select count(1) as totalCount from ts_Role where 1=1
        <!--
     <if test="name != null" >
         and name like '%' || #{name,jdbcType=VARCHAR} || '%'
      </if>
       <if test="age != null" >
        and age = #{age}
      </if>
     -->
    </select>


    <!-- 获取最大ID -->
    <select id="getMaxID" resultType="java.lang.Long">
   	select max(id) as maxId from ts_Role where 1=1 
  </select>

    <insert id="insert" useGeneratedKeys="true" keyProperty="id" parameterType="com.cmw.entity.RoleEntity">
        insert into ts_Role (name,code,creator,createTime,orgid,deptId,isenabled,remark)
        values (#{name,jdbcType=VARCHAR},#{code,jdbcType=VARCHAR},
        #{creator,jdbcType=BIGINT},#{createTime,jdbcType=TIMESTAMP},
        #{orgid,jdbcType=BIGINT},#{deptId,jdbcType=BIGINT},#{isenabled,jdbcType=TINYINT},
        #{remark,jdbcType=VARCHAR})
        <!--
        insert into student (name, age, phone)
        values (#{name,jdbcType=VARCHAR}, #{age,jdbcType=INTEGER}, #{phone,jdbcType=VARCHAR})
        -->
    </insert>

    <insert id="batchInsert" parameterType="List" useGeneratedKeys="true" keyProperty="id">
        insert into ts_Role (name,code) values
        <foreach item="item" collection="list" separator=",">
            (#{name,jdbcType=VARCHAR},#{code,jdbcType=VARCHAR})
        </foreach>
        <!--
          insert into ts_Role (name, age, phone) values
          <foreach item="item" collection="list" separator=",">
            (#{item.name}, #{item.age}, #{item.phone})
          </foreach>
          -->
    </insert>

    <update id="update" parameterType="com.cmw.entity.RoleEntity">
        update ts_Role
        <set>
            <!-- 角色名称 -->
            <if test="name != null">
                name = #{name,jdbcType=VARCHAR},
            </if>
            <!-- 角色编号 -->
            <if test="code != null">
                code = #{code,jdbcType=VARCHAR},
            </if>

            <!--
              <if test="name != null" >
                name = #{name,jdbcType=VARCHAR},
              </if>
               <if test="age != null" >
                age = #{age,jdbcType=INTEGER},
              </if>
               <if test="phone != null" >
                phone = #{phone,jdbcType=VARCHAR},
              </if>
              -->
        </set>
        where id = #{id,jdbcType=INTEGER}
    </update>

    <update id="updateByPars" parameterType="map">
        update ts_Role
        <set>
            <!-- 角色名称 -->
            <if test="name != null">
                name = #{name,jdbcType=VARCHAR},
            </if>
            <!-- 角色编号 -->
            <if test="code != null">
                code = #{code,jdbcType=VARCHAR},
            </if>

            <!--
              <if test="name != null" >
                name = #{name,jdbcType=VARCHAR},
              </if>
               <if test="age != null" >
                age = #{age,jdbcType=INTEGER},
              </if>
               <if test="phone != null" >
                phone = #{phone,jdbcType=VARCHAR},
              </if>
              -->
        </set>
        where 1=1
        <!-- where 条件参数必须加上 par_+wherePars参数key -->
        <!--
         <if test="par_id != null" >
           and id = #{par_id}
         </if>

        <if test="par_name != null" >
            and name like '%' || #{par_name,jdbcType=VARCHAR} || '%'
         </if>
          <if test="par_phone != null" >
           and phone = '${par_phone}'
         </if>
         -->
    </update>


    <update id="batchUpdate" parameterType="java.util.List">
        <foreach collection="list" item="item" index="index" open="" close="" separator=";">
            update ts_Role
            <set>
                <!-- 角色名称 -->
                <if test="name != null">
                    name = #{name,jdbcType=VARCHAR},
                </if>
                <!-- 角色编号 -->
                <if test="code != null">
                    code = #{code,jdbcType=VARCHAR},
                </if>

                <!--
                  <if test="name != null" >
                    name = #{name,jdbcType=VARCHAR},
                  </if>
                   <if test="age != null" >
                    age = #{age,jdbcType=INTEGER},
                  </if>
                   <if test="phone != null" >
                    phone = #{phone,jdbcType=VARCHAR},
                  </if>
                  -->
            </set>
            where id = #{item.id,jdbcType=INTEGER}
        </foreach>
    </update>

    <delete id="delete" parameterType="java.lang.Long">
    delete from ts_Role
    where id = #{id,jdbcType=INTEGER}
  </delete>

    <!-- 根据指定的参数，删除实体 -->
    <delete id="deleteByPars" parameterType="map">
        delete from ts_Role
        where 1=1

        <if test="id != null">
            and id = #{id,jdbcType=INTEGER}
        </if>

        <if test="name != null">
            and name like '%' || #{name,jdbcType=VARCHAR} || '%'
        </if>
        <if test="phone != null">
            and phone = #{name,jdbcType=VARCHAR}
        </if>
    </delete>

    <delete id="deleteByIds">
    delete from ts_Role
    where id in (${ids})
  </delete>

    <!-- 删除所有数据 -->
    <delete id="deleteAll">
    delete from ts_Role
  </delete>

    <!-- 根据ID禁用或启用数据-->
    <update id="enabled">
        update ts_Role
        <set>
            isenabled = #{isenabled,jdbcType=INTEGER}
        </set>
        where id=#{id,jdbcType=INTEGER}
    </update>

    <!-- 根据ID禁用或启用数据-->
    <update id="enabledByPars" parameterType="map">
        update ts_Role
        <set>
            isenabled = #{isenabled,jdbcType=INTEGER}
        </set>
        where 1=1

        <if test="id != null">
            and id = #{id,jdbcType=INTEGER}
        </if>

        <if test="name != null">
            and name like '%' || #{name,jdbcType=VARCHAR} || '%'
        </if>
        <if test="phone != null">
            and phone = #{name,jdbcType=VARCHAR}
        </if>

    </update>

    <!-- 根据多个ID禁用或启用数据-->
    <update id="enabledByIds">
        update ts_Role
        <set>
            isenabled = #{isenabled,jdbcType=INTEGER}
        </set>
        where id in (${ids})
    </update>

</mapper>
