<?xml version="1.0" encoding="UTF-8" ?>
<!DOCTYPE mapper PUBLIC "-//mybatis.org//DTD Mapper 3.0//EN" "http://mybatis.org/dtd/mybatis-3-mapper.dtd" >
<mapper namespace="com.cmw.dao.SaasProdDao" >
  <resultMap id="BaseResultMap" type="com.cmw.entity.SaasProdEntity" >
  	<id column="id" property="id" jdbcType="BIGINT" />
	<!-- 所属系统 -->
	<result column="ownerSystemId" property="ownerSystemId" jdbcType="BIGINT"/>
	<!-- 产品价格 -->
	<result column="price" property="price" jdbcType="DECIMAL"/>
	<!-- 产品名称 -->
	<result column="pname" property="pname" jdbcType="VARCHAR"/>
	<!-- 产品编号 -->
	<result column="code" property="code" jdbcType="VARCHAR"/>
      <!-- 创建人 -->
      <result column="creator" property="creator" jdbcType="BIGINT"/>
      <!-- 创建时间 -->
      <result column="createTime" property="createTime" jdbcType="TIMESTAMP"/>
      <!-- 创建机构 -->
      <result column="orgid" property="orgid" jdbcType="BIGINT"/>
      <!-- 创建部门 -->
      <result column="deptId" property="deptId" jdbcType="BIGINT"/>
      <!-- 可用标识 -->
      <result column="isenabled" property="isenabled" jdbcType="TINYINT"/>
      <!-- 修改日期 -->
      <result column="modifytime" property="modifytime" jdbcType="TIMESTAMP"/>
      <!-- 修改人 -->
      <result column="modifier" property="modifier" jdbcType="BIGINT"/>
      <!-- 备注 -->
      <result column="remark" property="remark" jdbcType="VARCHAR"/>
      <!-- 校区数量 -->
      <result column="schoolCount" property="schoolCount" jdbcType="INTEGER"/>
      <!-- 手续费率 -->
      <result column="freeRate" property="freeRate" jdbcType="FLOAT"/>
      <!-- 品牌自定义 -->
      <result column="brandFlag" property="brandFlag" jdbcType="TINYINT"/>
      <!-- 付款限制 -->
      <result column="payLimit" property="payLimit" jdbcType="TINYINT"/>
      <!-- 降级产品 -->
      <result column="dprodId" property="dprodId" jdbcType="BIGINT"/>
      <!-- 限免截止时间 -->
      <result column="nopayTime" property="nopayTime" jdbcType="TIMESTAMP"/>
  </resultMap>
  <sql id="Base_Column_List" >
 	id,ownerSystemId,price,pname,code,creator,createTime,orgid,deptId,isenabled,modifytime,modifier,remark,schoolCount,freeRate,brandFlag,payLimit,dprodId,nopayTime
  </sql>
  
  <select id="get" resultMap="BaseResultMap" parameterType="java.lang.Long">
   	select 
   	 <include refid="Base_Column_List" />
    from ts_SaasProd
    where id = #{id,jdbcType=INTEGER}
  </select>

  <select id="getByPars" resultMap="BaseResultMap">
   	select 
   	 <include refid="Base_Column_List" />
    from ts_SaasProd where 1=1
      <!--
          <if test="name != null" >
            and name like '%' || #{name,jdbcType=VARCHAR} || '%'
         </if>
          <if test="age != null" >
           and age = #{age}
         </if>
        -->
  </select>
  
   <select id="getList" resultMap="BaseResultMap">
   	select 
   	 <include refid="Base_Column_List" />
    from ts_SaasProd where 1=1 
    <!-- 
     <if test="name != null" >
         and name like '%' || #{name,jdbcType=VARCHAR} || '%'
      </if>
       <if test="age != null" >
        and age = #{age}
      </if>
     -->
  </select>
  
  <select id="getListMap" resultType="java.util.HashMap">
   	 select 
   	 <include refid="Base_Column_List" />
     from ts_SaasProd where 1=1
      <if test="isenabled != null">
          and isenabled=#{isenabled}
      </if>
      <if test="noId != null">
          and id != #{noId}
      </if>
     <!-- 
   	 <if test="name != null" >
         and name like '%' || #{name,jdbcType=VARCHAR} || '%'
      </if>
       <if test="age != null" >
        and age = #{age}
      </if>
     -->
  </select>
  
  
  <select id="getListAll" resultMap="BaseResultMap">
   	select 
   	 <include refid="Base_Column_List" />
    from ts_SaasProd where 1=1 
  </select>
  
  
  <select id="getPageByPars" resultType="java.util.HashMap">
   	select
      A.id,ownerSystemId,price,pname,code, B.userName as creator,A.createTime,A.isenabled,A.modifytime,A.modifier,A.remark
    from ts_SaasProd AS A inner join  ts_user as B  ON A.creator=B.userId  where A.isenabled >= 0
   	  <if test="pname != null" >
         and pname like CONCAT('%',#{pname},'%')
      </if>
       order by id desc 
        <if test="offset!=null and pageSize!=null">  
	        limit #{offset},#{pageSize}
	    </if>
  </select>
  
  <!-- 获取总记录数 -->
  <select id="getTotals" resultType="java.lang.Long">
   	select count(1) as totalCount from ts_SaasProd where 1=1 
  </select>
  
   <!-- 根据参数获取总记录数 -->
  <select id="getTotalsByPars" resultType="java.lang.Long" parameterType="java.util.Map">
   	select count(1) as totalCount from ts_SaasProd where isenabled >= 0
      <if test="pname != null" >
          and pname like '%' || #{pname,jdbcType=VARCHAR} || '%'
      </if>
  </select>
  
  
  <!-- 获取最大ID -->
  <select id="getMaxID"  resultType="java.lang.Long">
   	select max(id) as maxId from ts_SaasProd where 1=1 
  </select>
  
  <insert id="insert" useGeneratedKeys="true" keyProperty="id" parameterType="com.cmw.entity.SaasProdEntity" >
      insert into ts_SaasProd (ownerSystemId,price,pname,code,creator,createTime,orgid,deptId,isenabled,remark,
      schoolCount,freeRate,brandFlag,payLimit,dprodId,nopayTime)
    values (#{ownerSystemId,jdbcType=BIGINT},#{price,jdbcType=DECIMAL},#{pname,jdbcType=VARCHAR},#{code,jdbcType=VARCHAR},#{creator,jdbcType=BIGINT},#{createTime,jdbcType=TIMESTAMP},#{orgid,jdbcType=BIGINT},#{deptId,jdbcType=BIGINT},#{isenabled,jdbcType=TINYINT},#{remark,jdbcType=VARCHAR},
    #{schoolCount,jdbcType=INTEGER}, #{freeRate,jdbcType=FLOAT},#{brandFlag,jdbcType=TINYINT},#{payLimit,jdbcType=TINYINT},#{dprodId,jdbcType=BIGINT},#{nopayTime,jdbcType=TIMESTAMP})
  </insert>
  
  <insert id="batchInsert" parameterType="List" useGeneratedKeys="true" keyProperty="id">
	 insert into ts_SaasProd (ownerSystemId,price,pname,code,creator,createTime,orgid,deptId,isenabled,remark,
      schoolCount,freeRate,brandFlag,payLimit,dprodId,nopayTime) values
	  <foreach item="item" collection="list" separator=",">
	    (#{ownerSystemId,jdbcType=BIGINT},#{price,jdbcType=DECIMAL},#{pname,jdbcType=VARCHAR},#{code,jdbcType=VARCHAR},#{creator,jdbcType=BIGINT},#{createTime,jdbcType=TIMESTAMP},#{orgid,jdbcType=BIGINT},#{deptId,jdbcType=BIGINT},#{isenabled,jdbcType=TINYINT},#{remark,jdbcType=VARCHAR},
          #{schoolCount,jdbcType=INTEGER}, #{freeRate,jdbcType=FLOAT},#{brandFlag,jdbcType=TINYINT},#{payLimit,jdbcType=TINYINT},#{dprodId,jdbcType=BIGINT},#{nopayTime,jdbcType=TIMESTAMP})
	  </foreach>
  </insert>
  
   <update id="update" parameterType="com.cmw.entity.SaasProdEntity" >
    update ts_SaasProd
    <set>
        <!-- 所属系统 -->
		<if test="ownerSystemId != null" >
		  ownerSystemId = #{ownerSystemId,jdbcType=BIGINT},
		</if>
		<!-- 产品价格 -->
		<if test="price != null" >
		  price = #{price,jdbcType=DECIMAL},
		</if>
		<!-- 产品名称 -->
		<if test="pname != null" >
		  pname = #{pname,jdbcType=VARCHAR},
		</if>
		<!-- 产品编号 -->
		<if test="code != null" >
		  code = #{code,jdbcType=VARCHAR},
		</if>
        <!-- 修改日期 -->
        <if test="modifytime != null">
            modifytime = #{modifytime,jdbcType=TIMESTAMP},
        </if>
        <!-- 修改人 -->
        <if test="modifier != null">
            modifier = #{modifier,jdbcType=BIGINT},
        </if>
        <!-- 备注 -->
        <if test="remark != null">
            remark = #{remark,jdbcType=VARCHAR},
        </if>
        <!-- 校区数量 -->
        <if test="schoolCount != null">
            schoolCount = #{schoolCount,jdbcType=INTEGER},
        </if>
        <!-- 手续费率 -->
        <if test="freeRate != null">
            freeRate = #{freeRate,jdbcType=FLOAT},
        </if>
        <!-- 品牌自定义 -->
        <if test="brandFlag != null">
            brandFlag = #{brandFlag,jdbcType=TINYINT},
        </if>
        <!-- 付款限制 -->
        <if test="payLimit != null">
            payLimit = #{payLimit,jdbcType=TINYINT},
        </if>
        <!-- 降级产品 -->
        <if test="dprodId != null">
            dprodId = #{dprodId,jdbcType=BIGINT},
        </if>
        <!-- 限免截止时间 -->
        <if test="nopayTime != null">
            nopayTime = #{nopayTime,jdbcType=TIMESTAMP},
        </if>
    </set>
    where id = #{id,jdbcType=INTEGER}
  </update>
  
   <update id="updateByPars" parameterType="map">
    update ts_SaasProd
    <set>
        <!-- 所属系统 -->
		<if test="ownerSystemId != null" >
		  ownerSystemId = #{ownerSystemId,jdbcType=BIGINT},
		</if>
		<!-- 产品价格 -->
		<if test="price != null" >
		  price = #{price,jdbcType=DECIMAL},
		</if>
		<!-- 产品名称 -->
		<if test="pname != null" >
		  pname = #{pname,jdbcType=VARCHAR},
		</if>
		<!-- 产品编号 -->
		<if test="code != null" >
		  code = #{code,jdbcType=VARCHAR},
		</if>
        <!-- 修改日期 -->
        <if test="modifytime != null">
            modifytime = #{modifytime,jdbcType=TIMESTAMP},
        </if>
        <!-- 修改人 -->
        <if test="modifier != null">
            modifier = #{modifier,jdbcType=BIGINT},
        </if>
        <!-- 备注 -->
        <if test="remark != null">
            remark = #{remark,jdbcType=VARCHAR},
        </if>
        <!-- 校区数量 -->
        <if test="schoolCount != null">
            schoolCount = #{schoolCount,jdbcType=INTEGER},
        </if>
        <!-- 手续费率 -->
        <if test="freeRate != null">
            freeRate = #{freeRate,jdbcType=FLOAT},
        </if>
        <!-- 品牌自定义 -->
        <if test="brandFlag != null">
            brandFlag = #{brandFlag,jdbcType=TINYINT},
        </if>
        <!-- 付款限制 -->
        <if test="payLimit != null">
            payLimit = #{payLimit,jdbcType=TINYINT},
        </if>
        <!-- 降级产品 -->
        <if test="dprodId != null">
            dprodId = #{dprodId,jdbcType=BIGINT},
        </if>
        <!-- 限免截止时间 -->
        <if test="nopayTime != null">
            nopayTime = #{nopayTime,jdbcType=TIMESTAMP},
        </if>
    </set>
    where 1=1 
     <!-- where 条件参数必须加上 par_+wherePars参数key -->
     <!-- 
      <if test="par_id != null" >
        and id = #{par_id}
      </if>
       
     <if test="par_name != null" >
         and name like '%' || #{par_name,jdbcType=VARCHAR} || '%'
      </if>
       <if test="par_phone != null" >
        and phone = '${par_phone}'
      </if>
      -->
  </update>
  
  
  <update id="batchUpdate"  parameterType="java.util.List">  
      <foreach collection="list" item="item" index="index" open="" close="" separator=";">  
            update ts_SaasProd   
        <set>
        <!-- 所属系统 -->
		<if test="ownerSystemId != null" >
		  ownerSystemId = #{ownerSystemId,jdbcType=BIGINT},
		</if>
		<!-- 产品价格 -->
		<if test="price != null" >
		  price = #{price,jdbcType=DECIMAL},
		</if>
		<!-- 产品名称 -->
		<if test="pname != null" >
		  pname = #{pname,jdbcType=VARCHAR},
		</if>
		<!-- 产品编号 -->
		<if test="code != null" >
		  code = #{code,jdbcType=VARCHAR},
		</if>
        <!-- 修改日期 -->
        <if test="modifytime != null">
            modifytime = #{modifytime,jdbcType=TIMESTAMP},
        </if>

        <!-- 修改人 -->
        <if test="modifier != null">
            modifier = #{modifier,jdbcType=BIGINT},
        </if>
        <!-- 备注 -->
        <if test="remark != null">
            remark = #{remark,jdbcType=VARCHAR},
        </if>
        <!-- 校区数量 -->
        <if test="schoolCount != null">
            schoolCount = #{schoolCount,jdbcType=INTEGER},
        </if>
        <!-- 手续费率 -->
        <if test="freeRate != null">
            freeRate = #{freeRate,jdbcType=FLOAT},
        </if>
        <!-- 品牌自定义 -->
        <if test="brandFlag != null">
            brandFlag = #{brandFlag,jdbcType=TINYINT},
        </if>
        <!-- 付款限制 -->
        <if test="payLimit != null">
            payLimit = #{payLimit,jdbcType=TINYINT},
        </if>
        <!-- 降级产品 -->
        <if test="dprodId != null">
            dprodId = #{dprodId,jdbcType=BIGINT},
        </if>
        <!-- 限免截止时间 -->
        <if test="nopayTime != null">
            nopayTime = #{nopayTime,jdbcType=TIMESTAMP},
        </if>
        </set>
        where id = #{item.id,jdbcType=INTEGER}
     </foreach>  
  </update>  
  
  <delete id="delete" parameterType="java.lang.Long" >
    delete from ts_SaasProd
    where id = #{id,jdbcType=INTEGER}
  </delete>
  
  <!-- 根据指定的参数，删除实体 -->
  <delete id="deleteByPars" parameterType="map" >
    delete from ts_SaasProd
     where 1=1 
     
      <if test="id != null" >
        and id = #{id,jdbcType=INTEGER}
      </if>
       
     <if test="name != null" >
        and name like '%' || #{name,jdbcType=VARCHAR} || '%'
      </if>
       <if test="phone != null" >
        and phone = #{name,jdbcType=VARCHAR}
      </if>
  </delete>
  
   <delete id="deleteByIds" >
    delete from ts_SaasProd
    where id in (${ids})
  </delete>
  
  <!-- 删除所有数据 -->
  <delete id="deleteAll" >
    delete from ts_SaasProd
  </delete>
  
  <!-- 根据ID禁用或启用数据-->
  <update id="enabled">
    update ts_SaasProd
    <set>
        isenabled = #{isenabled,jdbcType=INTEGER}
    </set>
    where id=#{id,jdbcType=INTEGER}
  </update>
  
   <!-- 根据ID禁用或启用数据-->
  <update id="enabledByPars" parameterType="map">
    update ts_SaasProd
    <set>
        isenabled = #{isenabled,jdbcType=INTEGER},
        <!-- 备注 -->
        <if test="remark != null" >
            remark = #{remark,jdbcType=VARCHAR},
        </if>
        <!-- 修改人 -->
        <if test="modifier != null" >
            modifier = #{modifier},
        </if>

        <!-- 修改时间 -->
        <if test="modifytime != null" >
            modifytime = #{modifytime,jdbcType=TIMESTAMP},
        </if>
    </set>
     where 1=1 
    
      <if test="id != null" >
        and id = #{id,jdbcType=INTEGER}
      </if>

      <if test="ids != null" >
          and id in (${ids})
      </if>
     
  </update>
  
   <!-- 根据多个ID禁用或启用数据-->
  <update id="enabledByIds">
    update ts_SaasProd
    <set>
        isenabled = #{isenabled,jdbcType=INTEGER}
    </set>
    where id in (${ids})
  </update>
  
</mapper>
