<?xml version="1.0" encoding="UTF-8" ?>
<!DOCTYPE mapper PUBLIC "-//mybatis.org//DTD Mapper 3.0//EN" "http://mybatis.org/dtd/mybatis-3-mapper.dtd" >
<mapper namespace="com.cmw.dao.SmFunRightDao">
    
    <!--
        小程序模块权限
        @Author 肖家添
        @Date 2019/5/13 15:43
    -->
    
    <resultMap id="BaseResultMap" type="com.cmw.entity.SmFunRightEntity" extends="com.mybatis.BaseMapper.BaseResultMap">
        <id column="id" property="id" jdbcType="BIGINT"/>
        <!-- 功能模块ID -->
        <result column="funId" property="funId" jdbcType="BIGINT"/>
        <!-- 用户类型 -->
        <result column="utype" property="utype" jdbcType="INTEGER"/>
    </resultMap>

    <sql id="Base_Column_List">
        id, funId, utype
    </sql>

    <sql id="Base_Entity_Column">
        orgid, deptId, isenabled, remark, creator, createTime, modifier, modifytime
    </sql>

    <sql id="Base_Table">
        ts_SmFunRight
    </sql>

    <!--
        GET
        @Author 肖家添
        @Date 2019/5/10 11:39
    -->
    <select id="get" resultMap="BaseResultMap" parameterType="java.lang.Long">
        select
        <include refid="Base_Column_List"/>
        from
        <include refid="Base_Table"/>
        where id = #{id}
    </select>
    
    <!--
        获取模块权限列表
        @Author 肖家添
        @Date 2019/5/10 19:13
    -->
    <select id="getList" resultMap="BaseResultMap" parameterType="java.util.Map">
        select *
        from
        <include refid="Base_Table"/>
        where 1 = 1
        <if test="isEnabled != null">
            and isenabled = #{isEnabled}
        </if>
        <if test="uType != null">
            and utype = #{uType}
        </if>
        order by createTime desc
    </select>

    <!--
        获取总记录数
        @Author 肖家添
        @Date 2019/5/12 19:15
    -->
    <select id="getTotalsByPars" resultType="java.lang.Long" parameterType="java.util.Map">
        select count(id) as totalCount
        from
        <include refid="Base_Table"/>
        where 1 = 1
        <if test="uType != null">
            and utype = #{uType}
        </if>
    </select>

    <!--
        批量新增
        @Author 肖家添
        @Date 2019/5/14 12:42
    -->
    <insert id="batchInsert" parameterType="List" useGeneratedKeys="true" keyProperty="id">
        insert into
        <include refid="Base_Table"/>
        (
            <include refid="Base_Column_List"/>,
            <include refid="Base_Entity_Column"/>
        )
        values
        <foreach item="item" collection="list" separator=",">
            (
                #{item.id}, #{item.funId}, #{item.utype},
                #{item.orgid}, #{item.deptId}, #{item.isenabled}, #{item.remark}, #{item.creator}, #{item.createTime},
                #{item.modifier}, #{item.modifytime}
            )
        </foreach>
    </insert>

    <!--
        删除
        @Author 肖家添
        @Date 2019/5/10 19:23
    -->
    <delete id="deleteByPars" parameterType="map">
        <if test="uType != null">
            delete from
            <include refid="Base_Table"/>
            where utype = #{uType}
        </if>
    </delete>

</mapper>
