<?xml version="1.0" encoding="UTF-8" ?>
<!DOCTYPE mapper PUBLIC "-//mybatis.org//DTD Mapper 3.0//EN" "http://mybatis.org/dtd/mybatis-3-mapper.dtd" >
<mapper namespace="com.cmw.dao.SmPgFunDao">
    
    <!--
        小程序模块
        @Author 肖家添
        @Date 2019/5/13 15:43
    -->
    
    <resultMap id="BaseResultMap" type="com.cmw.entity.SmPgFunEntity" extends="com.mybatis.BaseMapper.BaseResultMap">
        <id column="id" property="id" jdbcType="BIGINT"/>
        <!-- 编号 -->
        <result column="code" property="code" jdbcType="VARCHAR"/>
        <!-- 名称 -->
        <result column="name" property="name" jdbcType="VARCHAR"/>
        <!-- 样式 -->
        <result column="iconCls" property="iconCls" jdbcType="VARCHAR"/>
        <!-- 所属功能组 -->
        <result column="funGroup" property="funGroup" jdbcType="INTEGER"/>
        <!-- 动作 -->
        <result column="action" property="action" jdbcType="VARCHAR"/>
        <!-- 排序 -->
        <result column="orderNo" property="orderNo" jdbcType="INTEGER"/>
    </resultMap>

    <resultMap id="FullResultMap" type="com.cmw.entity.SmPgFunEntity" extends="BaseResultMap">
        <association column="modifier" property="modifierUser" resultMap="com.cmw.dao.UserDao.BaseResultMap"></association>
    </resultMap>

    <sql id="Base_Column_List">
        id, code, `name`, iconCls, funGroup, `action`, orderNo
    </sql>

    <sql id="Base_Entity_Column">
        orgid, deptId, isenabled, remark, creator, createTime, modifier, modifytime
    </sql>

    <sql id="Base_Table">
        ts_SmPgFun
    </sql>

    <!--
        GET
        @Author 肖家添
        @Date 2019/5/10 11:39
    -->
    <select id="get" resultMap="BaseResultMap" parameterType="java.lang.Long">
        select
        <include refid="Base_Column_List"/>
        from
        <include refid="Base_Table"/>
        where id = #{id}
    </select>
    
    <!--
        获取模块列表
        @Author 肖家添
        @Date 2019/5/10 19:13
    -->
    <select id="getList" resultMap="FullResultMap" parameterType="java.util.Map">
        select *
        from
        <include refid="Base_Table"/> tsf
        left join ts_user tur on tur.userId = tsf.modifier
        where 1 = 1
        <if test="showEnableData != null">
            and tsf.isenabled = 1
        </if>
        <if test="showEnableData == null">
            and tsf.isenabled != -1
        </if>
        order by tsf.createTime desc
    </select>
    
    <!--
        查询工作台菜单
        @Author 肖家添
        @Date 2019/5/14 14:52
    -->
    <select id="getWorkbenchMenu" resultType="java.util.Map" parameterType="java.util.Map">
        select tsn.id, tsn.code, tsn.name, tsn.iconCls, tsn.action, tsn.funGroup
        from <include refid="Base_Table"/> tsn
        inner join ts_SmFunRight tst on tst.funId = tsn.id
        where tsn.isenabled = 1
        and tst.isenabled = 1
        and tst.utype = #{userType}

        <if test="funGroup != null">
            and tsn.funGroup = #{funGroup}
        </if>

        order by orderNo asc
    </select>

    <!--
        新增
        @Author 肖家添
        @Date 2019/5/9 23:54
    -->
    <insert id="insert" useGeneratedKeys="true" keyProperty="id" parameterType="com.cmw.entity.SmPgFunEntity">
        insert into
        <include refid="Base_Table"/>
        (
            <include refid="Base_Column_List"/>,
            <include refid="Base_Entity_Column"/>
        )
        values
        (
            #{id}, #{code}, #{name}, #{iconCls}, #{funGroup}, #{action}, #{orderNo},
            #{orgid}, #{deptId}, #{isenabled}, #{remark}, #{creator}, #{createTime}, #{modifier}, #{modifytime}
        )
    </insert>

    <!--
        更新
        @Author 肖家添
        @Date 2019/5/13 22:36
    -->
    <update id="update" parameterType="com.cmw.entity.SmPgFunEntity">
        update
        <include refid="Base_Table"/>
        <trim prefix="set" suffixOverrides=",">
            <!-- 菜单名称 -->
            <if test="name != null">
                name = #{name},
            </if>
            <!-- 菜单样式 -->
            <if test="iconCls != null">
                iconCls = #{iconCls},
            </if>
            <!-- 功能组 -->
            <if test="funGroup != null">
                funGroup = #{funGroup},
            </if>
            <!-- 动作 -->
            <if test="action != null">
                action = #{action},
            </if>
            <!-- 排序 -->
            <if test="orderNo != null">
                orderNo = #{orderNo},
            </if>
            <!-- 修改人 -->
            <if test="modifier != null">
                modifier = #{modifier},
            </if>
            <!-- 修改时间 -->
            <if test="modifytime != null">
                modifytime = #{modifytime},
            </if>
            <!-- 备注 -->
            <if test="remark != null">
                remark = #{remark},
            </if>
            <!-- 是否可用 -->
            <if test="isenabled != null">
                isenabled = #{isenabled},
            </if>
        </trim>
        where id = #{id}
    </update>

    <!--
        上架/下架/删除
        @Author 肖家添
        @Date 2019/5/9 23:55
    -->
    <update id="enabled">
        update
        <include refid="Base_Table"/>
        <set>
            isenabled = #{isenabled,jdbcType=INTEGER}
        </set>
        where id=#{id,jdbcType=INTEGER}
    </update>

    <!--
        上架/下架/删除
        @Author 肖家添
        @Date 2019/5/13 10:23
    -->
    <update id="enabledByIds">
        update
        <include refid="Base_Table"/>
        <set>
            isenabled = #{isenabled}
        </set>
        where id in (${ids})
    </update>

</mapper>
