<?xml version="1.0" encoding="UTF-8" ?>
<!DOCTYPE mapper PUBLIC "-//mybatis.org//DTD Mapper 3.0//EN" "http://mybatis.org/dtd/mybatis-3-mapper.dtd" >
<mapper namespace="com.cmw.dao.SystemDao" >
  <resultMap id="BaseResultMap" type="com.cmw.entity.SystemEntity" >
  	<id column="id" property="id" jdbcType="BIGINT" />
	<!-- 系统地址 -->
	<result column="url" property="url" jdbcType="VARCHAR"/>
	<!-- 系统编号 -->
	<result column="code" property="code" jdbcType="VARCHAR"/>
	<!-- 系统名称 -->
	<result column="name" property="name" jdbcType="VARCHAR"/>
	<!-- 拼音助记码 -->
	<result column="mnemonic" property="mnemonic" jdbcType="VARCHAR"/>
	<!-- 系统图标 -->
	<result column="icon" property="icon" jdbcType="VARCHAR"/>
	<!-- 系统简介 -->
	<result column="synopsis" property="synopsis" jdbcType="VARCHAR"/>
	<!-- 是否有更新 -->
	<result column="hasup" property="hasup" jdbcType="INTEGER"/>
	<!-- 更新方式 -->
	<result column="typeup" property="typeup" jdbcType="INTEGER"/>
	<!-- 自动更新时间 -->
	<result column="autotime" property="autotime" jdbcType="INTEGER"/>
	<!-- 最后更新时间 -->
	<result column="lastupdate" property="lastupdate" jdbcType="TIMESTAMP"/>
	<!-- 系统类型 -->
	<result column="systype" property="systype" jdbcType="INTEGER"/>

  </resultMap>
  <sql id="Base_Column_List" >
 	id,url,code,name,mnemonic,icon,synopsis,hasup,typeup,autotime,lastupdate,systype
  </sql>
  
  <select id="get" resultMap="BaseResultMap" parameterType="java.lang.Long">
   	select 
   	 <include refid="Base_Column_List" />
    from ts_System
    where id = #{id,jdbcType=INTEGER}
  </select>

  <select id="getByPars" resultMap="BaseResultMap">
   	select 
   	 <include refid="Base_Column_List" />
    from ts_System where 1=1
      <!--
          <if test="name != null" >
            and name like '%' || #{name,jdbcType=VARCHAR} || '%'
         </if>
          <if test="age != null" >
           and age = #{age}
         </if>
        -->
  </select>
  
   <select id="getList" resultMap="BaseResultMap">
   	select 
   	 <include refid="Base_Column_List" />
    from ts_System where 1=1 
    <!-- 
     <if test="name != null" >
         and name like '%' || #{name,jdbcType=VARCHAR} || '%'
      </if>
       <if test="age != null" >
        and age = #{age}
      </if>
     -->
  </select>
  
  <select id="getListMap" resultType="java.util.HashMap">
   	 select 
   	 <include refid="Base_Column_List" />
     from ts_System where 1=1
	  <if test="isenabled != null" >
		  and isenabled = #{isenabled}
	  </if>
  </select>
  
  
  <select id="getListAll" resultMap="BaseResultMap">
   	select 
   	 <include refid="Base_Column_List" />
    from ts_System where isenabled=1
  </select>
  
  
  <select id="getPageByPars" resultMap="BaseResultMap">
   	select 
   	 <include refid="Base_Column_List" />
    from ts_System where 1=1 
      <!-- 
   	  <if test="name != null" >
         and name like '%' || #{name,jdbcType=VARCHAR} || '%'
      </if>
       <if test="age != null" >
        and age = #{age}
      </if>
     -->
       order by id desc 
        <if test="offset!=null and pageSize!=null">  
	        limit #{offset},#{pageSize}
	    </if>
  </select>
  
  <!-- 获取总记录数 -->
  <select id="getTotals" resultType="java.lang.Long">
   	select count(1) as totalCount from ts_System where 1=1 
  </select>
  
   <!-- 根据参数获取总记录数 -->
  <select id="getTotalsByPars" resultType="java.lang.Long" parameterType="java.util.Map">
   	select count(1) as totalCount from ts_System where 1=1 
   	 <!-- 
     <if test="name != null" >
         and name like '%' || #{name,jdbcType=VARCHAR} || '%'
      </if>
       <if test="age != null" >
        and age = #{age}
      </if>
     -->
  </select>
  
  
  <!-- 获取最大ID -->
  <select id="getMaxID"  resultType="java.lang.Long">
   	select max(id) as maxId from ts_System where 1=1 
  </select>
  
  <insert id="insert" useGeneratedKeys="true" keyProperty="id" parameterType="com.cmw.entity.SystemEntity" >
      insert into ts_System (url,code,name,mnemonic,icon,synopsis,hasup,typeup,autotime,lastupdate,systype)
    values (#{url,jdbcType=VARCHAR},#{code,jdbcType=VARCHAR},#{name,jdbcType=VARCHAR},#{mnemonic,jdbcType=VARCHAR},#{icon,jdbcType=VARCHAR},#{synopsis,jdbcType=VARCHAR},#{hasup,jdbcType=INTEGER},#{typeup,jdbcType=INTEGER},#{autotime,jdbcType=INTEGER},#{lastupdate,jdbcType=TIMESTAMP},#{systype,jdbcType=INTEGER})
    <!--
    insert into student (name, age, phone)
    values (#{name,jdbcType=VARCHAR}, #{age,jdbcType=INTEGER}, #{phone,jdbcType=VARCHAR})
    -->
  </insert>
  
  <insert id="batchInsert" parameterType="List" useGeneratedKeys="true" keyProperty="id">
	 insert into ts_System (url,code,name,mnemonic,icon,synopsis,hasup,typeup,autotime,lastupdate,systype) values
	  <foreach item="item" collection="list" separator=",">
	    (#{url,jdbcType=VARCHAR},#{code,jdbcType=VARCHAR},#{name,jdbcType=VARCHAR},#{mnemonic,jdbcType=VARCHAR},#{icon,jdbcType=VARCHAR},#{synopsis,jdbcType=VARCHAR},#{hasup,jdbcType=INTEGER},#{typeup,jdbcType=INTEGER},#{autotime,jdbcType=INTEGER},#{lastupdate,jdbcType=TIMESTAMP},#{systype,jdbcType=INTEGER})
	  </foreach>
	<!--
	  insert into ts_System (name, age, phone) values
	  <foreach item="item" collection="list" separator=",">
	    (#{item.name}, #{item.age}, #{item.phone})
	  </foreach>
	  -->
  </insert>
  
   <update id="update" parameterType="com.cmw.entity.SystemEntity" >
    update ts_System
    <set>
    			<!-- 系统地址 -->
		<if test="url != null" >
		  url = #{url,jdbcType=VARCHAR},
		</if>
		<!-- 系统编号 -->
		<if test="code != null" >
		  code = #{code,jdbcType=VARCHAR},
		</if>
		<!-- 系统名称 -->
		<if test="name != null" >
		  name = #{name,jdbcType=VARCHAR},
		</if>
		<!-- 拼音助记码 -->
		<if test="mnemonic != null" >
		  mnemonic = #{mnemonic,jdbcType=VARCHAR},
		</if>
		<!-- 系统图标 -->
		<if test="icon != null" >
		  icon = #{icon,jdbcType=VARCHAR},
		</if>
		<!-- 系统简介 -->
		<if test="synopsis != null" >
		  synopsis = #{synopsis,jdbcType=VARCHAR},
		</if>
		<!-- 是否有更新 -->
		<if test="hasup != null" >
		  hasup = #{hasup,jdbcType=INTEGER},
		</if>
		<!-- 更新方式 -->
		<if test="typeup != null" >
		  typeup = #{typeup,jdbcType=INTEGER},
		</if>
		<!-- 自动更新时间 -->
		<if test="autotime != null" >
		  autotime = #{autotime,jdbcType=INTEGER},
		</if>
		<!-- 最后更新时间 -->
		<if test="lastupdate != null" >
		  lastupdate = #{lastupdate,jdbcType=TIMESTAMP},
		</if>
		<!-- 系统类型 -->
		<if test="systype != null" >
		  systype = #{systype,jdbcType=INTEGER},
		</if>

    <!--
      <if test="name != null" >
        name = #{name,jdbcType=VARCHAR},
      </if>
       <if test="age != null" >
        age = #{age,jdbcType=INTEGER},
      </if>
       <if test="phone != null" >
        phone = #{phone,jdbcType=VARCHAR},
      </if>
      -->
    </set>
    where id = #{id,jdbcType=INTEGER}
  </update>
  
   <update id="updateByPars" parameterType="map">
    update ts_System
    <set>
     			<!-- 系统地址 -->
		<if test="url != null" >
		  url = #{url,jdbcType=VARCHAR},
		</if>
		<!-- 系统编号 -->
		<if test="code != null" >
		  code = #{code,jdbcType=VARCHAR},
		</if>
		<!-- 系统名称 -->
		<if test="name != null" >
		  name = #{name,jdbcType=VARCHAR},
		</if>
		<!-- 拼音助记码 -->
		<if test="mnemonic != null" >
		  mnemonic = #{mnemonic,jdbcType=VARCHAR},
		</if>
		<!-- 系统图标 -->
		<if test="icon != null" >
		  icon = #{icon,jdbcType=VARCHAR},
		</if>
		<!-- 系统简介 -->
		<if test="synopsis != null" >
		  synopsis = #{synopsis,jdbcType=VARCHAR},
		</if>
		<!-- 是否有更新 -->
		<if test="hasup != null" >
		  hasup = #{hasup,jdbcType=INTEGER},
		</if>
		<!-- 更新方式 -->
		<if test="typeup != null" >
		  typeup = #{typeup,jdbcType=INTEGER},
		</if>
		<!-- 自动更新时间 -->
		<if test="autotime != null" >
		  autotime = #{autotime,jdbcType=INTEGER},
		</if>
		<!-- 最后更新时间 -->
		<if test="lastupdate != null" >
		  lastupdate = #{lastupdate,jdbcType=TIMESTAMP},
		</if>
		<!-- 系统类型 -->
		<if test="systype != null" >
		  systype = #{systype,jdbcType=INTEGER},
		</if>

    <!--
      <if test="name != null" >
        name = #{name,jdbcType=VARCHAR},
      </if>
       <if test="age != null" >
        age = #{age,jdbcType=INTEGER},
      </if>
       <if test="phone != null" >
        phone = #{phone,jdbcType=VARCHAR},
      </if>
      -->
    </set>
    where 1=1 
     <!-- where 条件参数必须加上 par_+wherePars参数key -->
     <!-- 
      <if test="par_id != null" >
        and id = #{par_id}
      </if>
       
     <if test="par_name != null" >
         and name like '%' || #{par_name,jdbcType=VARCHAR} || '%'
      </if>
       <if test="par_phone != null" >
        and phone = '${par_phone}'
      </if>
      -->
  </update>
  
  
  <update id="batchUpdate"  parameterType="java.util.List">  
      <foreach collection="list" item="item" index="index" open="" close="" separator=";">  
            update ts_System   
            <set>  
            			<!-- 系统地址 -->
		<if test="url != null" >
		  url = #{url,jdbcType=VARCHAR},
		</if>
		<!-- 系统编号 -->
		<if test="code != null" >
		  code = #{code,jdbcType=VARCHAR},
		</if>
		<!-- 系统名称 -->
		<if test="name != null" >
		  name = #{name,jdbcType=VARCHAR},
		</if>
		<!-- 拼音助记码 -->
		<if test="mnemonic != null" >
		  mnemonic = #{mnemonic,jdbcType=VARCHAR},
		</if>
		<!-- 系统图标 -->
		<if test="icon != null" >
		  icon = #{icon,jdbcType=VARCHAR},
		</if>
		<!-- 系统简介 -->
		<if test="synopsis != null" >
		  synopsis = #{synopsis,jdbcType=VARCHAR},
		</if>
		<!-- 是否有更新 -->
		<if test="hasup != null" >
		  hasup = #{hasup,jdbcType=INTEGER},
		</if>
		<!-- 更新方式 -->
		<if test="typeup != null" >
		  typeup = #{typeup,jdbcType=INTEGER},
		</if>
		<!-- 自动更新时间 -->
		<if test="autotime != null" >
		  autotime = #{autotime,jdbcType=INTEGER},
		</if>
		<!-- 最后更新时间 -->
		<if test="lastupdate != null" >
		  lastupdate = #{lastupdate,jdbcType=TIMESTAMP},
		</if>
		<!-- 系统类型 -->
		<if test="systype != null" >
		  systype = #{systype,jdbcType=INTEGER},
		</if>

			    <!--
			      <if test="name != null" >
			        name = #{name,jdbcType=VARCHAR},
			      </if>
			       <if test="age != null" >
			        age = #{age,jdbcType=INTEGER},
			      </if>
			       <if test="phone != null" >
			        phone = #{phone,jdbcType=VARCHAR},
			      </if>
			      -->
		    </set>
		    where id = #{item.id,jdbcType=INTEGER}
     </foreach>  
  </update>  
  
  <delete id="delete" parameterType="java.lang.Long" >
    delete from ts_System
    where id = #{id,jdbcType=INTEGER}
  </delete>
  
  <!-- 根据指定的参数，删除实体 -->
  <delete id="deleteByPars" parameterType="map" >
    delete from ts_System
     where 1=1 
     
      <if test="id != null" >
        and id = #{id,jdbcType=INTEGER}
      </if>
       
     <if test="name != null" >
        and name like '%' || #{name,jdbcType=VARCHAR} || '%'
      </if>
       <if test="phone != null" >
        and phone = #{name,jdbcType=VARCHAR}
      </if>
  </delete>
  
   <delete id="deleteByIds" >
    delete from ts_System
    where id in (${ids})
  </delete>
  
  <!-- 删除所有数据 -->
  <delete id="deleteAll" >
    delete from ts_System
  </delete>
  
  <!-- 根据ID禁用或启用数据-->
  <update id="enabled">
    update ts_System
    <set>
        isenabled = #{isenabled,jdbcType=INTEGER}
    </set>
    where id=#{id,jdbcType=INTEGER}
  </update>
  
   <!-- 根据ID禁用或启用数据-->
  <update id="enabledByPars" parameterType="map">
    update ts_System
    <set>
        isenabled = #{isenabled,jdbcType=INTEGER}
    </set>
     where 1=1 
    
      <if test="id != null" >
        and id = #{id,jdbcType=INTEGER}
      </if>
       
     <if test="name != null" >
         and name like '%' || #{name,jdbcType=VARCHAR} || '%'
      </if>
       <if test="phone != null" >
         and phone = #{name,jdbcType=VARCHAR}
      </if>
     
  </update>
  
   <!-- 根据多个ID禁用或启用数据-->
  <update id="enabledByIds">
    update ts_System
    <set>
        isenabled = #{isenabled,jdbcType=INTEGER}
    </set>
    where id in (${ids})
  </update>
  
</mapper>
