<?xml version="1.0" encoding="UTF-8" ?>
<!DOCTYPE mapper PUBLIC "-//mybatis.org//DTD Mapper 3.0//EN" "http://mybatis.org/dtd/mybatis-3-mapper.dtd" >
<mapper namespace="com.cmw.dao.UserDao">
    <resultMap id="BaseResultMap" type="com.cmw.entity.UserEntity">
        <id column="userId" property="userId" jdbcType="BIGINT"/>
        <!-- 公司ID -->
        <result column="incompId" property="incompId" jdbcType="BIGINT"/>
        <!-- 启用密码过期 -->
        <result column="pwdfail" property="pwdfail" jdbcType="INTEGER"/>
        <!-- 员工ID -->
        <result column="inempId" property="inempId" jdbcType="BIGINT"/>
        <!-- 姓名 -->
        <result column="empName" property="empName" jdbcType="VARCHAR"/>
        <!-- 密码 -->
        <result column="passWord" property="passWord" jdbcType="VARCHAR"/>
        <!-- 岗位ID -->
        <result column="postId" property="postId" jdbcType="BIGINT"/>
        <!-- 性别 -->
        <result column="sex" property="sex" jdbcType="INTEGER"/>
        <!-- 手机 -->
        <result column="phone" property="phone" jdbcType="VARCHAR"/>
        <!-- 拼音助记码 -->
        <result column="mnemonic" property="mnemonic" jdbcType="VARCHAR"/>
        <!-- 数据访问级别 -->
        <result column="dataLevel" property="dataLevel" jdbcType="INTEGER"/>
        <!-- 数据过滤ID列表 -->
        <result column="accessIds" property="accessIds" jdbcType="VARCHAR"/>
        <!-- 登录限制 -->
        <result column="loglimit" property="loglimit" jdbcType="INTEGER"/>
        <!-- 直属领导 -->
        <result column="leader" property="leader" jdbcType="BIGINT"/>
        <!-- 联系电话 -->
        <result column="tel" property="tel" jdbcType="VARCHAR"/>
        <!-- 账号 -->
        <result column="userName" property="userName" jdbcType="VARCHAR"/>
        <!-- 过期周期 -->
        <result column="pwdcycle" property="pwdcycle" jdbcType="INTEGER"/>
        <!-- 邮箱 -->
        <result column="email" property="email" jdbcType="VARCHAR"/>
        <!-- 部门ID -->
        <result column="indeptId" property="indeptId" jdbcType="BIGINT"/>
        <!-- 限制ip段 -->
        <result column="iplimit" property="iplimit" jdbcType="VARCHAR"/>
        <!-- 首次密码提示 -->
        <result column="pwdtip" property="pwdtip" jdbcType="INTEGER"/>
        <!-- 用户类型 -->
        <result column="utype" property="utype" jdbcType="VARCHAR"/>
        <!-- 创建人 -->
        <result column="creator" property="creator" jdbcType="BIGINT"/>
        <!-- 创建时间 -->
        <result column="createTime" property="createTime" jdbcType="TIMESTAMP"/>
        <!-- 创建机构 -->
        <result column="orgid" property="orgid" jdbcType="BIGINT"/>
        <!-- 创建部门 -->
        <result column="deptId" property="deptId" jdbcType="BIGINT"/>
        <!-- 可用标识 -->
        <result column="isenabled" property="isenabled" jdbcType="TINYINT"/>
        <!-- 修改日期 -->
        <result column="modifytime" property="modifytime" jdbcType="TIMESTAMP"/>
        <!-- 修改人 -->
        <result column="modifier" property="modifier" jdbcType="BIGINT"/>
        <!-- 备注 -->
        <result column="remark" property="remark" jdbcType="VARCHAR"/>
    </resultMap>
    <sql id="Base_Column_List">
 	userId,incompId,pwdfail,inempId,empName,passWord,postId,sex,phone,mnemonic,dataLevel,accessIds,loglimit,
 	leader,tel,userName,pwdcycle,email,indeptId,iplimit,pwdtip,utype,
 	creator,createTime,orgid,deptId,isenabled,modifytime,modifier,remark
  </sql>

    <select id="get" resultMap="BaseResultMap" parameterType="java.lang.Long">
        select
        <include refid="Base_Column_List"/>
        from ts_user
        where userId = #{id,jdbcType=INTEGER}
    </select>


    <select id="getByPars" resultMap="BaseResultMap">
        select
        <include refid="Base_Column_List"/>
        from ts_user
        where isenabled = 1

        <if test="userName != null">
            and userName = #{userName}
        </if>
        <if test="phone != null">
            and phone = #{phone}
        </if>
        <if test="inempId != null">
            and inempId = #{inempId}
        </if>
        <if test="openid != null" >
            and openid = #{openid}
        </if>
        <if test="userId != null" >
            and userId = #{userId}
        </if>
        limit 1
    </select>

    <select id="getList" resultMap="BaseResultMap">
        select
        <include refid="Base_Column_List"/>
        from ts_user where 1=1

        <if test="phone != null">
            and phone = #{phone,jdbcType=VARCHAR}
        </if>
        <!--  <if test="age != null" >
           and age = #{age}
         </if>
        -->
    </select>

    <!-- 获取用户基本信息 用户缓存当中 (ADD:cmw 2020-09-07 15:07) -->
    <select id="getUserBaseInfos" resultType="java.util.HashMap">
      select userId,userName,empName from ts_user
       where isenabled=1 and userId in (${userIds})
    </select>

    <select id="getListMap" resultType="java.util.HashMap">
        select
        <include refid="Base_Column_List"/>
        from ts_user where 1=1
        <!--
           <if test="name != null" >
            and name like '%' || #{name,jdbcType=VARCHAR} || '%'
         </if>
          <if test="age != null" >
           and age = #{age}
         </if>
        -->
    </select>


    <select id="getListAll" resultMap="BaseResultMap">
        select
        <include refid="Base_Column_List"/>
        from ts_user where 1=1
    </select>

    <select id="getPageByPars" resultType="java.util.Map" parameterType="java.util.Map">
        select tur.userId as id, tur.*, tee.`name` as employeeName, modifierTur.empName as modifierName,
        (select overTre.id from ts_urole overTue inner join ts_role overTre on overTue.roleId = overTre.id where overTue.userId = tur.userId order by overTue.id desc limit 1) as employeeRoleId,
        (select overTre.`name` from ts_urole overTue inner join ts_role overTre on overTue.roleId = overTre.id where overTue.userId = tur.userId order by overTue.id desc limit 1) as employeeRoleName
        from ts_user tur
        left join ts_employee tee on tee.id = tur.inempId
        left join ts_user modifierTur on modifierTur.userId = tur.modifier
        where tur.isenabled != -1
        and if(tee.id is not NULL, tee.isenabled = 1, 1 = 1)
        <if test="name != null">
            and tur.userName like CONCAT('%',#{name},'%')
        </if>
        <if test="userName != null">
            and tur.userName like CONCAT('%',#{userName},'%')
        </if>
        <if test="empName != null">
            and tur.empName like CONCAT('%',#{empName},'%')
        </if>
        <if test="phone != null">
            and tur.phone like CONCAT('%',#{phone},'%')
        </if>
        order by tur.createTime desc
    </select>

    <!-- 当新增或修改时判断指定的信息是否存在 -->
    <select id="exist" resultType="java.lang.Integer">
        select count(1) from ts_user where isenabled=1
        <if test="vtype == 1 and (vval != null and vval != '')">
            and userName = #{vval,jdbcType=VARCHAR}
        </if>
        <if test="vtype == 2 and (vval != null and vval != '')">
            and phone = #{vval,jdbcType=VARCHAR}
        </if>

        <!-- 修改时，要排除自身去检查是否与其它用户的帐号或手机号存在冲突 -->
        <if test="userId != null">
            and userId != #{userId,jdbcType=BIGINT}
        </if>
    </select>

    <!-- 获取总记录数 -->
    <select id="getTotals" resultType="java.lang.Long">
   	select count(1) as totalCount from ts_user where 1=1
  </select>


    <!-- 根据参数获取总记录数 -->
    <select id="getTotalsByPars" resultType="java.lang.Long" parameterType="java.util.Map">
        select count(1) as totalCount from ts_user where 1=1
        <!--
     <if test="name != null" >
         and name like '%' || #{name,jdbcType=VARCHAR} || '%'
      </if>
       <if test="age != null" >
        and age = #{age}
      </if>
     -->
    </select>


    <!-- 获取最大ID -->
    <select id="getMaxID" resultType="java.lang.Long">
   	select max(id) as maxId from ts_user where 1=1
    </select>


    <insert id="insert" useGeneratedKeys="true" keyProperty="userId" parameterType="com.cmw.entity.UserEntity">
      insert into ts_user (incompId,pwdfail,inempId,empName,passWord,postId,sex,phone,mnemonic,dataLevel,accessIds,userId,
      loglimit,leader,tel,userName,pwdcycle,email,indeptId,iplimit,pwdtip,utype,
      creator,createTime,orgid,deptId,isenabled,remark)
    values (#{incompId,jdbcType=BIGINT},#{pwdfail,jdbcType=INTEGER},#{inempId,jdbcType=BIGINT},#{empName,jdbcType=VARCHAR},#{passWord,jdbcType=VARCHAR},#{postId,jdbcType=BIGINT},#{sex,jdbcType=INTEGER},#{phone,jdbcType=VARCHAR},#{mnemonic,jdbcType=VARCHAR},#{dataLevel,jdbcType=INTEGER},#{accessIds,jdbcType=VARCHAR},#{userId,jdbcType=BIGINT},#{loglimit,jdbcType=INTEGER},#{leader,jdbcType=BIGINT},#{tel,jdbcType=VARCHAR},#{userName,jdbcType=VARCHAR},#{pwdcycle,jdbcType=INTEGER},
    #{email,jdbcType=VARCHAR},#{indeptId,jdbcType=BIGINT},#{iplimit,jdbcType=VARCHAR},#{pwdtip,jdbcType=INTEGER},#{utype,jdbcType=VARCHAR},
    #{creator,jdbcType=BIGINT}, #{createTime,jdbcType=TIMESTAMP},#{orgid,jdbcType=BIGINT},#{deptId,jdbcType=BIGINT},#{isenabled,jdbcType=TINYINT},
    #{remark,jdbcType=VARCHAR})
  </insert>

    <insert id="batchInsert" parameterType="List" useGeneratedKeys="true" keyProperty="id">
        insert into ts_user (incompId,pwdfail,inempId,empName,passWord,postId,sex,phone,mnemonic,dataLevel,
        accessIds,userId,loglimit,leader,tel,userName,pwdcycle,email,indeptId,iplimit,pwdtip,utype) values
        <foreach item="item" collection="list" separator=",">
            (#{incompId,jdbcType=BIGINT},#{pwdfail,jdbcType=INTEGER},#{inempId,jdbcType=BIGINT},#{empName,jdbcType=VARCHAR},
            #{passWord,jdbcType=VARCHAR},#{postId,jdbcType=BIGINT},#{sex,jdbcType=INTEGER},#{phone,jdbcType=VARCHAR},
            #{mnemonic,jdbcType=VARCHAR},#{dataLevel,jdbcType=INTEGER},#{accessIds,jdbcType=VARCHAR},#{userId,jdbcType=BIGINT},
            #{loglimit,jdbcType=INTEGER},#{leader,jdbcType=BIGINT},#{tel,jdbcType=VARCHAR},#{userName,jdbcType=VARCHAR},
            #{pwdcycle,jdbcType=INTEGER},#{email,jdbcType=VARCHAR},#{indeptId,jdbcType=BIGINT},#{iplimit,jdbcType=VARCHAR},
            #{pwdtip,jdbcType=INTEGER}, #{utype,jdbcType=VARCHAR})
        </foreach>
    </insert>

    <update id="update" parameterType="com.cmw.entity.UserEntity">
        update ts_user
        <trim prefix="set" suffixOverrides=",">
            <!-- 公司ID -->
            <if test="incompId != null">
                incompId = #{incompId,jdbcType=BIGINT},
            </if>
            <!-- 启用密码过期 -->
            <if test="pwdfail != null">
                pwdfail = #{pwdfail,jdbcType=INTEGER},
            </if>
            <!-- 员工ID -->
            <if test="inempId != null">
                inempId = #{inempId,jdbcType=BIGINT},
            </if>
            <!-- 姓名 -->
            <if test="empName != null">
                empName = #{empName,jdbcType=VARCHAR},
            </if>
            <!-- 密码 -->
            <if test="passWord != null">
                passWord = #{passWord,jdbcType=VARCHAR},
            </if>
            <!-- 岗位ID -->
            <if test="postId != null">
                postId = #{postId,jdbcType=BIGINT},
            </if>
            <!-- 性别 -->
            <if test="sex != null">
                sex = #{sex,jdbcType=INTEGER},
            </if>
            <!-- 手机 -->
            <if test="phone != null">
                phone = #{phone,jdbcType=VARCHAR},
            </if>
            <!-- 拼音助记码 -->
            <if test="mnemonic != null">
                mnemonic = #{mnemonic,jdbcType=VARCHAR},
            </if>
            <!-- 数据访问级别 -->
            <if test="dataLevel != null">
                dataLevel = #{dataLevel,jdbcType=INTEGER},
            </if>
            <!-- 数据过滤ID列表 -->
            <if test="accessIds != null">
                accessIds = #{accessIds,jdbcType=VARCHAR},
            </if>
            <!-- 登录限制 -->
            <if test="loglimit != null">
                loglimit = #{loglimit,jdbcType=INTEGER},
            </if>
            <!-- 直属领导 -->
            <if test="leader != null">
                leader = #{leader,jdbcType=BIGINT},
            </if>
            <!-- 联系电话 -->
            <if test="tel != null">
                tel = #{tel,jdbcType=VARCHAR},
            </if>
            <!-- 账号 -->
            <if test="userName != null">
                userName = #{userName,jdbcType=VARCHAR},
            </if>
            <!-- 过期周期 -->
            <if test="pwdcycle != null">
                pwdcycle = #{pwdcycle,jdbcType=INTEGER},
            </if>
            <!-- 邮箱 -->
            <if test="email != null">
                email = #{email,jdbcType=VARCHAR},
            </if>
            <!-- 部门ID -->
            <if test="indeptId != null">
                indeptId = #{indeptId,jdbcType=BIGINT},
            </if>
            <!-- 限制ip段 -->
            <if test="iplimit != null">
                iplimit = #{iplimit,jdbcType=VARCHAR},
            </if>
            <!-- 首次密码提示 -->
            <if test="pwdtip != null">
                pwdtip = #{pwdtip,jdbcType=INTEGER},
            </if>
            <!-- 用户类型 -->
            <if test="utype != null">
                utype = #{utype,jdbcType=VARCHAR},
            </if>
            <!-- 首次密码提示 -->
            <if test="isenabled != null">
                isenabled = #{isenabled},
            </if>
        </trim>
        where userId = #{userId,jdbcType=INTEGER}
    </update>

    <update id="updateByPars" parameterType="map">
        update ts_user
        <set>
            <!-- 公司ID -->
            <if test="incompId != null">
                incompId = #{incompId,jdbcType=BIGINT},
            </if>
            <!-- 启用密码过期 -->
            <if test="pwdfail != null">
                pwdfail = #{pwdfail,jdbcType=INTEGER},
            </if>
            <!-- 员工ID -->
            <if test="inempId != null">
                inempId = #{inempId,jdbcType=BIGINT},
            </if>
            <!-- 姓名 -->
            <if test="empName != null">
                empName = #{empName,jdbcType=VARCHAR},
            </if>
            <!-- 密码 -->
            <if test="passWord != null">
                passWord = #{passWord,jdbcType=VARCHAR},
            </if>
            <!-- 岗位ID -->
            <if test="postId != null">
                postId = #{postId,jdbcType=BIGINT},
            </if>
            <!-- 性别 -->
            <if test="sex != null">
                sex = #{sex,jdbcType=INTEGER},
            </if>
            <!-- 手机 -->
            <if test="phone != null">
                phone = #{phone,jdbcType=VARCHAR},
            </if>
            <!-- 拼音助记码 -->
            <if test="mnemonic != null">
                mnemonic = #{mnemonic,jdbcType=VARCHAR},
            </if>
            <!-- 数据访问级别 -->
            <if test="dataLevel != null">
                dataLevel = #{dataLevel,jdbcType=INTEGER},
            </if>
            <!-- 数据过滤ID列表 -->
            <if test="accessIds != null">
                accessIds = #{accessIds,jdbcType=VARCHAR},
            </if>
            <!-- 用户ID -->
            <if test="userId != null">
                userId = #{userId,jdbcType=BIGINT},
            </if>
            <!-- 登录限制 -->
            <if test="loglimit != null">
                loglimit = #{loglimit,jdbcType=INTEGER},
            </if>
            <!-- 直属领导 -->
            <if test="leader != null">
                leader = #{leader,jdbcType=BIGINT},
            </if>
            <!-- 联系电话 -->
            <if test="tel != null">
                tel = #{tel,jdbcType=VARCHAR},
            </if>
            <!-- 账号 -->
            <if test="userName != null">
                userName = #{userName,jdbcType=VARCHAR},
            </if>
            <!-- 过期周期 -->
            <if test="pwdcycle != null">
                pwdcycle = #{pwdcycle,jdbcType=INTEGER},
            </if>
            <!-- 邮箱 -->
            <if test="email != null">
                email = #{email,jdbcType=VARCHAR},
            </if>
            <!-- 部门ID -->
            <if test="indeptId != null">
                indeptId = #{indeptId,jdbcType=BIGINT},
            </if>
            <!-- 限制ip段 -->
            <if test="iplimit != null">
                iplimit = #{iplimit,jdbcType=VARCHAR},
            </if>
            <!-- 首次密码提示 -->
            <if test="pwdtip != null">
                pwdtip = #{pwdtip,jdbcType=INTEGER},
            </if>
            <!-- 用户类型 -->
            <if test="utype != null">
                utype in (${utype,jdbcType=VARCHAR}),
                <!--utype = #{utype,jdbcType=VARCHAR},-->
            </if>
        </set>
        where 1=1
        <!-- where 条件参数必须加上 par_+wherePars参数key -->
        <if test="par_id != null">
            and userId = #{par_id}
        </if>
    </update>


    <update id="batchUpdate" parameterType="java.util.List">
        <foreach collection="list" item="item" index="index" open="" close="" separator=";">
            update ts_user
            <set>
                <!-- 公司ID -->
                <if test="incompId != null">
                    incompId = #{incompId,jdbcType=BIGINT},
                </if>
                <!-- 启用密码过期 -->
                <if test="pwdfail != null">
                    pwdfail = #{pwdfail,jdbcType=INTEGER},
                </if>
                <!-- 员工ID -->
                <if test="inempId != null">
                    inempId = #{inempId,jdbcType=BIGINT},
                </if>
                <!-- 姓名 -->
                <if test="empName != null">
                    empName = #{empName,jdbcType=VARCHAR},
                </if>
                <!-- 密码 -->
                <if test="passWord != null">
                    passWord = #{passWord,jdbcType=VARCHAR},
                </if>
                <!-- 岗位ID -->
                <if test="postId != null">
                    postId = #{postId,jdbcType=BIGINT},
                </if>
                <!-- 性别 -->
                <if test="sex != null">
                    sex = #{sex,jdbcType=INTEGER},
                </if>
                <!-- 手机 -->
                <if test="phone != null">
                    phone = #{phone,jdbcType=VARCHAR},
                </if>
                <!-- 拼音助记码 -->
                <if test="mnemonic != null">
                    mnemonic = #{mnemonic,jdbcType=VARCHAR},
                </if>
                <!-- 数据访问级别 -->
                <if test="dataLevel != null">
                    dataLevel = #{dataLevel,jdbcType=INTEGER},
                </if>
                <!-- 数据过滤ID列表 -->
                <if test="accessIds != null">
                    accessIds = #{accessIds,jdbcType=VARCHAR},
                </if>
                <!-- 用户ID -->
                <if test="userId != null">
                    userId = #{userId,jdbcType=BIGINT},
                </if>
                <!-- 登录限制 -->
                <if test="loglimit != null">
                    loglimit = #{loglimit,jdbcType=INTEGER},
                </if>
                <!-- 直属领导 -->
                <if test="leader != null">
                    leader = #{leader,jdbcType=BIGINT},
                </if>
                <!-- 联系电话 -->
                <if test="tel != null">
                    tel = #{tel,jdbcType=VARCHAR},
                </if>
                <!-- 账号 -->
                <if test="userName != null">
                    userName = #{userName,jdbcType=VARCHAR},
                </if>
                <!-- 过期周期 -->
                <if test="pwdcycle != null">
                    pwdcycle = #{pwdcycle,jdbcType=INTEGER},
                </if>
                <!-- 邮箱 -->
                <if test="email != null">
                    email = #{email,jdbcType=VARCHAR},
                </if>
                <!-- 部门ID -->
                <if test="indeptId != null">
                    indeptId = #{indeptId,jdbcType=BIGINT},
                </if>
                <!-- 限制ip段 -->
                <if test="iplimit != null">
                    iplimit = #{iplimit,jdbcType=VARCHAR},
                </if>
                <!-- 首次密码提示 -->
                <if test="pwdtip != null">
                    pwdtip = #{pwdtip,jdbcType=INTEGER},
                </if>
                <!-- 用户类型 -->
                <if test="utype != null">
                    utype = #{utype,jdbcType=VARCHAR},
                </if>
            </set>
            where userId = #{item.id,jdbcType=INTEGER}
        </foreach>
    </update>

    <delete id="delete" parameterType="java.lang.Long">
    delete from ts_user
    where userId = #{id,jdbcType=INTEGER}
  </delete>

    <!-- 根据指定的参数，删除实体 -->
    <delete id="deleteByPars" parameterType="map">
        delete from ts_user
        where 1=1

        <if test="id != null">
            and userId = #{id,jdbcType=INTEGER}
        </if>

        <if test="name != null">
            and name like '%' || #{name,jdbcType=VARCHAR} || '%'
        </if>
        <if test="phone != null">
            and phone = #{name,jdbcType=VARCHAR}
        </if>
    </delete>

    <delete id="deleteByIds">
    delete from ts_user
    where userId in (${ids})
  </delete>

    <!-- 删除所有数据 -->
    <delete id="deleteAll">
    delete from ts_user
  </delete>

    <!-- 根据ID禁用或启用数据-->
    <update id="enabled">
        update ts_user
        <set>
            isenabled = #{isenabled,jdbcType=INTEGER}
        </set>
        where userId=#{id,jdbcType=INTEGER}
    </update>

    <!-- 根据ID禁用或启用数据-->
    <update id="enabledByPars" parameterType="map">
        update ts_user
        <set>
            isenabled = #{isenabled,jdbcType=INTEGER}
        </set>
        where 1=1

        <if test="id != null">
            and userId = #{id,jdbcType=INTEGER}
        </if>

        <if test="name != null">
            and name like '%' || #{name,jdbcType=VARCHAR} || '%'
        </if>
        <if test="phone != null">
            and phone = #{name,jdbcType=VARCHAR}
        </if>

    </update>

    <!-- 根据多个ID禁用或启用数据-->
    <update id="enabledByIds">
        update ts_user
        <set>
            isenabled = #{isenabled,jdbcType=INTEGER}
        </set>
        where userId in (${ids})
    </update>

</mapper>
