<?xml version="1.0" encoding="UTF-8"?>
<beans xmlns="http://www.springframework.org/schema/beans"  
    xmlns:xsi="http://www.w3.org/2001/XMLSchema-instance"       
    xmlns:p="http://www.springframework.org/schema/p"  
    xmlns:context="http://www.springframework.org/schema/context"   
    xmlns:tx="http://www.springframework.org/schema/tx"  
    xmlns:aop="http://www.springframework.org/schema/aop"  
    xsi:schemaLocation="  
            http://www.springframework.org/schema/beans    
            http://www.springframework.org/schema/beans/spring-beans-3.1.xsd    
            http://www.springframework.org/schema/aop    
            http://www.springframework.org/schema/aop/spring-aop-3.1.xsd    
            http://www.springframework.org/schema/tx    
            http://www.springframework.org/schema/tx/spring-tx-3.1.xsd    
            http://www.springframework.org/schema/context    
            http://www.springframework.org/schema/context/spring-context-3.1.xsd">  
    
    <!-- 使Spring关注Annotation -->
    <context:annotation-config/>
      <!-- 让Spring通过自动扫描来查询和管理Bean -->
    <context:component-scan base-package="com.cmw"/>
     <tx:annotation-driven proxy-target-class="true"/>
     
	<bean
		class="org.springframework.beans.factory.config.PropertyPlaceholderConfigurer">
		<property name="locations">
			<value>classpath:jdbc.properties</value>
		</property>
	</bean>

    <!-- CEP0 DataSource -->
    <!--
    <bean id="dataSource" class="com.mchange.v2.c3p0.ComboPooledDataSource"  
        destroy-method="close">  
        <property name="driverClass" value="com.mysql.jdbc.Driver" />  
        <property name="jdbcUrl"   
            value="jdbc:mysql://127.0.0.1:3306/skythink" />  
        <property name="user" value="root" />  
        <property name="password" value="root" />  
    </bean>  
   -->  
  
   <!-- Druid DataSource -->
	<bean id="dataSource" class="com.alibaba.druid.pool.DruidDataSource" init-method="init" destroy-method="close"> 
	    <property name="url" value="${jdbc_url}" />
	    <property name="username" value="${jdbc_user}" />
	    <property name="password" value="${jdbc_password}" />
	    <property name="filters" value="stat" />
	    <property name="maxActive" value="20" />
	    <property name="initialSize" value="1" />
	    <property name="maxWait" value="60000" />
	    <property name="minIdle" value="1" />
	    <property name="timeBetweenEvictionRunsMillis" value="3000" />
	    <property name="minEvictableIdleTimeMillis" value="300000" />
	    <property name="validationQuery" value="SELECT 'x'" />
	    <property name="testWhileIdle" value="true" />
	    <property name="testOnBorrow" value="false" />
	    <property name="testOnReturn" value="false" />
	    <property name="poolPreparedStatements" value="true" />
	    <property name="maxPoolPreparedStatementPerConnectionSize" value="20" />
	</bean>
  	
      <bean id="sessionFactory"  
        class="org.springframework.orm.hibernate4.LocalSessionFactoryBean"  
        p:dataSource-ref="dataSource"    
        p:configLocation="classpath:hibernate.cfg.xml" >
        <property name="packagesToScan" value="com/cmw/entity/"></property>
    </bean>

    
    <!-- 配置事务管理器 -->
    <bean id="transactionManager" 
         class="org.springframework.orm.hibernate4.HibernateTransactionManager"  
        p:sessionFactory-ref="sessionFactory" />  
    
    <!-- 配置事务的传播特性 -->
    <tx:advice id="txAdvice" transaction-manager="transactionManager">
        <tx:attributes>
            <tx:method name="save*" propagation="REQUIRED" />
            <tx:method name="update*" propagation="REQUIRED" />
            <tx:method name="delete*" propagation="REQUIRED" />
             <tx:method name="get*" propagation="REQUIRED" read-only="true"/>
            <tx:method name="*" read-only="true" />
        </tx:attributes>
    </tx:advice>
    
    <!-- 那些类的哪些方法参与事务 -->
    <aop:config>
        <aop:pointcut id="allServiceMethod" expression="execution(* com.cmw.core.base.dao.*.*.*(..))" />
        <aop:advisor pointcut-ref="allServiceMethod" advice-ref="txAdvice" />
    </aop:config>
    
    
   <!-- ********** == Activiti5.10 == 配置  START  ***********-->
  <bean id="processEngineConfiguration" class="org.activiti.spring.SpringProcessEngineConfiguration">
    <property name="dataSource" ref="dataSource" />
    <property name="transactionManager" ref="transactionManager" />
    <property name="databaseSchemaUpdate" value="true" />
    <property name="mailServerHost" value="localhost" />
    <property name="mailServerPort" value="5025" />
    <property name="jobExecutorActivate" value="false" />
  </bean>
  
  <bean id="processEngine" class="org.activiti.spring.ProcessEngineFactoryBean">
    <property name="processEngineConfiguration" ref="processEngineConfiguration" />
  </bean>
  
  <bean id="repositoryService" factory-bean="processEngine" factory-method="getRepositoryService" />
  <bean id="runtimeService" factory-bean="processEngine" factory-method="getRuntimeService" />
  <bean id="taskService" factory-bean="processEngine" factory-method="getTaskService" />
  <bean id="historyService" factory-bean="processEngine" factory-method="getHistoryService" />
  <bean id="managementService" factory-bean="processEngine" factory-method="getManagementService" />
   <!-- ********** == Activiti5.10 配置  END == *********** -->
</beans>
