<?xml version='1.0' encoding='utf-8'?>
<!DOCTYPE hibernate-configuration PUBLIC
        "-//Hibernate/Hibernate Configuration DTD 3.0//EN"
        "http://hibernate.sourceforge.net/hibernate-configuration-3.0.dtd">

<hibernate-configuration>

   <session-factory>

        <!-- Database connection settings -->
         <!-- Hibernate 默认连接池配置    --> 
      <!--  
        <property name="connection.driver_class">com.mysql.jdbc.Driver</property>
        <property name="connection.url">jdbc:mysql://localhost:3306/ssh_annotation</property>
        <property name="connection.username">root</property>
        <property name="connection.password">root</property>
         -->
       <!-- c3p0 配置    --> 
        <!--
		<property name="hibernate.connection.provider_class">org.hibernate.connection.C3P0ConnectionProvider</property>   
		<property name="hibernate.c3p0.max_size">20</property>   
		<property name="hibernate.c3p0.min_size">5</property>   
		<property name="hibernate.c3p0.timeout">120</property>   
		<property name="hibernate.c3p0.max_statements">100</property>   
		<property name="hibernate.c3p0.idle_test_period">120</property>   
		<property name="hibernate.c3p0.acquire_increment">2</property>   
  		-->
  		
        <!-- proxool 配置 -->   
        <!--
		<property name="hibernate.connection.provider_class">org.hibernate.connection.ProxoolConnectionProvider</property>   
		<property name="hibernate.proxool.pool_alias">assdb</property>   
		<property name="hibernate.proxool.xml">proxool_cfg.xml</property>  
		-->
	   <!-- 显示实际操作数据库时的SQL -->
        <property name="show_sql">true</property>
        <property name="format_sql">true</property>
        <!-- 数据库言 -->
        <property name="dialect">org.hibernate.dialect.MySQLDialect</property>
         
         <property name="hibernate.current_session_context_class">org.springframework.orm.hibernate4.SpringSessionContext</property>
        
        <property name="hibernate.cache.use_second_level_cache">false</property>
		<property name="hibernate.cache.use_query_cache">false</property> 

         <!-- 在控制台打印SQL语句 -->
        <property name="show_sql">true</property>
        <!-- 自动把实体类与属性映射成数据库中的表与列 -->
        <property name="hbm2ddl.auto">update</property>
		<property name="hibernate.cache.provider_class">org.hibernate.cache.EhCacheProvider</property>
         <property name="connection.autocommit">true</property>
         <!-- 在Hibernate中注册User实体类,区别于上面注释掉的resource写法 -->
        <!--<mapping class="com.cmw.entity.UserEntity"/>  -->

    </session-factory>

</hibernate-configuration>

